LAURA FERNÁNDEZ,ÁLVARO RAMOS,ARIEL ROBLES,CLAUDIA DOBLES,RESTO
49.97318842474115,22.621345983122072,15.023595463755028,12.381761950176358,0.00010817820537646823
50.82219288853157,26.244802640687315,13.227704247057021,9.70522792995767,7.229376640130846e-05
53.29997152755242,22.801377078103652,11.787853676485428,12.110720001508504,7.771634999617446e-05
49.90494561302072,22.826503830080096,15.804686783314198,11.463786565747206,7.720783776966496e-05
52.46703793997547,24.13478053034145,12.502170281597525,10.895921977510243,8.927057531556544e-05
57.2563474534649,21.35606279905397,12.610760435057225,8.7767189314407,0.0001103809832163993
51.51781181594921,27.656343905919833,10.523915631151983,10.30184580492167,8.284205729819472e-05
50.089648665080524,23.0932015945486,15.883500983902668,10.93356654659741,8.220987078533705e-05
54.81206211133046,20.645676901806283,14.462547296724635,10.07963491253257,7.877760605337113e-05
54.8228528635732,21.492788175533022,13.603760824496975,10.080502863608064,9.527278874819578e-05
54.824615594196345,23.171708044801154,11.722032923412963,10.281548382253776,9.505533573571197e-05
49.85759160788848,24.460807363536315,14.688409099999875,10.993082292107735,0.00010963646757719478
55.585277693288724,22.85603300807067,11.4524162170151,10.106166789474182,0.00010629215132677308
48.304164444473194,25.493189856259995,14.694380982895321,11.508172103296419,9.261307506209187e-05
52.27420232080553,22.17978455334719,14.940055713656944,10.605861486103084,9.59260872649832e-05
52.78975884023098,19.876225841602988,16.164157686247563,11.169753370969616,0.00010426094885041331
49.87326399629479,28.723863887174705,11.010787279215622,10.391988831472611,9.600584229193677e-05
50.225784362148055,22.797495380292226,15.591068136310318,11.385539114742963,0.00011300650644466527
46.31824766072903,27.470058562218767,15.460119807767061,10.751499798787968,7.417049718126254e-05
49.13316470801963,23.835621488503623,15.872331610560991,11.158776685594678,0.0001055073210841702
50.56871448819519,24.516061693760577,15.026656586582401,9.88849243344508,7.479801675842345e-05
58.98171317467076,17.365176652963125,13.478038536396589,10.174992773586425,7.886238309159796e-05
48.853409525549196,23.839297988108694,14.099102663886578,13.208108695508185,8.112694735012505e-05
56.42780222240397,20.779705209586506,12.17041797599329,10.621982115863286,9.247615294172839e-05
58.42396587619879,21.178755774886895,11.48817850745949,8.909023660606863,7.618084796074897e-05
49.78005836594826,29.523487380286074,11.763917530515045,8.932449938374267,8.678487635935164e-05
54.5222738413784,26.51826935738339,11.122127973063307,7.837256052844707,7.277533019439977e-05
50.389574899952294,23.917927283193148,14.093360218138674,11.599019573521609,0.00011802519426736283
46.89089035803526,27.617467911505017,13.195835043286822,12.29569204849909,0.00011463867382861295
56.267306930672234,19.312762180548546,14.420900461692826,9.998940202197568,9.022488883790398e-05
53.70174447731235,20.00062501466711,14.63053996542797,11.66699587289485,9.466969772410072e-05
47.76263015003244,22.879095640670297,16.973928055243615,12.384252126290399,9.40277632546974e-05
46.73398237904936,28.404844737358502,13.454891567057887,11.406173435261527,0.00010788127274385374
45.19880776267182,27.816390837381633,14.779153464666583,12.205532966360495,0.00011496891945948263
53.35078444814051,24.3685539347768,11.7961571312614,10.484418996486719,8.54893345799466e-05
53.20825985120429,26.259128816847554,11.228340484501414,9.30417460148894,9.624595781106265e-05
55.861612462241816,23.012905952989136,13.136738934021297,7.988632728954226,0.00010992179352622115
50.65538618403336,26.48827765108238,13.739332000930988,9.116927790199234,7.63737540386659e-05
55.72698060349871,20.141047381022474,13.559323022214326,10.57257226872857,7.672453591738093e-05
45.03835170055635,23.15627727558996,17.51033656337043,14.29491061725444,0.0001238432288401221
58.35141565921135,20.91251602170113,12.505679164388836,8.230311061280823,7.809341788098292e-05
48.899120755885214,24.47937943903714,15.974037238394578,10.647360698047258,0.00010186863581430738
48.79264309227198,21.20492301244189,17.92460636257757,12.077723094759584,0.00010443794897042778
49.966319827011304,26.88960805908885,13.61532842299708,9.528627406117582,0.00011628478516872984
57.532749273212666,20.656962274393546,11.123087121662978,10.6871112818085,9.004892229824143e-05
45.77840895434675,28.16297701572701,15.089994048466718,10.968521702828099,9.827863142846358e-05
50.17798107839623,26.86067128037325,13.144517338233047,9.816739758989005,9.054400846727192e-05
51.64951585500543,26.866099749538495,12.128246049520389,9.356030047435691,0.00010829849999373528
50.209322815354675,27.616801328112473,10.81702666452212,11.35673493445664,0.00011425755409138847
46.96831726189363,25.35337323466177,15.123333416943527,12.554870689652379,0.00010539684869444818
45.88697309932979,28.3656194542884,15.734748507487122,10.012569218531164,8.972036351812333e-05
54.349027435587956,23.915343434330865,11.953277285606116,9.78226982878678,8.201568827408193e-05
52.50848523816737,22.901240446485083,12.15675170933847,12.433446174822008,7.64311870605963e-05
51.81542198976299,24.4015849758149,11.57027808747387,12.212640419822343,7.452712589710838e-05
58.17679194934121,22.58104732181674,10.766539208556484,8.475518595549513,0.00010292473604268384
52.27422316090586,24.67417847822143,12.489360453302861,10.56213648874111,0.00010141882873138248
52.032798631088674,19.932733532837325,16.552969054221382,11.48138802850676,0.00011075334586235082
50.90240610539772,22.0077562600821,15.335494361673401,11.75424113660398,0.00010213624278574833
53.23568845516711,24.281211847329224,13.076468988163509,9.406530395604305,0.00010031373586234427
55.25051159160598,22.840446400574795,12.583509707952127,9.325437520952685,9.477891442726104e-05
52.121607246748894,23.409586849536705,13.037784060800659,11.430927630250935,9.421266280768428e-05
59.53599781582402,17.89932749821976,11.062320359031832,11.50227249250413,8.183442025804831e-05
46.88859047977541,25.227665237058783,14.999503700958194,12.88415027845854,9.030374906850276e-05
53.35504693963331,25.10613790221523,11.891668801325075,9.647068513206031,7.784362036295859e-05
56.80219163188403,20.763178118485783,11.146726348002092,11.287820312063806,8.358956429038963e-05
56.531493684580205,20.091349211627318,12.362793428843014,11.014269433993018,9.424095643153943e-05
48.99125290136032,26.32714367441335,12.974802267124714,11.706700993952715,0.00010016314888611033
47.84529112295684,24.802057711032596,14.45467692397025,12.89787298336506,0.00010125867526105542
50.172861058904516,25.477387400076427,14.00195545066712,10.347713208730577,8.288162135716595e-05
53.90927273760874,20.12818663518373,13.69921693469552,12.263239059085093,8.463342693123232e-05
57.17965867756804,22.574413232324588,10.313907942793135,9.931914019765127,0.00010612754912593592
46.60247983251316,26.6292901858603,14.89250467645203,11.87562223357469,0.00010307159982767253
57.79797519581378,20.082155889010295,11.134425858991685,10.985371839843488,7.121634074270723e-05
48.42027670217752,24.00646986433958,14.60721456933938,12.965948106182926,9.075796059603762e-05
53.25267770397007,23.23723261539833,13.026985583521897,10.483013176058433,9.092105127418246e-05
44.93265860416009,26.538150832737596,15.09674762190229,13.432335945889104,0.00010699531091240833
43.780630529096626,25.629340600940658,17.91506360950158,12.674852514034779,0.0001127464263660189
47.787675250798756,26.528606477509758,13.769309591366833,11.91429224162553,0.00011643869912048764
47.901656943176896,28.477916723592177,14.030936304705671,9.589407438863107,8.258966214598502e-05
52.86294167005381,23.584974164237927,13.336401570621238,10.215600746466626,8.184862039462793e-05
56.7640796275713,22.89981593761693,10.258245395051441,10.077789546793786,6.949296652079038e-05
52.448693236265655,24.038798204641704,13.143403215685423,10.369011725491914,9.361791531658373e-05
54.577981811698926,22.275811899689426,11.75513737441308,11.390974809344849,9.410485370498685e-05
55.398783492495355,23.313153475224723,12.539308948214813,8.748654591753425,9.949231168984752e-05
45.11019007376898,30.9632619236846,11.665015648560374,12.261430153071863,0.00010220091416750628
53.56187460595196,24.090231565337184,12.417779874939425,9.930024596008101,8.93577633418538e-05
54.61969939349331,20.996572347588742,12.2367705721039,12.146867762889745,8.992392430654947e-05
53.59616616186402,20.82037150455819,14.080003842856085,11.503375264927406,8.322579430744218e-05
41.14295106038303,31.390300544858913,17.25782957070336,10.208815335824205,0.0001034882304772972
53.22702049763143,24.13729461797563,12.469746832917522,10.165856872948286,8.117852712550842e-05
55.22759547565569,23.40688596644879,11.534114715651086,9.831302606833956,0.0001012354104804802
56.626897216543824,20.239008702853305,13.709262062278096,9.424753238120612,7.878020418019296e-05
52.432951839544394,22.201747311129967,16.922686395387814,8.442525538342464,8.891559535725865e-05
51.79537619702982,23.098236717203772,13.030769086352487,12.075544025151355,7.397426256629773e-05
51.78095103486243,26.15879618049642,13.88650923713104,8.173663422550263,8.012495984313026e-05
52.79006648449487,20.692020700533746,14.386291812148677,12.131544219954247,7.678286847221256e-05
49.81373421497276,26.940009941760408,14.014320544423065,9.23182359477613,0.00011170406764847025
54.91379254134612,20.781483529342413,13.690019897035771,10.614627423334204,7.66089415118558e-05
54.375350615496046,21.081158291417964,13.411791547255033,11.13161132561892,8.822021203019582e-05
51.23425149127577,26.14163670307469,11.705592047370118,10.918427183144335,9.25751350886152e-05
54.656686762685005,23.31254536209898,12.442948535646785,9.587728039709043,9.129986018542364e-05
54.481209984760746,24.508891308308968,11.252485414854126,9.757329294008283,8.399806785867421e-05
49.13877392954906,25.868378031715057,13.226567106916898,11.766190876957863,9.005486112951857e-05
53.817915041311736,22.31244388412268,15.281078644868169,8.588465992721964,9.643697545397243e-05
47.710026028165025,29.88933623086482,12.47684806718672,9.923694828034948,9.484574847959097e-05
50.965294288747224,26.5683430512467,13.556112283934175,8.910156612203249,9.37638686731162e-05
54.24506812147681,20.418250670500054,14.317253624761412,11.019343989870102,8.359339162902939e-05
54.36497181458021,18.985236265316466,15.163603784426586,11.486093420512253,9.471516449643133e-05
54.945814732589405,26.15258316941912,10.463184410004322,8.43833738376247,8.030422467283206e-05
51.57443096118065,21.967490040725675,14.241609414079948,12.216382116358684,8.74676550558264e-05
48.61832588146289,27.210872543915844,12.29600516396485,11.874708341326018,8.806933041229656e-05
54.67355340089783,20.111452416447083,13.762503135031151,11.452399095717187,9.195190674156927e-05
47.69862828649407,25.304672130560945,16.979525974233624,10.017068804394768,0.00010480431659769367
51.97001852436757,24.31113774844109,13.481069465155073,10.23766547791597,0.00010878412031188934
49.08453367210548,25.506761850932513,14.293265993582574,11.115348985240143,8.949813930738208e-05
52.95606004296446,24.540054240327017,12.48079530406275,10.023023616825256,6.679582050640131e-05
50.31185869814991,21.875419874906036,16.547451442647606,11.265163959062848,0.00010602523358690396
54.65651929895821,21.804094317611362,12.933413421950887,10.60588335601889,8.960546065986753e-05
53.4952142897502,22.964890249985338,13.11729137586247,10.42253563076145,6.845364053116059e-05
50.13611296790626,25.342782061475745,12.0818747444772,12.439141138979878,8.908716093200547e-05
44.95040359304593,25.873510736417625,18.133587680768233,11.042389781621962,0.00010820814625793986
43.722921589777464,31.53821478299269,13.303801747906293,11.43497029154606,9.158777748851224e-05
49.20717822178579,24.231528426733778,15.56452368442772,10.996640075381139,0.00012959167159261328
52.24933715837062,23.833711325025035,13.82960141292421,10.087233184794252,0.000116918885881986
54.893443352145745,21.921652806074043,12.364648430924225,10.820171017775385,8.439308059185321e-05
47.9022232003515,25.146239067428205,14.88261847165939,12.068835944344492,8.331621639871813e-05
56.200831870212376,18.70564538935418,13.506422275261814,11.587021413642443,7.905152918578265e-05
53.95526089425688,23.705860756980897,13.580478563832735,8.758305816791573,9.396813789524598e-05
50.33967743638716,20.87116389385,14.499621627332687,14.289451476717204,8.556571292786834e-05
55.44051750145057,22.384683029185283,12.430091472883285,9.744632217936413,7.577854447931151e-05
53.283614593654995,22.432411335760108,14.474277745608385,9.809599650226218,9.667475030170276e-05
54.20605402310863,23.444182582959534,12.763261954348634,9.586420347349593,8.10922336090382e-05
54.3893063618781,21.582111590139487,14.355458020184072,9.673054891496129,6.91363022222751e-05
56.167323118146406,20.529200235407334,13.425077237948946,9.878323444105353,7.596439195873635e-05
49.75553162705663,27.21842681094195,12.683311160515734,10.34264208770099,8.831378471277133e-05
56.186351245046936,20.27624513161633,13.289286567053008,10.248033461351257,8.359493246089275e-05
55.43243516991734,19.51992524779995,14.400223469621295,10.647325758329599,9.035433182937688e-05
46.04070192437901,25.908825328327108,13.89546501342998,14.154922420316826,8.53135470930673e-05
50.53462756034583,23.085032668195545,15.94936934932279,10.430885162322836,8.525981300900158e-05
57.996535885396185,20.165336318970702,11.538833045075764,10.29921939829862,7.53522587152504e-05
49.96498995696888,28.926114312551004,10.530172359670223,10.578630505028572,9.286578131906291e-05
54.602271866242425,21.45697861943491,11.42534405199624,12.515319523028568,8.593929784633672e-05
48.01716849493428,26.087100928444446,13.73614579880907,12.159475044536494,0.00010973327571845684
47.1658532865124,27.19358048006694,14.39104121161423,11.249435623258673,8.939854775426557e-05
51.0205117817413,23.358247966113396,15.43102815029846,10.19011755245454,9.45493922924244e-05
57.95717081765309,21.250380605162846,11.981237103907553,8.811131185097699,8.028817881365689e-05
55.158296977991895,18.523947515613525,16.470058942751933,9.847623888530899,7.26751117548243e-05
49.10443026669341,21.868708826921036,16.21141661356815,12.815356986512679,8.730630473436304e-05
53.27907170905281,22.80684438495884,15.195281511885566,8.718725216950098,7.717715269876848e-05
55.07486502763725,20.95343587612994,13.242139408804007,10.72947942355266,8.026387613557446e-05
50.342620563444044,29.423964466648865,12.809835491706309,7.423498006762215,8.147143853951013e-05
52.611986135915565,23.541745631527785,12.006520767904064,11.839647747910146,9.971674245735503e-05
44.71987190738984,25.66908907081636,18.099807369745026,11.51109704695295,0.00013460509583565543
52.88275290471366,25.61808419574605,12.290226055733108,9.208853084105689,8.375970149776445e-05
58.252607342363326,19.980312265595934,11.434764185995707,10.332231044715039,8.516132998657204e-05
54.44266666122969,19.672304955468732,15.069607528463264,10.815319410376711,0.00010144446160986772
54.0530816765643,22.101815423383712,14.211684197360347,9.63332329455507,9.540813656847225e-05
55.18249223674921,19.34865177935395,12.709483576003525,12.759282071037656,9.033685565572162e-05
52.39975024453604,23.29570875973996,11.916023286270686,12.388410681941492,0.00010702751180900284
46.51963807890976,30.278214108204537,12.842971624630618,10.359083345367338,9.284288773911188e-05
47.50297811690332,27.29582500909313,12.826113764387406,12.374984906290699,9.820332545256905e-05
57.56426190188484,20.65178432392651,11.743186071100675,10.040690396815537,7.730627244023668e-05
56.017164564090585,22.234025458009082,12.133712262170542,9.615020154913244,7.756081654082817e-05
55.1125232094668,20.164900819806792,15.55378978806529,9.168709198882892,7.698377821618639e-05
52.009529602931295,25.89456032575289,13.08909757372058,9.00673782283048,7.467476474560318e-05
51.157127515219514,25.668866686439724,12.668555204832515,10.505369401052105,8.119245613718693e-05
50.67289047670195,25.430835773401512,12.315190893245177,11.580989536000304,9.332065104982758e-05
50.29522913686322,23.06653559334425,15.990684488483984,10.647452915285132,9.786602342797637e-05
54.8170261971353,22.12176665746899,13.335791332797431,9.725334555188757,8.125740951807505e-05
46.13744280482517,28.586689107986274,15.464190801558328,9.811577372040272,9.991358994008894e-05
54.42846551974432,25.900138462083373,10.789909394512547,8.881401729069212,8.489459055243586e-05
57.14603537996852,20.160939739801137,14.577335673603663,8.115612201497774,7.700512891387803e-05
52.52824194852161,23.590434768301368,11.791446986930584,12.089779242973602,9.70532728450517e-05
50.749424179560556,23.755945448563327,13.473140922378462,12.021387533201167,0.00010191629649864152
54.29017048427981,20.407110601651944,14.31691352547685,10.985736881351329,6.850724006734835e-05
53.26701726420071,25.183735963906663,12.712096003281298,8.837064915787728,8.585282360166325e-05
48.83753069696849,28.20783252111079,10.594556943864086,12.359982681883537,9.715617308989161e-05
51.244980719190735,27.027020204060975,12.46523142516294,9.262703780551117,6.387103423353994e-05
47.59612252857567,27.57549394341706,13.910377825739786,10.917888672265788,0.00011703000168291922
53.09962145348587,23.12597034727578,12.772438879339449,11.00187867008934,9.064980955550231e-05
53.69191613229155,27.64539480354584,10.687457114550329,7.975154337174785,7.761243749032577e-05
52.9431898900839,24.721420582877606,12.438095560486511,9.897208615041905,8.535151008497795e-05
51.32918187584694,25.225975003853566,13.538154622325122,9.906583345433589,0.00010515254077917381
48.50702200405531,26.50016408577568,12.73305852446126,12.259658722901275,9.666280648554591e-05
51.147096758763745,23.331235396499693,15.009411920054823,10.51218364582034,7.227886139306334e-05
51.096030708490034,26.128193694951975,13.767610871559341,9.008080820452271,8.390454637803047e-05
57.753623307197344,20.387576419607292,11.975308980556454,9.883395034337378,9.625830152555431e-05
57.57753108159258,21.418675400343954,11.341994600594457,9.661718140168048,8.077730095337878e-05
54.686788740186806,22.897188432041116,11.844656129111058,10.57127758280715,8.911585387522251e-05
53.63732374932094,20.94563860857853,15.176655208878048,10.240302055913386,8.037730909049847e-05
52.368719015439694,23.534050627978214,12.722408629356922,11.374744413446752,7.731377841325903e-05
51.18220721378998,26.612418402467835,13.180909108936905,9.024377432392953,8.784241234312957e-05
49.754843024065,25.69727352628822,13.432434413215919,11.115354177932716,9.485849812367191e-05
51.24130170465602,19.403745337940567,16.147034646516747,13.20781982961076,9.848127591119467e-05
49.995893626073155,22.264193068118864,14.410400384064692,13.32942913533581,8.378640746877273e-05
55.81019044559679,24.019174675102086,9.924361625911157,10.24618107223792,9.218115204836572e-05
48.37767648112049,21.548458777023534,17.621902985531598,12.451874100872201,8.765545217047005e-05
59.49825792325145,21.884818514332576,9.182240171655682,9.434604510684137,7.888007613732419e-05
47.84695328601974,23.59745094920151,16.670377974098503,11.88513061284247,8.717783780422942e-05
54.05386968265184,20.862830810820416,14.090625228415071,10.992590759610179,8.351850249480138e-05
52.880505705651125,24.044999888722206,13.657418192153385,9.416997275203281,7.89382700001266e-05
56.56378626909178,20.742052335312458,11.567233969672948,11.126855456821511,7.196910130941592e-05
57.77037046811104,20.550325409352112,12.93224192230989,8.746973731495554,8.846873140386374e-05
51.41244316631415,25.191257579058213,13.10897280887425,10.287208476109386,0.00011796964401962061
49.454073315742406,27.142136791100086,12.567413451881759,10.836267060175757,0.00010938109999038061
49.53859719733131,25.31589257073934,15.26493885584079,9.88047510802586,9.6268062700359e-05
52.62255789897701,25.389460406287228,12.9078384860069,9.080065893154353,7.731557452675179e-05
52.4883547955346,24.011948280264747,12.79079843020219,10.708809322397661,8.917160080504094e-05
59.46386758147586,18.71498562046445,12.91688642156509,8.904177787003615,8.2589490990119e-05
55.972918215402515,20.798368461193625,12.262079851095681,10.966539928850397,9.354345778239299e-05
53.303029431362546,24.037886595882803,12.255847456840986,10.403150075039038,8.644087462003894e-05
46.695452460989515,30.058157851264856,13.831792353858532,9.414506014562676,9.131932442593269e-05
52.90539315228335,23.432048034715933,12.893970026232562,10.768499235319538,8.955144860686212e-05
48.06153686888667,26.562771978550664,16.247382632333572,9.128219554528606,8.896570050374919e-05
51.69502086994784,25.526763261116077,12.24756559958645,10.530551286433647,9.898291597632595e-05
47.96413550578748,27.574036073626434,13.913700546173105,10.548034808723747,9.306568923833171e-05
51.11803024006719,21.281479065314077,16.450268896315414,11.150118253058338,0.0001035452449678127
51.437636970482856,22.712286244289047,15.048139064152947,10.801848696944308,8.902413086065778e-05
50.64092804037818,25.446988633927646,14.219881058702748,9.692114903017233,8.736397419071175e-05
49.15672488044245,22.03127490872481,17.090762423563703,11.7211425316859,9.525558315006586e-05
55.60219184716825,21.817540327942574,12.33712393607449,10.243064486354868,7.940245981861233e-05
45.628644369744386,30.640797087598088,13.511537394885778,10.218929813740253,9.133403149618305e-05
54.54220818961926,22.180407168047914,12.649827480819972,10.627486373502887,7.078800996926677e-05
49.4278120952969,24.89799940910979,15.466401066346505,10.207696571858712,9.085738808063173e-05
61.315595473113746,19.28177522263094,10.785429264819879,8.617115197797856,8.484163755989882e-05
51.34041697773187,24.693899957267224,13.536672337185873,10.42891436352881,9.636428619730426e-05
55.73810621203473,20.40630965648302,14.668200317927843,9.187292220603577,9.15929508211759e-05
50.71743042160903,23.492309003848554,15.495244427105574,10.29492570153383,9.044590300876228e-05
55.372505045874846,22.334268438033583,11.313829088468474,10.979317800087664,7.962753541464943e-05
58.346830192832954,22.97884199527728,9.605771697940003,9.068477137277672,7.897667207832916e-05
51.734685318504326,21.594783984204792,14.864490862693325,11.805949386468292,9.044812926858573e-05
51.779284732020905,25.8847895721747,10.189781777155085,12.146044052752625,9.986589670840136e-05
49.80199887662749,26.100987697490126,12.830839391242643,11.266092493511172,8.154112857284405e-05
53.54528820367512,23.101052058615714,13.757634837313933,9.595919190010198,0.00010571038503481983
52.504464996973255,25.622287787808467,12.550314600935206,9.322845768565548,8.684571752018155e-05
57.289310423926786,19.45346442888483,12.64854265753312,10.608590201463706,9.228819155844334e-05
53.57855216352814,21.182253449235933,13.75748785298468,11.481605154185655,0.00010138006559276166
55.535602629619376,22.087833035669107,12.52898602645081,9.847501794914377,7.651334632070652e-05
53.94987708530608,21.11703516943887,16.237730773888998,8.695268396645737,8.857472030098075e-05
58.079116980252124,15.636034722379755,14.959142549324897,11.325608072528862,9.767551436938427e-05
50.30862261167307,22.937032425201373,13.167079257886208,13.587178299199332,8.740604001664096e-05
57.67309551070415,21.227083156387895,12.32703680735102,8.772698393251222,8.613230570361521e-05
42.80543860702817,28.634082823051216,14.372626618723402,14.18775730684091,9.464435629455683e-05
54.15695924457285,21.870304557706206,12.766940659253834,11.205681461317415,0.0001140771497004788
54.07978146879162,21.439205844963073,14.516390802828779,9.964540141595538,8.174182100750206e-05
50.65038187722061,20.83688278310092,15.64003717017483,12.872606272050687,9.189745295149823e-05
49.09775895787934,25.60138781018325,14.852891281634278,10.447878246960368,8.370334275273916e-05
53.63642608446847,24.68234889396731,12.260233211285314,9.420908565477902,8.324480099480306e-05
56.873120521790455,24.224826437394512,9.567248911308127,9.334716405282506,8.772422441573452e-05
46.94663275396643,25.460164208986996,16.16874088142174,11.4243577909033,0.0001043647215378602
52.153619887627755,27.88225340786974,10.973311432850439,8.99073759488297,7.767676909408557e-05
57.24484270162829,16.642564951685184,14.399382308190606,11.713138336305857,7.170219005036321e-05
59.29177103790407,19.444175438129662,12.20946355812345,9.054507088528945,8.287731387274751e-05
53.417444923188995,20.997018618993685,14.858977788526781,10.726455930684974,0.0001027386055620068
54.11324753981902,24.095331862595696,11.430311281486501,10.36102760089651,8.17152022589034e-05
56.201187331445844,21.41145320645692,12.773883842504688,9.613384568349677,9.10512428643622e-05
57.11655671654062,18.389100592718105,13.833991553511723,10.660268430011008,8.270721854781208e-05
54.31427072264783,24.187576100003955,12.10385348895578,9.394223867979024,7.582041340805902e-05
49.45034322813213,26.358490197717344,14.650954796481782,9.540093105012529,0.00011867265621059355
49.295713989881534,24.396827477153376,13.580476266029647,12.726893800585525,8.846634992195102e-05
52.253097640079396,25.11083047948907,12.36923412260753,10.266766550792546,7.120703145769264e-05
57.76444273250316,23.16057705926921,10.358299543823458,8.716608608281195,7.205612297057477e-05
53.886269865934324,22.904002385873422,12.83424732260679,10.375401980391338,7.844519412730298e-05
49.67382657529611,25.133461994595656,14.142664351063244,11.049964288715016,8.279032997005123e-05
46.61679738625082,26.67558423007921,15.772147761949654,10.93536131674671,0.00010930497359705436
50.88515141352615,23.977811714590736,14.195986689519938,10.940979188659352,7.099370379565036e-05
48.6741222247914,21.412295742475777,16.504079203885134,13.40939085613745,0.0001119727102295045
46.13851601909372,28.248721969265013,15.027308796023393,10.585351909779774,0.0001013058380938968
49.818232857241796,26.072219633769826,12.609777832307135,11.499680290518338,8.938616290099047e-05
52.77594415064636,24.413104197466577,11.542664852771228,11.268190131988852,9.666712696262157e-05
52.28289768843951,23.05725313308157,13.904838812723469,10.754914553942603,9.58118128405378e-05
50.1921801857357,25.419576998461764,12.91304348848541,11.475115121394982,8.42059221568664e-05
47.71672126723429,28.83502745256846,11.429435743825321,12.01871887334663,9.666302529461737e-05
54.81111920841369,22.72250724953521,13.72275260303875,8.743538983434325,8.195557801850018e-05
48.49757467956185,26.015262716845406,14.77027727615869,10.71679289707062,9.243036341539235e-05
62.160383439985445,16.882882465650436,9.1791557286835,11.777501294036675,7.707164393236378e-05
47.10252082875195,25.59584312561961,14.91735555150193,12.38419007047774,9.042364879492649e-05
56.78921643281719,22.519683560503204,11.183746269123095,9.507273060237893,8.067731860498574e-05
51.68115018994882,22.392533651890435,13.901802086633728,12.024434021674539,8.004985248225572e-05
54.10213792612502,24.571119199221087,12.456703627786023,8.869966933495698,7.231337217468243e-05
49.65622547304162,24.56999092229465,13.998805745890813,11.774879696946899,9.816182601099186e-05
44.96887577065574,24.75488064956894,16.208308372686794,14.0678269477381,0.00010825935042827091
50.97371583973178,22.77408481959528,16.236339380893895,10.015773016693371,8.694308565278194e-05
47.738585286957964,25.804626081470282,14.398574248222179,12.05812043524355,9.394810602065286e-05
49.350812380328804,27.8000328090242,13.211511857781543,9.637552531195084,9.042167035278251e-05
49.3084840850848,27.333131814571754,11.95205962809373,11.406243959553072,8.051269665737673e-05
55.54285281996898,20.60832281164139,12.71786897850502,11.13085248475378,0.00010290513082296253
56.6375958082077,20.00915191674016,14.339607961502162,9.013560303966724,8.400958325134684e-05
58.92071503701961,20.199881889600668,10.454774874717373,10.424546095634737,8.21030276255718e-05
48.95826864910165,26.957160054492252,13.735263009872762,10.349227313163414,8.09733699192577e-05
52.901116196948514,22.76431145694098,12.65835124475865,11.676114420156235,0.00010668119561520768
48.77459601297473,26.07623930272906,12.903174214079952,12.245901565560386,8.890465587887462e-05
52.56630993535133,25.022632800355005,13.554674191784006,8.856287401901932,9.567060773477445e-05
48.49389826087985,21.295500662836275,18.11208546861658,12.098411605466195,0.00010400220109921837
56.789001381070584,22.38126370172418,12.005712854516085,8.823933551227855,8.851146131637714e-05
58.17863783257824,17.64818946643498,13.676039665473109,10.49706561609239,6.741942128507537e-05
53.30660254466668,24.853609714280697,11.37502923804437,10.464683784922382,7.471808586576389e-05
53.24436686690163,19.94956840435276,13.689905583729347,13.116070100575861,8.904444040260539e-05
53.007169301114864,22.94296247860889,13.302995128834805,10.746792455972946,8.063546849303361e-05
51.157832100525354,24.55451991584436,12.766742924216686,11.520816353599393,8.870581421303805e-05
57.362164908744454,22.91434739208561,11.11125384272414,8.612149659372255,8.419707353642076e-05
51.730676153831354,24.375393927915727,12.03318849883573,11.860650062694381,9.13567228015169e-05
55.817346257919844,21.691852161094133,12.585978133593942,9.904736160761052,8.728663104078818e-05
55.04106220994527,20.14777193777561,14.278064120781565,10.53302357804214,7.815345542835793e-05
56.90773065255977,20.735550796521824,12.415218919429282,9.9414223071744,7.732431470362333e-05
56.39665241289139,22.651908103756462,10.94514683321837,10.006198742388689,9.39077450804269e-05
51.969690385586965,24.577420416276503,12.70485011691541,10.747931233556802,0.00010784766432524188
52.81159268234045,21.76802103175212,13.988698827411367,11.431604049383933,8.340911215026324e-05
51.46559300399046,23.350130822529984,16.349483857992702,8.834691579102822,0.00010073638401397598
57.057312844410056,18.628230959467253,14.517199638852746,9.797181309019791,7.524825014096012e-05
55.4335294332156,25.348169028150863,9.968783828075775,9.249419465536626,9.824502113614129e-05
43.78367422717828,28.127689745006567,17.474371525033423,10.61417293505133,9.156773039819023e-05
50.6497060720901,24.22140562112804,14.193450382642304,10.935349060172259,8.886396730868356e-05
57.884005684720606,20.20786290343406,12.075734120162732,9.83230505574718,9.22359354247325e-05
54.03557714984968,21.994238882761938,13.155105506342721,10.814989807751722,8.865329395044979e-05
51.75896094469666,26.49034581900557,13.162489068552006,8.588125463929162,7.870381659629905e-05
49.83796361242472,29.52917675153866,11.24532925734302,9.387447124754129,8.325393948232731e-05
52.18509107505821,25.992467351184047,11.904532115537938,9.917822010102856,8.744811695375262e-05
54.96670772348481,23.39731631176042,10.490185593519174,11.14572129817372,6.907306186302323e-05
52.82426777285476,21.87874853402832,14.25101313377309,11.04588049589316,9.006345066796495e-05
49.08299086590646,25.307428933962473,15.20593570155958,10.403540455361249,0.00010404321023637011
51.30466317809636,26.52226073027162,12.887380424011116,9.285610175379562,8.549224135274846e-05
52.356576486768944,25.904914592602346,12.322338798217679,9.416092583094454,7.753931658155088e-05
51.4950461185486,25.59739767915532,13.296375006707335,9.611082150806116,9.904478262304681e-05
51.65939680760715,22.10366958665127,14.112945770340838,12.123896630743673,9.120465705212293e-05
51.71640756878006,24.04917912877178,13.881069712818356,10.353268224467804,7.53651619885798e-05
52.7901234535266,24.624641663696924,12.451513726291173,10.133644512913639,7.664357165996456e-05
53.54284170844373,24.51224056778264,10.395090272428932,11.549736059943747,9.139140095426173e-05
44.56515527240001,31.62034549645189,12.786562115780217,11.027845728751327,9.138661657145095e-05
51.81986156139743,24.170733012091375,13.948351230720926,10.060966748001233,8.744778903674088e-05
53.583145723936184,23.50318585838268,12.088501149129335,10.825076766299285,9.050225248693329e-05
51.89814510557977,25.948817230556436,10.397169029857162,11.755773297282708,9.533672393579511e-05
56.01149026977647,21.913667721607556,11.538959240784509,10.53579427854265,8.848928880786109e-05
56.88939073266336,20.916688749035533,11.940376881064212,10.253448924954583,9.471228231179669e-05
55.34047140576986,21.990297260627198,11.181975609674987,11.487169080902834,8.664302510795976e-05
52.787779554576794,22.48241127603097,14.29239221413361,10.43733228538663,8.466987198669498e-05
50.649245003242505,26.535113027766116,12.264550293448897,10.550969923865566,0.0001217516769283613
53.8660805649775,19.347267546589258,15.21797100471044,11.568596636207985,8.424751482524897e-05
60.20869286584139,18.626651489737213,12.018725469019422,9.145834190133488,9.598526847534314e-05
46.446914267568225,30.00024403085621,13.11467117355215,10.43807198380146,9.854422195440987e-05
53.66517674405868,22.757122170031113,13.00699119952869,10.570629906074876,7.998030664018197e-05
51.91715568345514,23.763136445751826,13.348348189494594,10.971274692951349,8.498834710081916e-05
57.452541160703475,20.576236407414957,11.530403137171577,10.440727009146292,9.228556368986737e-05
50.67060678455124,24.7999985500819,15.162679895998155,9.366624484205586,9.028516312100864e-05
49.220333731710696,23.772154605978745,15.975994510635125,11.031401687582475,0.00011546409295552626
50.484812248242775,27.467737960540056,12.439896705553515,9.607454797981122,9.828768253841655e-05
51.09853603941721,25.682738921118474,13.707594931170522,9.511047732418826,8.237587497351047e-05
53.34883636357948,23.938171092262706,11.93296585929282,10.779923507158095,0.00010317770689103436
52.24800381820599,23.036077436748318,15.265543124487776,9.450287448395645,8.817216225725586e-05
53.278446116251764,26.020330073018506,10.59292532877145,10.108218919395776,7.956256249618857e-05
51.95204260706456,22.34768434353135,14.135990897942799,11.564195589739613,8.65617216759818e-05
51.15197213150239,23.647008214216385,13.967426217169235,11.23350892579417,8.451131782567555e-05
50.22857298531317,23.43458642301986,15.169165156287745,11.16758616159131,8.927378790836413e-05
47.372243939660876,25.179795455109648,14.762035183453476,12.685826387475174,9.903430082050777e-05
49.21148214743964,27.522227111187092,12.588475549604825,10.677727699157499,8.749261093837835e-05
48.15790293897851,26.18129201918762,14.332168486419055,11.328532157739653,0.00010439767515411051
56.6265299652417,22.429477610518227,11.88447545259596,9.059422460949978,9.451069411660296e-05
46.35549450816996,29.148688079102165,11.996916659802553,12.498810148166632,9.060475870538259e-05
51.369709920216955,25.102486191686644,13.811686930755714,9.716016700545314,0.00010025679536652226
55.23777121343566,24.506070644943552,11.21449472007147,9.041596300414529,6.712113478542457e-05
51.29447840144587,23.39606827311859,13.170629263525083,12.138737865291295,8.619661916664214e-05
54.701798947101125,19.263864750645936,15.782102173440249,10.252146163731386,8.796508130510447e-05
55.052377281827994,19.45670775846201,15.843943302449691,9.646878344804511,9.331245579810135e-05
58.028787707090636,20.06602272969483,12.055877938787482,9.849238555965334,7.306846171866954e-05
49.53513295934168,25.111576395479997,13.008979120414157,12.34421283276773,9.869199642729337e-05
49.41646275020239,24.716779281292517,14.69193053029172,11.174731825358455,9.561285493464697e-05
57.32815896995446,23.64983955538522,10.278462321215946,8.743468981804039,7.017164032891262e-05
50.849605870444826,24.21888416901621,11.154315512928939,13.77711135745864,8.309015138170787e-05
55.942989331221206,21.91451657636552,13.627626127451254,8.514776485832984,9.147912903031516e-05
49.881059926629156,21.020104897045062,15.64141241060292,13.457317789522428,0.00010497620041760666
54.43795939460385,24.2218136687922,11.500822037399047,9.839318408086685,8.649111819891119e-05
51.73373769159528,24.583549991421112,15.022195349875519,8.660424377828454,9.258927963630427e-05
55.65758510425765,19.320475917465348,15.587087938740375,9.434765596065144,8.544347148989217e-05
46.92465467127807,29.358638319366793,13.290272463364577,10.426329302809036,0.0001052431815256616
52.09148360007774,23.924660565746766,13.804295640353365,10.179462941524392,9.725229774910622e-05
55.069080291928074,20.52067501262362,14.947471624934469,9.462691024802087,8.204571175288354e-05
54.68723578276631,24.158320288389564,11.068705967506196,10.085653235995368,8.472534256513957e-05
57.776074977805116,19.2944535113391,13.079279867531051,9.850096292806027,9.53505186956607e-05
51.24367000593112,23.351456112581186,15.652752791375235,9.75201707388704,0.00010401622540957565
54.538701581846915,20.715396250169793,13.98732336944573,10.758489257247861,8.954128972004845e-05
47.798241763360274,26.474020459224214,15.355879576281117,10.371752816978013,0.00010538415640089
53.74549202086645,23.445467614603093,11.73512736325273,11.073831123223385,8.187805436747485e-05
51.970115963611796,21.11318990566473,16.814310751243337,10.102268336555174,0.00011504292497231603
55.68516025166621,21.11341065777811,11.804114311200484,11.397234031201155,8.074815402967399e-05
48.70945379759056,24.842742864298188,13.133913509262282,13.313784817789436,0.0001050110595291222
50.69467446156985,26.08854060268297,12.763455743187418,10.453256903403432,7.228915633306157e-05
54.1413006157117,22.45777443716137,13.532142568787014,9.868686959052072,9.541928784167538e-05
45.31863994636778,26.745449931290832,15.896951009223695,12.038866660788687,9.24523290214437e-05
49.78369572311668,28.518235223842975,12.800521553342833,8.897457445940926,9.005375659428612e-05
48.54333663453681,26.46628341415368,14.580124586952733,10.4101711887606,8.417559617353468e-05
49.368797109969385,27.823336112566178,11.421064476428196,11.38670917484453,9.31261917110469e-05
50.888920504055356,20.898030843124626,17.19139747557795,11.021529003300826,0.00012217394122760212
52.653257005074494,25.63579371757317,10.914556311390118,10.796312510376687,8.04555855122819e-05
56.62915362936813,19.759303674440925,12.97790429639242,10.63355832460487,8.007519364243162e-05
50.83855277376578,23.567571870280005,15.487894472858532,10.105886205096208,9.467799948269133e-05
51.10435933793759,26.002778002425586,13.13534964949325,9.75743671368482,7.629645877165316e-05
54.209516962778935,22.53555675422642,11.715278579281216,11.539560240965734,8.746274769826384e-05
48.851867020074124,23.95585089092088,15.65743430652135,11.534756080863557,9.170162008549735e-05
52.56565789484144,22.84989444689848,15.233712881333467,9.350656176246972,7.860067964211589e-05
47.755848930578786,26.93812700608872,14.626471486701274,10.679472324608067,8.02520231712462e-05
47.55633517706023,28.635077981955035,13.23763823512685,10.570839314393405,0.00010929146449084578
49.902422256535125,22.307789638263042,15.480873895609463,12.308813164448514,0.00010104514386758926
56.35214562227371,19.381067385835255,13.271645142559754,10.995055646826495,8.620250477105286e-05
51.31439095062691,24.712853470649897,13.040361048414622,10.93230223756534,9.229274323460985e-05
53.4081362037491,22.67644606041259,12.827055709516596,11.08824674227333,0.00011528404838538495
51.14000570775148,23.543249264984976,13.556489729230528,11.76017126872627,8.402930674060491e-05
54.90464560257631,22.43240783108326,12.429565747825913,10.233309000376037,7.181813847509486e-05
52.45839809563171,23.39913896473648,13.244082470169849,10.898294837405224,8.563205672930152e-05
44.689496222248614,29.09056345632855,13.294391609216833,12.925459912209531,8.87999964580574e-05
53.07410961687468,20.304343405050048,16.09974144200504,10.521704915300889,0.00010062076934955394
52.76390050342267,25.63041525372639,12.101166824237257,9.504439587312566,7.783130112514609e-05
54.90331188720663,20.908167075485856,14.138781065874461,10.049654606804033,8.536462903238806e-05
44.01650327572893,26.241404205021485,17.09065318123655,12.651341518480402,9.781953263550732e-05
51.439299380911244,24.31706100499739,12.830516892222557,11.413020263143189,0.00010245872562085828
47.881721301895944,26.046385573156083,15.16264955445809,10.9091409892013,0.00010258128859920633
52.98174997753116,24.756011083516704,12.335913650370703,9.926240650177332,8.463840410192832e-05
49.66996356490005,26.265940236237522,11.926913383659693,12.137100060630985,8.275457175046533e-05
55.298535175879394,24.671894210921128,10.542373984388375,9.487135391015293,6.12377958200075e-05
50.50058767572608,26.392182176664814,13.153403811176945,9.95374132808049,8.50083516794401e-05
51.831625989348595,23.513137458805243,13.276962612570003,11.378189493547534,8.444572863306736e-05
52.947961711195404,21.515323806402893,13.030012192230092,12.506639976136638,6.231403497275295e-05
51.213510718777755,27.624868491233055,12.96905281363481,8.192476906878458,9.106947590587431e-05
49.85597566510642,27.897736291324826,12.013924701237551,10.232284022254275,7.932007692584163e-05
57.79795771086117,18.67118191511946,14.614005056023819,8.916778161065087,7.71569304512056e-05
52.161704804172196,22.940994017520765,13.699232377802145,11.197971075579446,9.772492545944468e-05
55.63023845996686,24.375577175024958,10.814989381913259,9.17911532220823,7.96608867018274e-05
52.23942491934343,22.0524962070418,15.504611525556086,10.203380240321712,8.710773698948935e-05
53.02471872519684,21.638037727821242,11.903511794998748,13.433634279324766,9.747265841144475e-05
50.15246934364236,24.19268233795338,15.204880501865645,10.449871545364097,9.627117451761385e-05
58.407747553905956,20.736775222977503,11.60583922394775,9.249554823515178,8.317565359685901e-05
49.04074719238363,29.630996435819018,11.286771774699096,10.041398219703309,8.637739494326146e-05
56.36065596691734,23.4063840787387,10.147058587564196,10.08582045426856,8.091251120721309e-05
49.52444459441321,28.97392990479361,11.632420476589065,9.869120121804025,8.49024000728586e-05
50.06586620369483,27.06160948079815,13.119371508375485,9.753064286430433,8.852070110914593e-05
56.649546835193796,21.620892318140474,10.852665317569329,10.876815421633141,8.010746325690449e-05
50.813061114313385,24.275746596807902,14.572099757906521,10.339013349566729,7.91814054517684e-05
49.438026871946754,27.06386077536449,14.942805999057668,8.555224233321082,8.212031002152132e-05
51.98915477269382,24.075576800155645,13.214711444663244,10.720452620974928,0.00010436151235072592
49.03316730013128,27.845045032804784,11.690863834584372,11.43083502214954,8.88103300225461e-05
51.84126041879018,25.16454118102509,14.68850292864336,8.305581720219948,0.00011375132143534883
44.72498442386986,27.023448401300097,15.25537289143904,12.99608062933986,0.00011365405113607121
51.13948639864175,24.970489232151117,12.80225672140238,11.087679168639186,8.847916556604029e-05
43.78655489412513,28.222231397851527,15.27698438404126,12.71412080154965,0.0001085224324468214
48.611509387759604,28.901207760900117,11.290165253129873,11.19702068958019,9.690863020123355e-05
54.57639985018694,21.9923538013344,12.553936211609749,10.87721493724337,9.519962553285215e-05
48.92694012321911,28.14256277135802,11.649605677995268,11.280811870443385,7.955698420951527e-05
49.61414034517137,26.427010698038877,13.047401203515859,10.911344322602758,0.00010343067111737259
49.28709632372056,27.06657702010547,13.308616639299908,10.337621300834353,8.8716039712141e-05
54.70171766631292,19.80125415651906,13.47392601902694,12.023027774670602,7.438347047092782e-05
56.621168708726636,20.422306828072152,13.049313450108288,9.907135280126312,7.57329666069678e-05
50.85686640584319,24.934758022345232,12.359802367967363,11.84849090380397,8.23000402376974e-05
51.79297165085692,23.835450455901732,14.753714753483768,9.617764102133071,9.903762451692463e-05
57.386644093070004,21.948538550554947,12.2189242769158,8.445815832151027,7.724730823579782e-05
54.79436149491717,21.839390071814666,12.719989789813239,10.64617362202334,8.502143159837404e-05
54.378011489946346,19.482990742058973,13.570415218746303,12.56850793931579,7.460993260099051e-05
49.357410934260045,25.265246167891547,14.608015964668128,10.769247197713778,7.973546649336391e-05
49.57128356310524,28.34059410436376,11.896621002555277,10.191424523334282,7.680664145446165e-05
53.66764999982586,23.15372643039839,11.849753193171207,11.328783015568241,8.736103629332786e-05
50.042548259955666,24.40766497154476,13.842250086353648,11.707426046855833,0.00011063529009490699
47.731842226876914,25.2720847608234,14.19618045969833,12.799799741003797,9.281159755452735e-05
48.35437262807156,27.506965746084965,13.758148541165363,10.380414816003364,9.826867475896942e-05
48.49709233517755,27.515536119178176,12.471352807824584,11.515933687039404,8.505078029033897e-05
47.3806974322218,26.742434542117955,13.874292942219935,12.002475563763698,9.951967662417938e-05
51.48113818520629,25.359970225118655,12.74727663960171,10.411519676888231,9.527318513052656e-05
54.51340015147375,23.442022000166652,13.764070765997271,8.28042284434914,8.423801317335793e-05
53.80256398290529,18.945539157836322,17.63929151727128,9.612521362784445,8.3979202650713e-05
50.41537485020429,24.507463125882857,14.241518952815587,10.835559392222802,8.367887447022389e-05
53.570845389750296,22.31937297428084,13.555538289135896,10.554169140356745,7.420647622222786e-05
52.437707354854226,23.366999335897045,14.958616032974984,9.236587871248613,8.940502512326888e-05
54.075130275004376,21.802176035174845,13.792700070952435,10.329916692286451,7.692658187604916e-05
52.548098057099956,21.61991698228142,14.494757167223149,11.337148499289981,7.929410547020949e-05
50.16330929907843,24.359189004553492,14.160427642811102,11.316986207564693,8.78459922780755e-05
48.43102175092696,29.93040107385973,11.36830831474432,10.270144162382197,0.00012469808679331837
52.23193961349799,21.966018152364043,14.826172878129873,10.975780880291484,8.847571662553166e-05
53.425764686105396,23.577225336908004,14.142038797758127,8.854888522237223,8.265699124021348e-05
55.65584338220375,21.468797071057338,11.303431711343565,11.571848979386573,7.885600876919761e-05
52.61174020654802,23.72731865309295,13.61380641931467,10.047061897834302,7.28232100602203e-05
49.85523241434521,25.819801376183367,14.095084490665919,10.22977982786549,0.00010189094004022576
50.735195246156906,25.439822391345146,12.812599988418128,11.012278931084515,0.00010344299531478651
56.33338480600539,24.417538778622664,10.407219887999528,8.841770502161792,8.602521063726714e-05
56.726247105498764,17.20194242326209,14.874403982498016,11.197307275891106,9.921285001982572e-05
50.64026097320033,24.252267293806266,14.31338160290496,10.793998070039565,9.206004888921686e-05
48.17217479757868,31.90855165499823,11.359445635214458,8.559743813272846,8.409893578096741e-05
51.86702359879934,25.13788031044163,12.800481994599156,10.194517983429938,9.611272994034563e-05
53.24247748266592,22.925890098701526,12.615940621054984,11.215624997743205,6.67998343795586e-05
53.44799899585687,21.978776273812045,12.980186300978207,11.592965817028876,7.261232402280064e-05
54.242396014835926,20.503182769229714,13.33777825926597,11.916566261480021,7.66951883697137e-05
50.740328745571304,24.980182566926917,12.752950695242738,11.52645865503782,7.933722122609619e-05
54.7877075339057,25.75511236012377,11.662333631369096,7.794760860970136,8.561363128982718e-05
46.4462218750991,27.92986226319618,14.757038419848575,10.866782652113114,9.478974305017585e-05
49.675840908648475,25.774199474727222,12.51804640060476,12.031840506803556,7.270921598965005e-05
58.61748212259379,20.55671138425705,11.087728268016898,9.738006855195131,7.136993714962712e-05
51.08537343698073,25.561272845482087,11.89740144125865,11.455853449783538,9.882649500134702e-05
51.0632054856465,20.03519155419382,16.18221064806527,12.719299016652371,9.329544204156249e-05
52.92681847233044,22.986000635868002,13.537372721197091,10.549713503915086,9.46666893767568e-05
46.424563249346775,31.904480496502526,11.863685223687877,9.807180008598792,9.102186405912124e-05
49.9232456091569,24.869450973002433,13.934882918527123,11.272326553480555,9.394583300077931e-05
49.005949524281625,23.48200226262892,15.708678503353854,11.803275625785089,9.408395050518602e-05
53.00593596101408,21.418083539862238,14.904341672970109,10.671561002981763,7.782317180187485e-05
57.28501657046743,20.235581679095706,11.421747295157344,11.057574929368835,7.952591069760184e-05
50.96375655399509,22.438539716812638,14.15808424577337,12.439509803644986,0.00010967977391429847
53.25175796919505,23.657702297542563,13.65297678452172,9.437469946939252,9.30018014196006e-05
49.74567539921222,25.050980489932893,13.98508357327271,11.218155175486526,0.00010536209565702562
46.03699064992458,28.620646852808974,14.1786232614309,11.163638000127587,0.00010123570797190146
56.603069041352974,18.68037573859902,14.94569038198226,9.770775369312414,8.94687533606181e-05
48.4227686057853,26.136795271883123,14.605367432924437,10.834987527839953,8.116156719272943e-05
49.82201325530036,28.07478670019022,13.50186658136518,8.601257699442037,7.5763702207577e-05
56.42534455888432,21.15103542945807,12.40724272703282,10.016289847979536,8.743664526442826e-05
49.90745144270098,25.298534101738625,13.450206900764519,11.3437145860809,9.296871496013757e-05
50.23754567877952,22.900183023283983,13.888445182504523,12.97375035448173,7.576095023743754e-05
51.35921430721974,24.889035005204146,12.049744725235383,11.701906052822796,9.990951794028794e-05
45.53666167623307,32.19346081446041,13.26569783595616,9.00406951116015,0.00011016219020648044
48.52822190584266,22.68145265456933,16.4332194460213,12.357012095671024,9.389789568352744e-05
53.005364005197976,22.855267510677795,14.56316627453119,9.576112560243596,8.964934945556492e-05
47.64261184298395,23.696041589874795,14.840440962340345,13.820804988769753,0.00010061603115345444
54.03629064156509,25.024723786441317,11.254354207255316,9.684538436204237,9.29285340274752e-05
51.47192129561503,23.86797584311756,13.950074925473146,10.709950096376403,7.783941785192258e-05
52.42017513595009,22.2293143669188,13.395288352302245,11.955144425417505,7.771941137288964e-05
50.22362160489885,24.16176558636777,14.902141454222683,10.712380239880986,9.11146296976796e-05
56.95443642119302,21.137862821748694,12.412440126623533,9.495184930009776,7.570042497194604e-05
54.43981427003284,21.667303357299765,15.104439299504085,8.78836877036452,7.430279879335628e-05
55.679008223890094,20.16514774353147,12.574193702942074,11.581565314862523,8.501477382292499e-05
51.283748185725564,24.722185470911846,14.959588725644812,9.034368329179863,0.00010928853790199031
45.3977017259377,27.159635331533227,14.526957650974836,12.915613014647374,9.227690685247394e-05
48.51562556672732,23.62632769198554,14.554113158979007,13.303821067255894,0.00011251505224910618
52.252414985251235,21.732136024810796,14.138004386670005,11.877360371016898,8.423225105671196e-05
53.75592826893036,25.52928464235718,10.93010899644025,9.784599105361256,7.898691092910524e-05
48.673151059571595,26.019303802706183,14.949171509333038,10.358280614846699,9.301354248782534e-05
53.11027223081536,22.704762663507843,12.700589602141399,11.484290756942581,8.474659280393196e-05
50.72130407558173,25.379646583712855,13.013622627219274,10.885334818024097,9.18954620437691e-05
53.06641949173696,22.298648891121285,13.265650293986852,11.369174764889783,0.00010655826511428678
50.30394497706999,21.58130814630086,15.706706373383362,12.40794375091022,9.675233556589099e-05
56.15635035219518,23.152471479774924,11.32178915094555,9.369305741353234,8.327573112094997e-05
51.615027081723376,23.960616917811763,13.47712272785583,10.947143505686755,8.976692229186147e-05
52.433127765771516,23.777618544469554,14.255391636393519,9.5337710376764,9.1015688992307e-05
48.34099108137962,27.436761526899488,12.985869428110721,11.236290636132203,8.73274779694393e-05
50.81530366711482,26.259250768906295,13.88689406807558,9.038449204607758,0.0001022912955363311
47.966830393055986,27.797819272286517,12.728803862154562,11.506445122143935,0.00010135035899724993
51.01165402863459,24.817728171582214,12.910192585723381,11.260324401530493,0.000100812529309464
47.850383325675885,29.60523597044001,13.309285947741934,9.235024441031175,7.031511098656012e-05
51.555881297400596,24.7758402812155,13.027250388415071,10.640923098200618,0.00010493476820861344
51.035848140350495,23.663155734710802,15.795293613277947,9.505628356751153,7.41549095913912e-05
53.78721552818458,24.133164373695156,13.859089439956454,8.22044179459254,8.88635712738679e-05
55.185906956072905,20.85581140039608,13.633895375315264,10.32430266881423,8.359940151627252e-05
53.88205909879762,21.927635402090655,13.534930859787517,10.655292649303624,8.19900205681135e-05
54.12808931406321,19.366379984919124,14.864635983434555,11.640803523517954,9.119406515378639e-05
48.55094821364876,26.166978602336023,14.21277397602528,11.069207336430544,9.18715593962126e-05
47.57292288304297,24.442931526164156,15.025842869526992,12.958216264236658,8.64570292163908e-05
51.574873848173794,23.38454685842292,14.028127608790422,11.012347985525475,0.00010369908737963967
51.41530957313335,23.8826099137553,13.588051350614252,11.11392425417144,0.00010490832567171738
57.07908059890001,22.534513597749548,10.853702664017778,9.532592405169702,0.00011073416296739973
43.871605932400705,29.668340233347003,15.443018198001193,11.016917886920039,0.00011774933104670914
53.17756524915558,24.632353836966285,12.635038379089575,9.554955953678732,8.658110981328263e-05
46.64355989564727,29.15044436179299,12.404944504059072,11.80094223610995,0.00010900239072570645
49.737839753397374,23.15331584191378,16.125310898807818,10.983447583771062,8.592210995816861e-05
47.790129278646106,25.22475677639877,14.20845721828152,12.776574862440357,8.186423324333196e-05
50.47304491401604,25.313356199527604,13.407562524299262,10.805933788837075,0.0001025733200268972
56.620607019629134,24.65225532072415,11.129623712185484,7.597424457053862,8.94904073684829e-05
54.02059396029445,20.17726367103462,14.40736695716546,11.394684854117175,9.055738830776177e-05
60.31543546457079,18.192539898713207,13.284366503311606,8.207579151874459,7.898152993747962e-05
52.735937382309906,26.927408620251125,11.112213125992982,9.224350674922748,9.019652325272331e-05
49.47087804617845,22.39647103981245,15.682079449785691,12.450456379293996,0.00011508492941563023
50.3539239149646,28.163895682949168,11.90925531103453,9.5728290042347,9.60868170173508e-05
55.719828190853335,22.64348823343904,11.594156586336753,10.042435938434716,9.105093615951284e-05
44.36517231214205,27.229224947703397,16.52911087120166,11.876401244459013,9.062449387248514e-05
51.334167991778024,24.663900602937638,12.505902066359681,11.495930967896244,9.837102841677215e-05
49.76971548878949,27.673335172617282,12.645048978680299,9.91181192092957,8.843898336119245e-05
53.095742593707214,21.857797401078898,13.139748462700377,11.906620708776657,9.083373684383388e-05
50.13444155357673,25.4034030757468,13.835089981405178,10.626948003616235,0.00011738565505677154
50.614626561194754,24.99521002941664,13.363471354255305,11.026586586340523,0.0001054687927857325
56.3332389499784,21.75566223576771,12.040794589382719,9.870218601330578,8.562354060358508e-05
54.50210438375219,21.905861487418285,12.626768843033274,10.965189485920975,7.579987527036424e-05
53.456255232765436,23.41322165533047,12.719779806934906,10.410677738475274,6.556649391486517e-05
49.30534805956249,23.530717193255974,15.536450370550902,11.627386926872619,9.7449758017296e-05
42.51579444866446,27.207629082967976,18.782081047844528,11.494380524934618,0.0001148955884288343
55.81138772145041,23.13512396396392,12.711287489916206,8.342126735323744,7.408934571006533e-05
51.01376845989354,21.459016521272467,16.845944088781938,10.681165091445791,0.00010583860627437101
63.02930146986305,17.45306253695416,12.014041611893836,7.503529542230747,6.483905819107851e-05
48.93742552454994,25.995600621522343,14.556502882655995,10.510390819062424,8.015220929078387e-05
56.54570801407191,21.25354593351384,12.267223217911067,9.933446555057461,7.627944571135924e-05
51.01562332419872,25.816334901170514,14.3487397201734,8.819220792426648,8.126203072872245e-05
42.89126743489651,29.648956860136654,16.641201325013053,10.818469443320893,0.00010493663289138417
53.83773325683894,22.98838062797794,10.215759107184919,12.958033782517568,9.322548063186383e-05
45.25794048826779,23.32163114780542,17.368266445604306,14.052025170191595,0.00013674813087821908
51.73913442713146,23.500780698109896,12.493677286529998,12.26631746936538,9.011886326972309e-05
50.32312287855094,22.02353578379559,14.842382480947593,12.810876044629953,8.281207591802559e-05
46.37836530868045,29.055255106012932,11.936094189784125,12.630177056651155,0.00010833887134437456
54.42111086457637,21.970227883883528,12.849956963872083,10.758628971596021,7.531607199711601e-05
47.944773151303934,32.599494172642466,10.567591736032988,8.888037287599044,0.00010365242154713554
54.95602125250566,21.370064688214967,13.6281180470222,10.045709932028837,8.608022833567707e-05
51.49372514518997,28.899008236784752,10.634786415794716,8.972376615813292,0.00010358641725777776
51.90574232354661,27.257166793204167,10.186424113866897,10.650595518418664,7.125096365594593e-05
49.933403179119075,23.756376653905054,14.323483490737187,11.986636732188986,9.994404970120296e-05
52.33506029344534,22.010398686531868,12.759303181712955,12.895128474494808,0.00010936381504388249
53.632529021534815,20.002315743525827,13.286357323519994,13.07872494112712,7.297029224319736e-05
50.378106887777896,26.269406120302,13.677486282209406,9.67490734344455,9.336626613668092e-05
43.142682874460625,26.749767184163886,17.331495220245387,12.775949896254168,0.00010482487592563233
55.4773402007904,21.365298573964644,12.99173359502023,10.16555249818197,7.513204275319051e-05
47.730434484309484,26.96254597539231,13.796013667899928,11.510875251460906,0.00013062093738241043
53.35487960419163,23.380196485537606,12.170806257406529,11.094029132160424,8.852070381880491e-05
54.29220132834536,20.82569557988755,13.041363500472627,11.84065361867257,8.597262188736551e-05
58.3429979470956,17.904374639922807,12.292333485015476,11.460211049685482,8.287828065186906e-05
48.54672011335512,25.62566972190653,14.821466419458487,11.006047197864516,9.654741535594603e-05
50.12625885087656,28.583068175869354,10.699808650229217,10.590754204137106,0.00011011888775184337
55.86739780077392,20.88665549846665,13.059171527542201,10.186699759480522,7.541373670519985e-05
49.586050324013684,23.412649790496697,16.262551247902046,10.73865985898009,8.877860745537513e-05
51.705028703054104,23.166227569549076,12.117630116036413,13.01101730721992,9.630414048701324e-05
52.39491076778753,25.372601269684253,13.44064093676996,8.791765103661257,8.192209699469702e-05
54.41638955022805,19.312925438187396,14.987619391624591,11.282978541552195,8.707840777706028e-05
49.33922420616718,21.838028802309708,16.832334342706726,11.990308171700796,0.00010447711559272732
54.54603851077759,22.268693696924462,13.24652053074811,9.93866399400671,8.326754313391177e-05
53.02824414816377,22.57539006760758,12.921563500419753,11.474726486632289,7.579717659788389e-05
49.74481888193107,24.61632824541202,15.208050553337294,10.43072023431192,8.20850077088651e-05
54.29784715460483,20.85453659417046,14.782546688128253,10.064986957735796,8.260536067576871e-05
46.68491202401073,26.531191687976204,15.234967295008714,11.548841358241829,8.763476252832265e-05
48.19552472685271,27.888687085964424,13.270482434368851,10.64521157353504,9.417927896370354e-05
49.84860619948005,24.563124891894926,14.138768838239848,11.44942046680398,7.960358118014316e-05
54.73813382459267,20.38361176213796,15.485031740753726,9.39314134600218,8.132651346248383e-05
50.03272135123482,27.72708686260409,13.018576807635654,9.221533386502195,8.159202323478722e-05
52.51556962853966,24.765091371439052,13.384252326562828,9.334993282455356,9.339100311881117e-05
51.263450225526775,20.552840524597805,15.0217739368428,13.16181757369611,0.00011773933652194333
51.91747888920424,19.887811866106144,15.245638128962213,12.948992735787224,7.837994016969877e-05
57.928673722892775,20.155626960239324,11.945997267447343,9.96962593563617,7.611378439309092e-05
47.10436478425066,23.640695229947585,17.681127651732005,11.57370054815168,0.00011178591807456138
54.44094954156602,23.957579677223777,11.730183609511354,9.871211739244357,7.543245449069468e-05
48.21893885529875,30.87329068142021,10.627524226503079,10.280150915813485,9.532096447372902e-05
59.340851930301675,18.287061094955384,12.097931817345428,10.274079100276355,7.605712116867795e-05
54.53632008249966,22.016597760512308,13.180285873440969,10.266706428153006,8.98553940718365e-05
53.17133168441459,22.630632892247718,15.441478231734976,8.756474668884835,8.252271789339799e-05
49.702332583051124,23.754793405638164,15.006976104047428,11.535802240699091,9.566656418624083e-05
52.74876310677807,27.671723358609334,10.379370668949864,9.200056983519813,8.58821429204638e-05
55.09997530395496,20.801684726816585,15.167596044635372,8.930631506946494,0.00011241764657881676
50.40183229659784,26.06096948290172,13.65731188574959,9.879804557705882,8.177704496820144e-05
51.01545374021218,24.41978752399875,13.747455296806816,10.817204637401513,9.88015807571456e-05
54.20623424226395,25.214162558048116,10.774656952656446,9.804856032256783,9.021477471587554e-05
54.01841294128853,26.500944825040847,10.802025896013083,8.678519517943698,9.681971385937092e-05
51.54974949276371,22.23218775013703,16.19851878940464,10.019467061489943,7.69062046886094e-05
46.056617093115456,27.527830871651886,13.444171394022607,12.971285279573111,9.536163692313974e-05
50.9516358102531,26.00372191882875,11.946441614079543,11.098113728623968,8.692821464933327e-05
51.31767162535168,27.03743745265538,12.108940974329494,9.535867942849103,8.200481433273625e-05
53.476300866755935,18.71068780597559,16.210638205203548,11.602295385088505,7.773697643379821e-05
53.312081859285165,21.358666161116982,13.819347498977507,11.50981818064562,8.629997471654396e-05
50.91615100982397,24.698206147238977,13.567678335441839,10.817882115603988,8.23918912199207e-05
54.61879193418433,23.893887968929437,12.278700099536586,9.208542591514611,7.740583503678295e-05
50.83445186133021,23.52524769461704,14.160066738199054,11.480138264535674,9.544131803004327e-05
48.5007376046406,22.848260292589277,16.45909908151359,12.191792396843518,0.00011062441303305935
50.60811445827097,24.79239864703577,12.172335171562262,12.427056299510934,9.542362004261602e-05
55.64122817728471,21.74585884275258,11.808554017855165,10.804270372777502,8.858933006107334e-05
54.9659722205523,22.385161238036503,13.784746212485983,8.864034875613475,8.545331175682375e-05
46.89630039191447,29.660421172442884,12.122939598904878,11.32023503302576,0.00010380371200539016
53.321262218641095,22.884051897231465,14.482641298727417,9.311953330027107,9.125537291117178e-05
52.61889074872131,24.37551916098775,11.735109850181088,11.27038405749267,9.618261718960531e-05
52.0559109943793,26.089762933295894,11.48646365944628,10.36777801466972,8.439820880964606e-05
51.009784865741196,27.229844975910783,12.584356112200584,9.175900141739785,0.00011390440768292411
54.63979319534204,20.9609648081426,12.651824980720662,11.747351316128055,6.569966665091283e-05
48.57465941059069,29.37365206649556,12.033232589483163,10.018363036479998,9.289695057648382e-05
54.378566044148656,26.171813812605105,10.624543666091704,8.82498862911801,8.784803651454023e-05
56.985389652091165,21.081629806178956,10.634526912607214,11.298362093790185,9.153533247124237e-05
53.17118626207126,22.71921437485797,14.572867154641678,9.536630654290597,0.00010155413850093258
44.78244799677567,26.59560762480772,14.734538415072945,13.887298426326453,0.00010753701720333957
51.095506887056054,24.277676363487526,15.378790709905251,9.24793505457798,9.098497320649659e-05
53.497516303229716,24.323208089994377,12.662938071716589,9.516254634536354,8.290052295602505e-05
55.77848588908015,22.08904825087336,11.84855860901919,10.283831830888666,7.542013864042627e-05
47.87004742728507,24.30449527609897,16.685083438855383,11.1402750293834,9.8828377169194e-05
56.739997451036785,22.00821634521488,12.849965195610228,8.40173451771319,8.649042490743768e-05
55.76912766020416,17.395604095410352,14.895290717355852,11.939891311369276,8.621566034738864e-05
52.135465758033675,22.273216528034116,13.564020981116917,12.027212913129121,8.381968615088767e-05
55.1085182050442,21.972021885324004,13.478083779983624,9.44129930049112,7.6829157047465e-05
54.50768760143344,23.049982712505155,11.903933933583218,10.538322230488575,7.352198960306229e-05
49.43829598418612,30.57298333546909,11.252586880225428,8.736040803876389,9.299624297434495e-05
55.78330500654539,20.708007554666608,12.835458179252932,10.673136685039188,9.257449588045092e-05
50.14224177864549,26.22834237827483,13.255987659575593,10.373322445193242,0.00010573831082401889
46.354874044215,27.774384556451704,14.890248738060997,10.980390053367268,0.00010260790501938065
51.270851154306186,23.54464679921351,13.131911108986715,12.052497794176551,9.314331704321645e-05
53.242354219176946,25.49024571336395,10.983623489263,10.28369503982011,8.153837598164128e-05
53.27811078297567,23.780727133285893,11.802014621394546,11.139069979597162,7.748274671898e-05
51.10446120177399,26.429542623500605,10.754986325419061,11.710910687924194,9.916138215133901e-05
50.56842705159505,26.67645854331165,13.240808479715593,9.514217474716508,8.845066119845396e-05
46.81220123861928,24.29200390772282,18.586798128091107,10.308889423427821,0.00010730213896096434
53.17851866946997,22.331803569144473,13.551327224644819,10.938266398153008,8.413858770898053e-05
57.88731682789505,17.848687732139847,14.043692741719024,10.220235360015135,6.733823093789179e-05
46.27694232957795,28.23702822802841,14.729240672292624,10.756703528325854,8.524177516151062e-05
59.462804445801886,18.64241616991374,11.0871211981372,10.807579986529282,7.819961789586952e-05
54.426478386165776,22.796653645711483,13.566080852417553,9.210691256981622,9.585872355497379e-05
51.07779098902524,24.897177212111668,14.817721449525031,9.20721571673142,9.463260663939341e-05
54.370066901571,24.125171042827194,11.75756755583855,9.747110480382206,8.401938103241398e-05
49.93559315645699,22.310374314348003,13.842474369270821,13.91148712536589,7.103455829112143e-05
50.7024769413914,27.35239331193292,12.876649538189689,9.068388497402267,9.171108370955019e-05
49.09513110904002,27.29643793934003,13.020582294011513,10.58775837019619,9.028741223349391e-05
48.74061674708615,22.787911561291686,16.881687273543204,11.589697770599322,8.664747961220898e-05
53.00094981782638,21.731774076700983,14.737474247456033,10.529710576866306,9.128115028848006e-05
54.80411339278278,20.479989727786414,14.322105646654043,10.393702423542848,8.880923391855259e-05
57.759069067251176,19.69653290287342,13.764995374585586,8.779317931655743,8.47236340600344e-05
55.831448355315736,22.03430852568439,11.626019506614462,10.508125371290475,9.824109493591611e-05
52.58944812533933,25.044553429906145,11.507038279731855,10.858865815445345,9.434957733446565e-05
48.47065232644687,26.185106532782047,14.468959343726892,10.875189173676725,9.262336747251411e-05
52.90005608622681,26.88336753420275,11.991460871281577,8.225021321863515,9.418642534708337e-05
52.1017381433112,24.22195359654202,14.439524685782953,9.23669283925615,9.073510767077982e-05
56.112645244861106,21.89427930619465,12.245955491159977,9.747019836431631,0.0001001213526406691
49.81641874105552,23.20132644987649,13.899630694446936,13.082538528079748,8.558654129912938e-05
45.46255091537817,26.645760098330985,15.69609237938214,12.19551156312023,8.504378846625301e-05
54.23131719838506,22.453077713206817,14.41312824544688,8.902376091619358,0.00010075134189785666
48.30782443476526,24.556578884155147,16.52961940725882,10.605884374401953,9.289941881100854e-05
54.49946139376098,20.50378989999849,13.683223078984632,11.313440451393433,8.517586245777253e-05
49.733630890034924,27.52980755031379,11.03499526541975,11.701476644875479,8.964935604537704e-05
50.808130557863585,24.41020360599886,13.789950347305277,10.991636993775856,7.849505644284917e-05
49.65291347519792,23.751736548379693,14.977861188712213,11.61738130918491,0.00010747852526531905
58.16924366404008,19.532708541713284,12.5064581951143,9.791506664046818,8.29350855021758e-05
51.54394315903781,22.499735020174047,15.513093052588536,10.443148888762298,7.98794373191038e-05
48.33400215684236,28.829336542596984,12.210015869305185,10.626549836062123,9.55951933485934e-05
56.3378083965713,19.614403327572234,13.447242473774676,10.600462103910175,8.369817162052592e-05
54.96210888582927,19.576731953436294,14.990247847109641,10.470807437093127,0.00010387653167881291
57.80905422734928,18.494565454428876,12.216890737623991,11.479412017170525,7.756342732971507e-05
47.172587283663994,28.31097451964886,13.816861445263775,10.699464592278165,0.00011215914520557544
46.317172015977356,26.4716836950258,11.950823388867565,15.260257243568079,6.365656122299202e-05
49.91707221742032,19.668444876516844,19.696577052196503,10.717810463181582,9.539068477287516e-05
50.748276414396734,24.944180988648373,12.580927860827506,11.726529150736965,8.558539042373985e-05
55.90810529440725,23.400193651206955,11.904911715547687,8.786671957941294,0.00011738089680720919
53.713265191423964,20.93843949509227,14.085450466520216,11.262764302959187,8.054400437796816e-05
54.217405086346616,22.560427530873724,12.27411530109541,10.947975272358674,7.680932558904283e-05
50.89203589646469,23.919860168348222,13.509202131668197,11.678812916413515,8.888710538944716e-05
51.524901020936476,21.153075344120186,16.180796643254414,11.141131281800208,9.570988871483587e-05
51.65678654099497,24.72361485105563,12.805553711603451,10.813945035595232,9.986075072908397e-05
45.51463940455326,28.214570649092163,16.47204228177575,9.798664145880352,8.35186984782857e-05
60.589786940998216,18.143794572418194,11.341484676938581,9.924866742536333,6.706710868299224e-05
57.5297472492169,19.250782985792714,13.152200986855735,10.06718235809839,8.642003624729431e-05
52.223328252387624,24.055570572263804,14.54298819088717,9.177996081547848,0.0001169029135355665
52.068464854377275,23.43283665197722,14.862602557354784,9.636006271051023,8.966523969998377e-05
49.867685124041834,25.278030708986154,13.725749999829157,11.128459824141926,7.434300092625868e-05
52.03257398736928,23.818288538069908,13.418399946312901,10.7306373699603,0.00010015828761998848
53.5510323400276,26.97395160157458,11.251025470493083,8.223886059131601,0.00010452877313904199
55.57110726782929,20.48793415018132,12.839322867103744,11.101552219679128,8.349520649433012e-05
55.760336176089766,21.486555637122276,12.820840502822941,9.932172648388477,9.503557653855588e-05
47.640418220176784,26.491596970042348,14.83225259712024,11.035651911889497,8.030077112717381e-05
50.710992792751675,20.172995889636635,17.598052226106283,11.517874758760899,8.433274452250741e-05
52.31670957437255,22.84447450201519,14.455147932160422,10.383581157043475,8.683440834980383e-05
41.07885291057589,25.532724225373336,20.325906140164093,13.06241906513266,9.765875399954275e-05
49.38691707494,23.467656168647043,15.165254656607022,11.98008218699501,8.991281092149279e-05
52.30276315767101,26.246433142735135,12.16688319010439,9.28384004559419,8.046389526250767e-05
48.955972738734225,27.92646636390334,12.957985153096827,10.15948867885835,8.706540725602148e-05
50.92462697591549,25.98633880647897,12.650085463714802,10.438853380428064,9.537346266986776e-05
53.485229567535406,22.54488593922256,12.785562813985965,11.184224391856544,9.728739950093386e-05
54.887711286860444,25.81355620567195,10.279038779517439,9.019610875248077,8.285270210522185e-05
52.08579159127318,26.320059158199193,10.604805692132494,10.989256993773616,8.656462151881826e-05
54.3258022444947,24.138186852000818,12.011170177347527,9.524759119456755,8.160670021433007e-05
47.89010648118223,29.55176876040626,13.144733722151361,9.413310544119375,8.049214078268794e-05
50.44100859516642,25.348788469231636,12.973896492020776,11.236215506169604,9.093741156830277e-05
51.07639603057939,25.41748918139523,15.074133278052651,8.431888655218767,9.285475395303866e-05
48.87593663763213,25.73011667695019,15.884225149575318,9.509630140376794,9.139546556529438e-05
54.52834211454394,22.833619260233785,13.020454181342538,9.617506334023371,7.810985638486678e-05
48.92774904207753,25.666856976560826,14.48427893933079,10.92102574991867,8.929211218732762e-05
48.010435308648226,24.999811591015725,17.288884180989086,9.700762478073194,0.00010644127376526494
53.72268110518961,22.68441494152497,13.61230235217598,9.980498069862403,0.00010353124703047131
48.23597767875046,27.40395699346828,14.325923298310697,10.034029032700802,0.00011299676975909037
52.371311465227485,21.69618807674198,13.241749280160647,12.690645690801238,0.00010548706865061682
46.16859975847568,27.370558224012047,14.854590318882563,11.60614176734236,0.00010993128733045485
49.51459674845931,26.4888928326572,12.443262858647236,11.553166348534988,8.121170127252686e-05
53.0311711248502,23.448922862591175,12.508453514639328,11.011391860364386,6.0637554902528036e-05
51.92497433851408,22.297587313917706,14.887102759329544,10.89022366394099,0.00011192429768904703
50.37138181759432,24.82742674204191,13.133842816663668,11.667262537358118,8.608634199893216e-05
55.046995041178256,19.76043961875255,14.150434529642308,11.042048088533408,8.272189347885527e-05
51.771762574209035,21.988927129162793,14.823559876383444,11.415661295506403,8.91247383185018e-05
53.75473213003762,22.849570072949675,12.730789983628595,10.664812531622992,9.528176113635706e-05
55.157012172835785,21.444623766776544,13.169662533682269,10.228593382158433,0.00010814454697330824
50.692495345681074,26.715292119571593,13.21829810861462,9.373815989150783,9.84369819341204e-05
48.34630061374597,25.561057407805382,14.279875677469175,11.812670047518887,9.625346057427943e-05
53.00105235784144,21.935528396121413,13.323772604131035,11.739579643886032,6.699802007660329e-05
51.46002365108009,24.053956390826915,14.47810114205453,10.007833301246711,8.551479174741617e-05
48.502791020586734,24.80269793749593,15.434236897802583,11.26018254883096,9.159528379255405e-05
49.79834906337294,26.76158077583959,12.956131908184929,10.483845930007469,9.232259507348424e-05
55.450938285186155,22.415022399739122,12.016515243980272,10.117444709985447,7.93611089930998e-05
54.10438905063843,22.155906697697112,13.503454518774403,10.236161696755397,8.803613467036359e-05
54.0986720240031,22.75144911962588,12.89184953087909,10.257937214176174,9.21113157664046e-05
50.69169991678423,22.254010585954866,15.610916320684499,11.4432940322213,7.914435511647953e-05
51.70627207731048,23.899445226045597,15.025866201031338,9.368336224459746,8.027115285439581e-05
54.43746264373899,22.513745341292626,14.489799819102483,8.558904524615496,8.767125040004724e-05
52.347541835142096,23.760488073858387,13.903640174560639,9.988226364163017,0.00010355227586397842
50.19045253290777,24.28580323926642,15.174509945346259,10.349145557882839,8.872459670640163e-05
53.956295444884574,22.463931199477017,13.24515571863829,10.3345107247723,0.00010691222781972077
49.04173051599159,24.67146885315129,14.48868505721032,11.798007853098873,0.00010772054791126437
52.0216303803152,23.93317951682721,13.44575939151634,10.599363857087491,6.685425375670641e-05
52.15681201611698,24.381594904795975,12.267715327147554,11.193793835370574,8.391656889389632e-05
46.405343312202,28.259238220141107,15.759946231927572,9.575378372039841,9.386368946872684e-05
53.966968532113604,19.087892335215997,15.68740775915107,11.257642895940148,8.84775791950962e-05
52.157998975249555,23.311807596868558,12.009332710225017,12.520786725844516,7.399181236453132e-05
55.043428314161545,23.5796963034208,12.306109897222596,9.0706790802413,8.64049537722781e-05
52.34187457541785,27.050694999642683,9.542093491332269,11.065236198427101,0.00010073518010795743
56.854697289096165,20.896078859973326,11.813961158546999,10.435167079245634,9.561313787512623e-05
51.07375829017494,24.54568684153612,12.895708728657585,11.484784590866699,6.154876464527134e-05
54.480422916398865,23.86652142259461,12.706989381222844,8.945971089297185,9.519048650839821e-05
56.484846574655066,18.52583569853066,14.751726165162026,10.237495351720423,9.62099318364061e-05
52.66605155729391,21.739192419632424,14.931018687488343,10.663670433368495,6.690221680935627e-05
57.14537252900769,21.400999819957846,11.606594588524336,9.846951998698698,8.106381144456591e-05
49.35203019807533,27.70761052344764,12.853148120144187,10.087115501540614,9.56567922376001e-05
54.247252972522155,23.499181155232606,11.576848015524616,10.676631045314375,8.681140625085398e-05
57.361009329623414,19.704439662207047,11.567473588423649,11.366998975304988,7.844444090302711e-05
56.39863620632271,18.31225985586072,14.889903925232398,10.39910228746264,9.772512152912348e-05
56.29228278510281,22.821486296303412,10.989458979469095,9.89667876244243,9.317668225035441e-05
53.060341283807354,25.096619721141334,11.572597111269264,10.270349304654877,9.257912716098458e-05
54.69874363360334,22.48276358735782,10.628427245790489,12.18998567445089,7.98587974687259e-05
56.26920822310741,22.842212875441103,12.15383605622316,8.734670708057733,7.213717059890488e-05
51.58202142596166,23.22573148601044,14.35153358567173,10.840613952241773,9.955011440089136e-05
51.356250928114356,24.08327933608871,14.176432400883805,10.383949530824427,8.780408871624713e-05
49.238943117009846,27.1057811202552,13.29228921920943,10.362893001165842,9.354235968058734e-05
54.389513481228406,24.519686002926,11.80793989891115,9.282774029633355,8.658730108277616e-05
49.29003396093125,24.144081307280942,14.984845038223051,11.58096046445257,7.922911220134703e-05
52.85051188751348,20.703614312464317,14.41554099580436,12.030246131566937,8.66726509139097e-05
52.096181711300474,21.680261614098846,14.806218787531177,11.417237712581453,0.00010017448804689503
47.94780593453064,25.14494607862141,15.297967822109836,11.609184478843448,9.568589466437755e-05
52.38360511610912,22.723404198591425,12.651838507986724,12.241065342721535,8.683459120899642e-05
50.70385868954155,21.606375476168935,14.83452744392664,12.85514515709677,9.323326610482046e-05
49.46656257720777,28.56700157400357,13.544424458449388,8.421902719396455,0.00010867094282535413
46.16082313786754,23.22752357236582,17.15377725171006,13.457764646247083,0.00011139180949714043
44.906936142121545,28.012968516164026,15.338944157762938,11.741037020276785,0.00011416367469519012
46.93995970472314,31.480611134786983,12.759769001744568,8.819571312030076,8.884671523814929e-05
58.76387851935907,18.711431919375237,12.861492617268445,9.663113919116062,8.302488117271231e-05
56.521714308594284,23.809677720028215,10.263701201752154,9.404829223897849,7.754572749347422e-05
48.11503572730514,29.003634950325935,11.876562156543669,11.004676736708522,9.042911674577773e-05
56.16104976965289,22.48679133735326,11.925284965293823,9.426809022723399,6.49049766275339e-05
50.12511726296602,29.333211147997147,11.295136456785196,9.24644319806342,9.193418821985092e-05
55.39300105163901,20.549033955961065,13.45478995155836,10.603108028371064,6.701247049576771e-05
51.38785954051175,25.659686581054103,10.641254393776578,12.311116070902525,8.341375503670999e-05
52.84721620494106,22.101766386659587,12.792738099661136,12.258204087239069,7.5221499145508e-05
51.17448349897299,22.766073258907397,13.980136178166735,12.0792105944052,9.646954768968003e-05
50.60623592614098,26.397384670357255,12.637809647828261,10.358472413028188,9.734264530553509e-05
52.285684415567914,20.997523928411002,13.50382635492865,13.21287981755982,8.548353261703085e-05
46.87016827644947,23.706291512938037,16.957988272610088,12.465467567376336,8.437062607859764e-05
53.33598737338162,22.36369963598916,13.605343038041195,10.69489849848204,7.145410599097687e-05
52.90579282895664,25.51709521389408,13.880057065375478,7.696960189750349,9.470202344848423e-05
54.584018346302045,21.317151360265367,14.322404633853886,9.776340074141615,8.558543709034959e-05
55.268791670722585,23.678035756594127,12.439294951791092,8.613768138494384,0.00010948239780127327
54.94608986107878,24.371842566655562,11.677955217498361,9.004021357299475,9.099746779718678e-05
51.95914385267947,26.15967859409586,11.080329667360155,10.800748508827816,9.937703670393725e-05
53.895837657290045,21.849604529114742,11.785399450927535,12.469073347793255,8.501487442353073e-05
50.003769706933745,23.153023357269813,14.425256021368291,12.417873245860703,7.766856746544222e-05
54.06206664791381,22.330153356644484,13.125406549212626,10.482286002496677,8.744373239491943e-05
49.31962187705542,27.572487827935426,12.780681665996655,10.327122700712776,8.59282997252571e-05
51.58372642128823,21.43066967252483,16.010950121126353,10.974544053229208,0.00010973183137186719
49.59912380145659,25.298438320854206,13.465742269826238,11.6366126608896,8.294697336704465e-05
56.90573095636901,23.111474282294893,10.531045443818659,9.451674077756476,7.523976094582798e-05
57.27974008153696,22.010985084457516,10.238021750353491,10.471160058655327,9.302499671079041e-05
57.58647433624932,20.26954761244365,12.78484419432714,9.359039592336337,9.426464356178342e-05
56.17353217901846,19.162305654454784,12.918515451472642,11.745555530312506,9.118474159224151e-05
52.89947012172694,23.345124940600822,14.286315961128432,9.46899862143455,9.035510924819343e-05
50.93257670742894,25.128680376764844,12.732542401034392,11.206130952797619,6.956197419867555e-05
46.076331967323235,29.8722100960576,12.905388522752679,11.145981780982709,8.763288378167193e-05
52.67152091030791,24.39955698851119,13.57595693664459,9.352883280481878,8.188405440744272e-05
51.55512583244485,26.440201205101282,12.613047595469792,9.391550713814507,7.465316958633038e-05
52.10883688934198,24.398673343190637,13.027407397722431,10.465011932176793,7.043756813312364e-05
48.38142111103619,29.395547355672758,11.811220889635244,10.411717945259957,9.269839587418291e-05
49.32719863695745,27.93032011755719,12.098972390618414,10.643433275582224,7.557928474835336e-05
49.627116908216664,26.427121499277156,13.154448727106956,10.791208933397668,0.0001039320015505172
48.604710827168994,27.134375033637344,12.465767863001803,11.795047019293078,9.925689877371646e-05
55.27348654632068,18.479527393443774,14.516386979531601,11.730494268329032,0.00010481237491512837
53.90485524356413,20.95205547602157,12.815459392834622,12.327525693875264,0.0001041937044248049
51.3671336647982,25.862743614208387,12.64396099086963,10.12607585456488,8.587555890205284e-05
57.336847732796755,21.450993569495633,10.623741578984932,10.588352930741001,6.418798167014983e-05
50.19402860600868,27.08660131285296,12.372201648633704,10.34704824039375,0.00012019211090144751
48.760804967478876,27.088596321635027,13.85540386219315,10.295077853013405,0.0001169956795515782
47.35582518434421,27.589425592547407,13.295585725571257,11.759058012431982,0.0001054851051545738
52.164139524085265,26.96824944096457,11.589691727421926,9.277835406669192,8.39008590691331e-05
51.47459303651337,26.003321024785915,13.46940855345923,9.0525958756217,8.150961977403103e-05
49.64343537820565,25.730326729008258,13.575471468765931,11.050659757501009,0.0001066665191578698
53.638011388025156,22.558882691412116,12.731680153427424,11.071344818201432,8.094893388289514e-05
53.886243083330676,22.369869807013977,14.665212264082905,9.078577118681963,9.77268904701781e-05
56.33732521876371,22.37037322089633,11.812718206333777,9.479495895474505,8.745853167043172e-05
48.73327375408335,24.8808497154191,14.459361508784118,11.926417380754344,9.764095908260845e-05
52.84213865220458,24.38193678104847,12.5845613163558,10.19129540587882,6.784451230496402e-05
55.125361179824694,20.730297707515415,13.991821968377014,10.15243756090327,8.158337960747682e-05
52.632600982051336,22.84482388755864,13.039198686796091,11.483302979853121,7.346374080860703e-05
56.65653593401729,19.288281179115092,13.68632437836657,10.368779179119961,7.932938109755298e-05
52.53871840758685,24.93537423249841,13.109594582963538,9.416227682659848,8.509429134723034e-05
55.38705864820339,23.682548326160198,12.938268689192082,7.9920468263630005,7.751008133907038e-05
50.6881839738915,26.846826032486877,11.06776347721298,11.397126074599335,0.00010044180931311348
48.490999097878706,22.912832890645895,16.303810325292247,12.2922388389615,0.00011884722165775943
53.72038688546898,24.525476008046333,12.618639290346382,9.135419246341376,7.856979690973866e-05
53.45076249972208,24.49645290025197,11.080234631080032,10.972462937011771,8.703193414955276e-05
52.795355432593574,22.887961678984535,14.281804751615235,10.034784913382223,9.322342444400925e-05
44.45649681417353,29.86904073236534,14.912174343172158,10.76220589611944,8.221416952086544e-05
50.39698205569133,22.691720039930114,16.147703463801115,10.763513418462242,8.102211520078424e-05
53.776462330241614,22.582385596164155,11.922835248180625,11.718240380051668,7.644536192870674e-05
50.16952319347683,27.5943681292121,11.7231409197759,10.512875888656515,9.186887864741712e-05
55.47759295899284,24.74198813473245,10.573996766553135,9.20634307610979,7.90636117772126e-05
47.889114046143575,25.217160290300207,16.812549404997274,10.081087857024942,8.840153398941246e-05
48.009401935084234,27.84796342177574,13.530755945078482,10.611782560235037,9.613782650020158e-05
51.66149402630591,24.226540436023583,14.714011850033131,9.397871084558204,8.260307918002245e-05
51.93233686440878,26.20318029824002,13.068275156478407,8.796136378458412,7.13024143831092e-05
55.673837077864405,20.340899569863968,14.179833782419418,9.805355583781145,7.398607107550839e-05
50.313695117704974,25.8567422392599,13.341366831827047,10.488103617099194,9.21941088947116e-05
54.42388130450132,25.09420898455017,11.53703475318762,8.94478921783737,8.573992351121722e-05
54.32949632834848,23.220741611562428,11.943153719938653,10.506531677108214,7.666304220235367e-05
46.35952729993309,26.848482879137,15.09293705465889,11.698970231836556,8.253443445557912e-05
51.465652427063006,24.580147426676913,12.168446235654393,11.785662523300216,9.138730547811485e-05
49.231346779459905,25.620622234232744,14.863203519537539,10.284739846485955,8.762028385284854e-05
51.17773161800261,26.476187668960648,12.897203520924938,9.448770425933228,0.00010676617857634443
53.30219169206435,22.76886766208143,12.179820146426588,11.74902148387026,9.901555737192002e-05
53.579874437472206,21.199609872269214,14.534600903803662,10.685818224486004,9.65619689107904e-05
51.09480796638606,24.228844725207026,14.136019262498376,10.54022794331693,0.00010010259160188365
53.931080504610726,23.560894630486995,13.18214043476452,9.32580489715915,7.953297860478312e-05
51.08650376814779,26.346397511435683,13.154431173285744,9.412583866442162,8.368068861521731e-05
55.31862328099625,21.175456578212355,13.019388410963526,10.486456195049035,7.553477885891166e-05
53.62572968639071,25.149476602762256,12.264583277517655,8.960132430777884,7.800255150027582e-05
52.971037640207406,22.96891392271837,15.225091643153199,8.834863267579964,9.352634104765928e-05
61.50255971473529,18.557556546711428,11.060028236501994,8.879768369820884,8.713223040804002e-05
53.6988758699529,23.798052850899627,11.92678396828655,10.576201440643885,8.587021702382825e-05
55.964304871188574,18.370360496121528,14.403795217102369,11.261451558052304,8.78575352157565e-05
53.27400899413086,23.415870793539142,12.91647476499323,10.393554166077248,9.128125952723971e-05
48.66197090860819,28.77290689749416,13.054060985663135,9.510978127200637,8.308103386414941e-05
41.067340876410334,32.25140253015876,15.439565027749344,11.241565796405778,0.00012576927579060422
51.60315994769827,24.61905519112951,13.642730582307976,10.134942769931394,0.00011150893285195001
54.45689064124677,22.276012156469168,12.190105017900867,11.076918503316941,7.368106624766895e-05
54.552406928585775,23.125319594680246,11.74142234635917,10.580769243635194,8.188673961665737e-05
50.73008436730755,22.994707379927767,14.169778893038862,12.105321529719506,0.00010783000630522887
47.71631769056804,26.411033641970068,14.346350192731732,11.526217928371487,8.054635866575275e-05
50.01782612179747,23.309131496413414,15.148851150023201,11.52409993829479,9.1293471128744e-05
55.75735161696501,20.530704662576184,13.624019975336822,10.087843594897333,8.01502246487287e-05
54.1661135367319,24.756172079757082,11.670613985747442,9.407015764431003,8.463333259346534e-05
56.39441477763253,19.076712524848425,13.838165808631553,10.690618235844848,8.86530426308462e-05
48.56011876273231,25.291355774690615,15.065406217546256,11.083007700861176,0.00011154416964234409
50.292015518665735,24.106549248830365,14.609114995412737,10.99221658224013,0.00010365485101572864
57.242655637693076,20.57173906918204,11.173304128466357,11.012216777339406,8.43873191133535e-05
56.614898528787506,21.512457942789425,13.204469948877312,8.668092138492323,8.144105344239575e-05
51.24028114079765,26.152735847470083,12.304198473889699,10.30269381652048,9.072132210778131e-05
52.15666802219469,24.19207426473325,12.629205385487857,11.02196152886016,9.079872405523927e-05
55.934886899438816,19.358492928791275,13.790123957530987,10.916409316422811,8.68978161076272e-05
53.38728199941387,23.609268597791235,12.950779102941926,10.05260018794646,7.011190650976792e-05
56.44365740754669,18.70469087148832,14.606446511182321,10.245122736933581,8.247284908717971e-05
49.023975375630265,28.988295968086554,12.472912045732523,9.514738384326085,7.822622458840695e-05
49.42781221283668,24.367595768195365,14.982179565898942,11.222322237280927,9.021578809459352e-05
48.53668622058155,23.20450780707432,13.763114370714028,14.495608189668573,8.341196152296698e-05
49.86755388379824,27.608883030168073,12.037373965474767,10.486095636813687,9.348374523352966e-05
49.796580595298614,25.657441344389266,14.257472249515105,10.28841734368012,8.846711688347845e-05
54.12147029091818,23.873041603403482,11.289989456862573,10.715399151882508,9.949693323819757e-05
51.241984219292014,25.352243497916017,12.922113425037024,10.483571349825404,8.750792953901042e-05
51.42415416368543,24.2662547022944,13.985566025972727,10.323955154986809,6.995306061970789e-05
46.31055395230699,23.960010477752117,16.333599519907352,13.395736463759123,9.958627442312546e-05
51.41891208958079,22.73378541279156,13.364324636020209,12.482877308441244,0.00010055316618488371
56.27147809997371,22.075635553975587,13.05253991982433,8.600262865193917,8.35610324594291e-05
50.34786549372261,27.029873706475744,13.324948584890178,9.297222123426922,9.009148456275033e-05
51.46233530857879,25.072329447355656,13.06229195183382,10.402963652134996,7.964009673647152e-05
47.073270870207644,26.917291675649142,15.937589865778056,10.07175982851032,8.775985484969077e-05
51.34085742662826,20.99833693763189,16.715268189193072,10.945456720171496,8.07263753043334e-05
50.02628650164339,28.270543156309408,12.491110104798677,9.211976205496025,8.403175249537972e-05
58.601184138418326,19.680347527374074,12.216009453067809,9.502368046511279,9.08346285251163e-05
57.12327921985215,20.604593136403658,12.312681656839969,9.959358731269226,8.725563498243208e-05
54.758969812390134,22.605685533848543,13.006836674460878,9.628434156243932,7.382305650177293e-05
46.31576262930229,26.62597439562237,15.326330959906143,11.731812259903007,0.00011975526619097197
55.18786758495801,20.511911750950567,14.361232835691155,9.938909991364385,7.78370358848179e-05
47.61374926314386,22.9260327146607,17.190934385713298,12.269187438048839,9.619843331004288e-05
48.35757304389575,27.457887272410055,13.211823106078674,10.972614317489931,0.00010226012558079382
59.429367024913326,19.28682298177137,11.431032545068645,9.852705597691523,7.185055514418095e-05
49.380210447852924,22.677800222050003,16.404493625562527,11.537374344851663,0.00012135968287587348
52.94058730190753,23.73072161185895,12.581222243458912,10.747397456328068,7.138644654859049e-05
51.35216375796864,27.140061801613584,12.567617491173147,8.940055944857173,0.0001010043874435985
48.116065722856135,25.04797975505335,13.902156557082588,12.93368605374079,0.0001119112671311531
54.18031794747571,25.09331569581236,11.88464168574382,8.841638581638655,8.608932945486876e-05
52.334137090527065,20.811435055962015,14.60117931357939,12.25317808724799,7.04526835413586e-05
51.58010308342445,23.016924270638256,15.683903287864611,9.7189672513327,0.00010210673997546141
54.587056066850536,21.12931941161358,12.682373461713595,11.60116887777787,8.218204442425511e-05
55.88258641156757,23.67546644771321,12.3939835123289,8.047895821355153,6.780703517512305e-05
51.027539745983354,23.660839953877336,13.86168933657657,11.449851094455536,7.986910719345138e-05
59.203947007504766,17.701729302462137,14.265017565902,8.829234549176224,7.157495489853327e-05
50.33438949591279,22.703304376686397,13.737357680678889,13.224864767240168,8.367948176276123e-05
58.432577460190316,18.5929599506296,13.305826669849738,9.668558282713681,7.763661666000229e-05
44.756347529313814,29.436548608077583,16.638713060375615,9.168290070329945,0.00010073190305448123
48.001874399627155,30.008999404744053,10.705423472967926,11.2836267741926,7.59484682610776e-05
54.07810822283452,20.040946823457244,15.375876555655083,10.50498357249549,8.482555767230199e-05
50.78884269501954,21.712183218167922,16.81654115475249,10.682340189203149,9.274285690783736e-05
58.739287918751906,18.998251039688768,11.864411867334123,10.39796685923112,8.231499408928154e-05
57.785382796602526,19.014679400907124,12.526455092430048,10.67339771171912,8.49983411781859e-05
53.854796588936594,21.99792830529849,14.295817562970676,9.85138576160534,7.178118889685661e-05
58.72263549273714,19.953088151912414,11.243113204747663,10.081084439562659,7.871104010623256e-05
50.6039797627911,21.313618003451893,16.746259859182267,11.336045386807541,9.698776720830668e-05
54.39220004673297,21.38489808022392,14.145442175614997,10.077396065980498,6.36314476230611e-05
47.90878691043572,26.44351843805408,13.346913703579258,12.300718636525229,6.23114056930565e-05
50.834385529607516,22.23046395714482,15.676724298723377,11.258329400585716,9.681393856044537e-05
55.160571436979225,20.8045609993194,13.52567171402281,10.509116178414247,7.967126431490238e-05
54.600348996566225,26.133664775018012,10.999728330014873,8.266172339585525,8.555881538234461e-05
48.09168874584342,29.095006374793186,13.038660170304588,9.774552316006863,9.239305195123418e-05
48.82079363603735,24.573569630513266,14.37361102978727,12.23193230703746,9.339662464907457e-05
57.571573936494914,17.73252393827959,14.002705116545291,10.693097923612562,9.908506763325681e-05
61.234875588585794,20.41168091322183,10.699755241606526,7.6536096737393935,7.85828464499144e-05
52.246995826938594,26.308118847250366,12.403677458049014,9.041118821238578,8.904652347181508e-05
51.75728123622881,24.677635433002703,12.638552024174318,10.926449381986453,8.19246077001358e-05
51.12299606721986,26.29187667811156,13.17793280503183,9.40707555072835,0.00011889890839289922
54.53156441337066,21.762431894209065,13.257664213774643,10.448246606318829,9.287232680443138e-05
52.91658821922437,22.037845763116245,16.105925618651277,8.93955979288684,8.060612127580753e-05
54.47834618909181,21.80435907656977,14.225364878647095,9.491852790094226,7.706559708148793e-05
51.09249288597015,21.437539561424167,14.11305391478304,13.356807803024564,0.0001058347980622972
55.31257982783752,22.353497958128525,13.605015599973381,8.728814908062509,9.170599806282217e-05
56.768185064391105,19.812428232205637,13.743112035506991,9.67618877774939,8.589014687428324e-05
55.206505639993864,19.97194691420579,13.89384973479112,10.927619833410215,7.787759902286872e-05
53.609031297216326,23.746451394991684,11.561165550518043,11.083251816336197,9.994093775350169e-05
54.28657527346205,20.641313155857322,12.8198545346329,12.252188630208048,6.840583968304898e-05
49.05844003711933,25.982304672559316,12.979498520324158,11.979671398576844,8.53714203462373e-05
57.1871686286035,19.83550430790433,14.108009075136055,8.869234889065023,8.309929108837463e-05
52.35052649778205,24.637425402103247,12.516509188457754,10.495457840908344,8.107074860687179e-05
51.88172902591985,24.233123881671172,13.541686932286542,10.343366171083147,9.398903927232984e-05
48.690764255275504,26.01246017367988,15.047572112659852,10.249117884612108,8.557377264780259e-05
48.21563883157731,24.618204827314212,16.575059474791864,10.590990165597793,0.0001067007188305536
47.03255522754078,28.36735649697549,13.949071211339925,10.65091139154516,0.00010567259865806294
52.5049293551993,24.462079551670733,13.987887791022782,9.045021223578589,8.207852859910208e-05
52.061850654773025,21.736576215631565,14.951621750113231,11.24985675704792,9.462243427076064e-05
52.434344061137715,25.238618628158104,12.686250698669625,9.64070106091879,8.555111576273156e-05
49.1675044061048,23.60255340644362,15.542034283879344,11.68779761342961,0.00011029014264461577
46.09517138965892,28.622571617075852,12.614596892961568,12.667548509667636,0.00011159063601924594
54.71606506615926,23.983134320078864,12.286919130816514,9.013792079278364,8.94036669842442e-05
50.81557946782598,20.479067669936853,17.135528856613195,11.569738239940373,8.576568360947577e-05
44.30663722370006,25.56894778808702,16.496442815143546,13.627857935430857,0.00011423763851609401
54.68104225960057,20.607201768093965,12.6612942627439,12.050373654911606,8.80546499579165e-05
47.37839201778572,29.50735738806383,12.624591163781169,10.489575978392386,8.345197688310476e-05
51.502814769602814,21.187681228299354,15.8844620381873,11.424946971580207,9.499233033358511e-05
56.56807605261693,19.878483756722304,13.62176717421913,9.93158191627631,9.110016531941977e-05
55.072904975801066,19.64234667433487,14.676774376997997,10.607875756940588,9.821592547209655e-05
50.41514774419237,23.459956699571986,15.746635473900591,10.378170220343106,8.986199196155267e-05
52.696086659304385,24.362077358124004,13.890272332620372,9.05147634427647,8.730567479372859e-05
51.88654919917123,26.88168563693873,11.352696457869214,9.878986824028939,8.18819918885891e-05
53.239104217074505,23.672185230483333,12.973956850763656,10.11465999789021,9.370378828271999e-05
55.01430673251079,20.941711649766233,15.194317466257793,8.849559716520156,0.0001044349450200529
54.74770389889477,21.98985324198089,11.729820165935708,11.532517072387453,0.00010562080117688922
50.264498693440586,20.595541767635876,15.763962861676392,13.375923573591974,7.310365517414743e-05
51.27191805913075,23.884240947409456,13.666141743869936,11.17761164363682,8.76059530397461e-05
55.63936400825157,20.75726155989537,13.87720149792948,9.726099646501194,7.3287422379572e-05
56.373609445032145,20.123296053606456,13.455135029514079,10.047841665431504,0.00011780641583320481
50.805237971652886,26.480369194640694,13.09260968634908,9.621689266616906,9.3880740454899e-05
51.839052980105016,24.02130626066698,12.408163797090232,11.731374766986526,0.00010219515125347683
55.79402915397863,21.86409156877088,12.928749151759195,9.413038921546187,9.120394510487152e-05
52.23986103893827,25.006074465015942,12.796963850652245,9.9570334768316,6.716856195090298e-05
54.130446534266895,22.060882963266657,12.360915311666547,11.44765324219933,0.00010194860058604359
50.47396088720777,23.20860113038618,13.634401657476658,12.682969693660079,6.663126933812913e-05
47.03838495170161,28.645295538350673,13.220297827711693,11.095930183384606,9.149885141383617e-05
51.68383070722417,25.177195904336493,12.690166261288669,10.448709018762626,9.810838802777116e-05
49.16833017467779,26.090654433232956,13.53021664111983,11.210721446277297,7.730469211884501e-05
52.80658344172712,21.35176860080573,14.311630978330312,11.529917366167872,9.961296897514697e-05
58.30370199197116,19.89910496843865,10.319286586381759,11.477831112876682,7.534033173485464e-05
55.50052296693029,22.370530700467036,11.24639812655362,10.882457967796073,9.023825298096068e-05
54.12890458789913,18.52567990623079,15.368664011442053,11.976675895162197,7.559926584719729e-05
47.72501115072761,29.852793548232604,11.888084818281978,10.534003073200338,0.00010740955746317052
47.680854405936415,24.73566509812478,15.509885644931135,12.073462011410344,0.00013283959731830015
55.46681061802366,23.56940050428207,11.825236933304724,9.138462807322407,8.91370671365019e-05
45.4520981939479,28.95681393908157,14.070217408272518,11.520776100902356,9.435779564637209e-05
45.81587557829774,25.588158221326708,16.117327112905606,12.478555272861207,8.381460872247485e-05
56.139348784539145,24.053996117240604,11.547118409594946,8.259456852476879,7.983614841427478e-05
55.24008853129302,21.41622269578958,12.876819656118629,10.466776246914195,9.286988458696605e-05
53.67213380586784,21.627288143175804,13.205136433353697,11.495338964781974,0.00010265282067894373
56.781500855276555,19.910786468199717,12.941498800095601,10.366126123026444,8.77534016782776e-05
56.620349804163986,22.53858728628772,11.90934075236863,8.931652313922411,6.984325724103226e-05
45.74374404323163,27.01421378342157,14.183086939906095,13.058859634698115,9.559874258802757e-05
49.03435134567813,26.29370399290319,13.671177696674786,11.000678439798573,8.852494532836085e-05
53.84285709950646,22.6388316033513,12.773240021322142,10.74497915845983,9.211736028705747e-05
43.370866979117665,31.681578413140432,12.657160680593469,12.290300488828677,9.343831975365553e-05
49.49377607347239,22.756829770983916,15.729819787698169,12.019492687358982,8.168048654275552e-05
55.82258495754269,21.639381167376936,13.185209652717722,9.35274468038453,7.954197812086356e-05
53.54376431630969,22.823666854671366,12.224645759465371,11.407832955510063,9.011404349879391e-05
49.763297096512424,26.12407214210547,13.526774053557306,10.585762156678486,9.45511463199882e-05
54.213902126471616,22.26502015637168,13.249532423650926,10.271445585255847,9.97082499327963e-05
49.31188870960771,25.01953830406402,12.729611996488924,12.938860413565612,0.00010057627375882334
53.77222795102078,23.873122140504822,11.972184256922334,10.382384632626197,8.101892584646649e-05
51.35852179186223,24.978690195392105,13.849564364562312,9.81311473004345,0.00010891813989923128
53.52325786057579,22.323800356757147,15.140702011571246,9.012155832168856,8.39389269410935e-05
52.99320330976226,23.335236053822552,13.854566959686936,9.816910770141005,8.290658723944702e-05
53.191734333873754,21.65813162802765,14.54094566432769,10.609091642374763,9.673139614989402e-05
57.97100284108143,22.166714279922175,12.063335470490651,7.798855937359715,9.147114603977023e-05
55.749216105560826,23.26427744396416,11.536334031245003,9.450095663427195,7.675580280139309e-05
60.95978409355249,15.562371024546614,12.646083678535994,10.831667126901518,9.407646336036918e-05
50.93069581958337,25.562336019038245,12.189219884796094,11.31766874571851,7.953086376900976e-05
57.46481086601801,22.971936297469504,10.126018386084217,9.437122931066732,0.00011151936153895771
55.81881098932032,21.42689034809699,13.58708586602186,9.16711262797856,0.00010016858225876358
56.60266493875825,22.144472416324884,11.260867674599798,9.991900457361469,9.451295558475566e-05
47.694239911370836,25.46729834978026,12.92822567972906,13.91014246750752,9.359161233537688e-05
48.62299722824212,27.635144331095617,13.437759068130479,10.304018582059575,8.079047220594025e-05
56.166878660421425,21.096967641159083,13.616157152675735,9.119921293999814,7.52517439482948e-05
54.95530880663569,22.737175258244267,12.037993737307719,10.269437051002368,8.514680994341759e-05
54.43356246351476,25.90586390909881,9.83111475120601,9.829370222398857,8.865378156915016e-05
52.68426728050496,22.563024014376776,12.487145992239231,12.265458165716566,0.00010454716246911898
50.750687870614875,28.14662246390806,12.733017673850167,8.369589225870302,8.27657566077416e-05
61.58943346890331,17.64376570950173,10.325311202695604,10.441397922160606,9.169673874275861e-05
55.83937738491568,20.562115635588583,13.201839347624917,10.396589175191357,7.84566794838347e-05
53.23145199911633,25.098997224668214,10.874895888638374,10.794555730356334,9.915722074958639e-05
56.584476913302325,20.69581230804297,11.384973604947527,11.334656540878504,8.063282865332865e-05
58.51913761120824,19.1538566681985,11.95173930897232,10.375188712463173,7.76991577538097e-05
47.551857309904165,27.723112567303332,13.718938678736189,11.005967662530528,0.00012378152578727925
48.97920869050853,27.688071306537555,14.440239665648654,8.89239243107155,8.790623372369259e-05
52.17191889462326,23.973362303481597,12.25711193917055,11.5975169787522,8.988397239744207e-05
53.851423280026324,23.001434163013055,11.553678776211843,11.59338262777203,8.11529767520097e-05
54.592417606571466,21.412170705047888,13.723501399507839,10.271832111462329,7.817741046508936e-05
51.53101765802549,26.780446860894465,12.395745640140289,9.292681440009844,0.00010840092989223468
49.043383963602786,26.864371755495313,14.258700729844026,9.833462563266691,8.098779117089845e-05
57.06264396081032,23.688918977293344,10.370021606954436,8.878359145861053,5.6309080847828634e-05
49.935066311916636,25.857472369227537,13.739335534516565,10.468023504866505,0.00010227947276897631
50.32997999216481,23.525282747532465,17.584910176825353,8.559737744304039,8.933917332412616e-05
55.334066031426055,20.991607741555907,12.035704322966296,11.638536404059618,8.549999212363242e-05
49.83777811109617,25.56204483713313,14.682533171513246,9.917562657316845,8.122294060984697e-05
54.76396407347297,24.359395568294197,11.704906155868436,9.171657339816305,7.686254811014654e-05
42.5825711308372,28.966392756693327,17.454540489952958,10.996401463368723,9.415914779247579e-05
48.71352856486096,26.70608923944228,14.506445095179293,10.073844349604212,9.275091325798697e-05
50.47150629858661,23.695336517574713,12.805410428204961,13.027650587845581,9.616778812257762e-05
55.145062416988026,22.230362352381572,13.932231358950173,8.69227164562394,7.222605629918525e-05
52.02756891168151,24.541823999425123,12.868732536240795,10.56178378307862,9.076957396609648e-05
55.849043231596,22.2813438526108,12.993692210612195,8.87585346868075,6.723650025785781e-05
52.34134770787079,22.025503040960917,14.176104315133767,11.456975959606366,6.897642813666963e-05
49.95751984132949,27.096777812643253,12.463042861891852,10.482559796688973,9.968744644727522e-05
52.86134063747148,28.451792606615477,9.902083762478147,8.78470314784304,7.984559186769157e-05
53.934232552810755,21.928974911489373,13.76600910736524,10.370701044230067,8.238410455822182e-05
51.22243892600973,25.097922047234384,13.761892694077419,9.917661873650765,8.445902770208974e-05
50.03436849276252,22.25247502805686,15.614123430685456,12.098955562083507,7.748641164730488e-05
52.09056770583336,24.022159852131985,14.210037654239674,9.67714722596976,8.756182522263114e-05
48.786978787946026,25.805595470591264,14.330841844690584,11.07650357763852,8.031913361511961e-05
47.30714873963965,29.205997072272698,11.809635080820218,11.677141904107707,7.720315972628282e-05
49.809855865293926,24.507295428964333,15.914639925304783,9.76812171938562,8.706105133225466e-05
57.78194787852657,20.20863584013087,11.598060492166331,10.411272692610446,8.30965657761593e-05
50.460838827259614,26.904702109266637,12.287538768650206,10.346820877107767,9.941771575958811e-05
52.002209626163676,20.540787910804337,15.33303695313773,12.123857888986391,0.00010762090786186091
52.16347476103573,23.233285174231984,13.94045656756342,10.662690720180978,9.27769878950752e-05
47.1403251909492,24.999627688335284,16.10276255873872,11.757206999993576,7.756198322559843e-05
46.24359935351449,27.412356052897476,15.431669439836062,10.912287686007154,8.746774480375797e-05
51.21613727186206,25.043944090714,14.200556500252334,9.53926550980787,9.662736375758286e-05
49.668237239881634,26.239091843393332,12.045555458797576,12.04700593461284,0.00010952331461244706
50.772903063928155,27.342098470505256,13.463966602854072,8.420917278086995,0.00011458462551549366
43.75046886271986,31.760368438929586,12.692938289161162,11.79612710293043,9.730625896103361e-05
54.82835909580144,21.56259882295827,12.919305074254792,10.68965069210912,8.631487636389014e-05
46.83358771780301,28.532074341383513,14.132858914708244,10.501382529703283,9.649640193555171e-05
53.42860673393548,25.929550386167495,11.759814955153665,8.881933727190217,9.41975531376083e-05
51.58765068690613,21.631928562716805,14.575788449638932,12.204545031968633,8.726876951149468e-05
49.95712951014722,25.23625790572492,12.9472449425524,11.859264384308817,0.00010325726664047714
51.04730061150771,23.81755254698204,13.725377836756229,11.409687535859398,8.146889462381284e-05
57.45895279645505,19.915308272896624,11.341667840620556,11.283987631839043,8.345818871114599e-05
48.528007483456854,25.380391930781993,14.433825902623632,11.657680754294294,9.392884321322724e-05
48.42831915363085,23.576426714159727,14.915040645818184,13.080109051377617,0.00010443501361736364
47.656262788430865,26.02130332632276,14.829173430323175,11.49319125370161,6.920122158686817e-05
49.151939819187994,27.187097622484718,14.368958959172428,9.291910985534962,9.26136199172237e-05
51.23773973105864,26.13640015232173,11.450693535865426,11.175048803510387,0.00011777724380755847
58.559803461692695,18.774556765064432,14.137302457748893,8.52823339744759,0.00010391804637708303
52.07553839721643,22.190430549867028,14.256840437469299,11.477106970494901,8.364495235424732e-05
53.61019773850008,23.482795055661583,12.877695844145165,10.029232675448132,7.868624503568053e-05
51.042143929525686,22.949930459252755,14.532615782486708,11.475222555382608,8.727335224180983e-05
52.82915120045797,25.962570165544225,10.217139293794299,10.991053366336228,8.597386728603226e-05
52.52913357938866,23.99474073335371,12.388041190625037,11.087988476724696,9.601990789033068e-05
48.24329289684406,28.986209576377377,12.337678701777545,10.432730900700575,8.792430045822973e-05
53.93162504121468,23.998636313860054,11.639378336688498,10.43026972907354,9.057916322287055e-05
59.853669690707655,20.90791541912313,10.597461753194823,8.640856644252198,9.649272220860349e-05
57.360820595939074,19.938767692181262,12.760117240943053,9.940209826153364,8.464478324961557e-05
56.467804922834105,22.637596708042075,10.537225589002269,10.357289762906525,8.30172150210227e-05
52.4384290914659,25.281248271364774,11.44089053555612,10.83934362962734,8.847198586925203e-05
49.76491627167647,24.145541304745393,14.152136292170969,11.937319386727644,8.674467953332126e-05
50.00170570784855,19.867378492819,18.313462141738913,11.81735183479497,0.00010182279858248481
51.89877135373373,26.95060433164132,11.88061961312611,9.269886184552977,0.00011851694585469982
52.856949059849626,22.885620170854605,11.728703832854178,12.528653764191356,7.317225022734557e-05
50.29687931627167,23.541551229164362,15.529927867690718,10.631555440337099,8.61465361483055e-05
51.461133060882034,23.047086032602614,14.308083854973832,11.183599581510416,9.74700311236453e-05
48.99958081323465,26.34254143311736,13.848648040603276,10.809141508327542,8.820471718112876e-05
52.37340894166586,21.61207312369998,13.906966439795063,12.10746432842091,8.71664181990372e-05
53.927301425949004,24.87745970032068,11.134174994399858,10.060963331588765,0.00010054774168918755
50.44049071401465,26.406561747688762,12.889738553008678,10.263133381897694,7.560339022823024e-05
55.10400045890926,21.580128875019135,13.700757305126945,9.61503951817134,7.384277331046777e-05
52.10054620209799,19.464916114002254,16.6583192636962,11.77613417271755,8.424748602214027e-05
51.36420180420422,24.655899321072177,13.509112391431405,10.470691763269576,9.47200226206671e-05
57.08754970154526,21.622878054308803,11.693892481698775,9.595597182107532,8.258033963397403e-05
51.614984067350065,29.930471356675092,9.68249988279584,8.771964145599727,8.054757926174666e-05
48.20511820613355,26.984936952040083,13.834941146143958,10.974897311452606,0.00010638422978878991
52.799973071800906,21.885723178110787,14.537829188706963,10.776380943598172,9.361778317503816e-05
49.77208620071438,25.843624399311153,14.23125897597785,10.152937309643196,9.311435341594799e-05
46.78717164780933,25.306867321693495,15.770867131597566,12.134968214273908,0.00012568462568600185
56.64369109098041,20.65507504809024,11.820950253384776,10.880193448782817,9.015876176719816e-05
53.77427696725429,25.314596575139912,10.928080695126196,9.982967756371881,7.800610774254493e-05
54.00257747492485,24.362748829345836,12.245828668260684,9.388759746607006,8.528086162508776e-05
54.040716423795,21.124808366541522,13.25363743989702,11.580738494366715,9.927539973912173e-05
48.825603729169885,27.333252802958206,14.833733925018278,9.007313361464343,9.618138929877787e-05
51.37326834429261,25.355275878216194,12.154474772727516,11.116891706154435,8.929860925455673e-05
51.97767568002424,22.47805673181813,13.353889359861723,12.19028371959067,9.45087052441425e-05
57.1163695859857,22.752615267035182,11.361924330718557,8.769013234285545,7.75819750123721e-05
50.32742767676201,21.78350700907412,16.42113648076427,11.467828618111414,0.00010021528819141777
50.7705715261377,23.623298149403524,15.510834281279529,10.095202395562424,9.364761682563052e-05
58.246964975690204,22.000918848219417,11.483846519244127,8.268180024682628,8.963216361861961e-05
50.262159928884564,23.198282201917895,15.661564076914836,10.877897669807084,9.612247563617968e-05
41.92674451629003,26.8331087027008,18.19635651697475,13.043690088424102,0.00010017561031869559
53.51132311061937,19.943453720252187,15.083341023107252,11.461807665427472,7.448059373178596e-05
51.157945644084144,25.350416088144044,13.2764310332311,10.215136658058107,7.057648260692183e-05
55.59994626294875,19.876113521629513,14.267425570125598,10.256449595329554,6.504996658370314e-05
54.20331194546162,24.31174096276034,12.097604084837183,9.38725065670195,9.235023891186076e-05
53.23831696414453,24.029162841808883,12.57396837085726,10.15845681491565,9.50082736801894e-05
48.924576955817706,26.781817937103714,12.171076282887586,12.12243701163054,9.181256044186919e-05
54.61136701167389,24.331831414292477,10.884079014528373,10.172645295771868,7.726373339029489e-05
46.091163681690034,28.919589655150414,14.092126492298332,10.897007077100033,0.00011309376118536392
54.45080446524385,22.67279430920143,12.883293735927731,9.993049182645882,5.8306981107841115e-05
48.618145797329255,26.134247733617023,13.396337522788896,11.851189407056042,7.95392087776003e-05
46.904538771939045,27.656624891653525,13.838982104212757,11.599742542336362,0.00011168985831355275
47.859806513317224,27.177721581008775,12.888154961527315,12.074228997600173,8.794654651745602e-05
53.330000460090254,22.503628102572705,14.388931296601815,9.77735361639606,8.652433916703486e-05
48.71357081762255,27.64116599563682,11.564769882940672,12.08040217945859,9.112434136506315e-05
57.28528854973668,22.731828171865466,10.163829750661947,9.818987868152115,6.565958380660777e-05
56.135167327122126,21.346181844882945,12.063748311024854,10.454830083985067,7.243298501712834e-05
49.72870311737803,22.188707840873445,16.078450246710318,12.004054940361307,8.385467690084915e-05
51.503748702919886,17.80309720179687,18.370091378232146,12.322950256709388,0.0001124603417125157
55.831482139639895,22.73952343250828,11.467013269497471,9.96188559333643,9.556501792112839e-05
57.709803519621026,17.78007809565733,13.307160239962826,11.202882365346161,7.577941264622968e-05
56.69227363699496,21.167015017895103,10.979472265363317,11.161156883701338,8.219604525526917e-05
52.17347990989336,24.2261309759842,13.573674699294125,10.02663388437444,8.053045388386406e-05
52.70624047742298,23.661131571033163,13.284600365807137,10.347908758185955,0.000118827550753282
55.241957838408936,24.40625635628943,11.175814579825447,9.175897225072497,7.400040366206269e-05
51.48221601439267,24.575147465334783,13.50761349874516,10.434930411317472,9.26102099053048e-05
52.39042248502732,22.730159084903256,13.250068326793826,11.62925557945894,9.452381667802354e-05
50.115898915443246,27.535189485559748,11.538884565982691,10.809942912790829,8.412022347553798e-05
55.42767190516316,20.97626381418614,13.409875619718207,10.18609995692922,8.870400328993728e-05
54.691253279235,22.214426797289157,14.122841045379209,8.971391813284443,8.706481219990125e-05
49.55403274118838,25.06380988719954,14.489062371628359,10.893010424206127,8.457577759883353e-05
52.74200181188916,23.58449967125354,13.264555897766876,10.408867995880577,7.462320985585145e-05
53.250291106598645,22.673284044245175,13.444937492084936,10.631391956338904,9.540073234159519e-05
51.98378737174723,24.189377698705563,13.865731089911366,9.961006763506452,9.707612937880155e-05
56.929689529120466,17.060739381074626,14.750965303470418,11.258525095398936,8.06909355570252e-05
55.83463232039397,22.522424512280175,13.043928011616918,8.598924306566392,9.084914254271587e-05
47.483123288142366,25.390818091446686,15.356578040778118,11.769389476803847,9.11028290008395e-05
57.27075427941959,21.073013985260516,12.504414888694559,9.1517285477278,8.82988975586015e-05
50.00192831032081,25.70252978576018,13.74407688483196,10.551359502884413,0.0001055162026437184
53.6725547755333,27.44353421348911,10.311401905713064,8.572422098838212,8.700642631286568e-05
51.58365828253093,25.633926819156233,12.332702558742376,10.449631739338846,8.060023162778864e-05
50.7481491360649,22.907011137002677,15.370983466180713,10.973763929532534,9.233121919244343e-05
53.84410652223575,20.65205127809208,14.659570155774379,10.844172878265224,9.916563256018529e-05
46.28652849995697,29.677529148839486,12.257653431349322,11.778201187713085,8.773214114445343e-05
58.50269532837501,21.438476781644553,12.217342836342937,7.841402361787692,8.269184980882983e-05
50.08021278169837,23.944304991627263,14.84499299568956,11.13039151010018,9.772088461587444e-05
51.65181633685133,24.215995908980275,12.664492008409823,11.467600767881473,9.49778770942237e-05
49.8187456414357,27.929637448260163,11.423211829635648,10.82833587083393,6.920983456822772e-05
47.92348732810035,27.613762641178813,14.275192450488378,10.187458437973177,9.91422592626208e-05
51.41906515809753,21.987235146720135,13.324718091646885,13.268904050138167,7.755339729860644e-05
49.95371297702622,23.466490142948064,14.110737205084737,12.468968229912713,9.144502827186296e-05
54.90316075689366,20.810220572674325,13.709718302630868,10.576809815177453,9.055262368707204e-05
48.33305511327105,27.069210505569234,13.595124776962967,11.002526469348574,8.31348481693712e-05
54.526383758631944,25.838987744374105,11.625708431839085,8.008843993451027,7.607170381209069e-05
56.91714870727832,19.540129179736386,12.870078738114046,10.672554491653155,8.888321810468028e-05
54.499512150208695,20.47368832281944,14.597086808769276,10.429627952141013,8.476606157537867e-05
50.26188041878208,25.675229211446236,13.909922770804748,10.152875118543104,9.248042383821136e-05
53.51933290391394,24.485155765267216,11.991654687884482,10.003773553348614,8.308958574472547e-05
52.126903110672686,20.069452761113755,15.422299558524418,12.381264755494024,7.981419513120632e-05
52.5834734411842,22.68984654091481,13.182282111976996,11.544318089544504,7.981637947026078e-05
45.83213121725417,28.36606660752733,15.11379576745252,10.68791844546839,8.796229758200003e-05
47.205524742428814,29.86503587707937,12.078659295804583,10.850693845957496,8.623872973673223e-05
51.08190921052811,25.722766077237168,13.90825979968708,9.286964695019952,0.00010021752768990664
49.20121377488434,18.83570883224929,19.715647611974074,12.247322117189627,0.00010766370267404988
55.41168058144218,22.641308397530057,12.184051692401638,9.76288957641358,6.975221254833987e-05
50.27091803060176,22.18293469962114,14.646609850404834,12.899445623987113,9.179538514597265e-05
48.990050591062975,25.047905860635755,16.36906362376206,9.592893200737368,8.672380183523532e-05
50.03124992298643,21.69689455941444,14.629308979947142,13.642441451073722,0.00010508657827354934
47.66162314126313,27.321412721403345,13.635897978909714,11.38098135298263,8.480544117709411e-05
51.2436102346473,24.375755319621,15.059947224434827,9.320598688062473,8.853323439405617e-05
50.49991611425677,23.434899305752115,13.457274600684203,12.607792531741735,0.00011744756518154732
51.00107113069202,25.285509144252334,13.536504207010122,10.176834153502497,8.136454302559534e-05
51.84302624152802,25.989158238040737,11.126207962020143,11.04149500006897,0.00011255834213382235
57.138692315801784,21.257866645530164,10.376121405787439,11.227238601639412,8.103124120218877e-05
54.649034603905186,18.5405056371149,13.749447914567572,13.060927989570118,8.385484222256538e-05
48.56015537291828,27.20757684482479,12.619553989189361,11.612610971361597,0.00010282170595920747
56.57750777337658,21.672394125070156,12.03491167707723,9.715099138940811,8.728553522250373e-05
51.486966298979965,20.213950773908298,15.950391273272443,12.348581085991533,0.00011056784775612497
47.61747854516502,30.015023567964665,12.224532540297508,10.14287180403747,9.354253534350112e-05
55.374110524369726,20.878241564295806,13.211375528782284,10.536191564869696,8.081768245945445e-05
47.79314361734242,26.763698250015338,14.376403738237284,11.066666833825309,8.756057963354656e-05
51.330509808741375,25.37820222326783,13.996502467874548,9.294702561235187,8.293888103608259e-05
55.77857700573766,19.960143504521614,13.941990870833449,10.319187940092341,0.00010067881492462594
52.56154698781159,26.941044199069452,10.454901517293846,10.042402219995108,0.00010507582998552873
51.40467063738476,24.544404841429625,12.87092194858112,11.17992306465939,7.950794509294413e-05
56.40013120700341,21.191685102832896,12.728090937711123,9.679982796584405,0.00010995586814827624
55.39938131058641,21.90235713258712,12.985718017299238,9.712457466223128,8.60733041031164e-05
48.68170155497373,23.70942370250925,14.92061840605691,12.68817875978541,7.75766747129162e-05
50.834494271460365,22.312134140627514,15.169488257453581,11.683800890523925,8.243993461392949e-05
51.1583550784285,27.925087452489255,12.009427723803048,8.90706204460541,6.770067378237575e-05
48.67880592026809,28.4287664682405,11.21833440727337,11.673998705592734,9.449862531644618e-05
45.82756684269508,30.494766721562915,12.289229705612795,11.388362308656177,7.442147304710233e-05
55.857774827206796,21.544718898718237,12.509109524264,10.088317442934876,7.930687609151738e-05
53.98104861133023,24.358261127556705,10.031806679749536,11.628780374289851,0.00010320707367878035
58.28543484168374,18.165419221473975,11.692942435564712,11.856136598411918,6.690286566352465e-05
56.71705030124843,19.045004372228384,12.038794664055095,12.199058481991438,9.218047665724262e-05
49.04681942134433,26.848206359206696,13.455191713074324,10.64969670308627,8.580328836599791e-05
54.25007493390471,24.035638426113394,12.819687979355058,8.894501375035423,9.728559140424601e-05
46.23887741444221,26.387657057457375,14.582938184868283,12.790437212841907,9.013039022916848e-05
56.83061232344207,20.142061046525168,14.378534240416316,8.648691731368729,0.0001006582477354084
53.20155401955893,25.053924264825937,10.455409675634652,11.289026198118686,8.584186179158463e-05
54.18750002469328,25.385837876639627,10.649291153989651,9.77728318607882,8.775859862897602e-05
50.58428230126617,23.921254021890178,14.506265672821183,10.988091925371469,0.000106078650987379
50.40283093299852,24.170026315882083,14.613923542527212,10.813123013923782,9.619466840011803e-05
51.84169940312016,22.29581496037452,15.696061861287422,10.166337850888096,8.592432978264878e-05
58.87579080761252,21.486209357760846,10.142397990012277,9.495521245579196,8.059903515485039e-05
55.54648713224495,21.653256889769334,11.705604329932513,11.094580266869547,7.13811836627924e-05
49.60326884472689,25.689844415672404,13.537226539471842,11.169560210759407,9.998936945283824e-05
49.82594257413539,26.58610621092164,11.959521263347188,11.628319332163816,0.00011061943196718229
52.75606451753092,21.57207886676746,14.039291798022175,11.632475263606285,8.955407316543445e-05
54.724522033269054,21.32626175196294,12.83790504364154,11.111223731694094,8.743943238757434e-05
49.29147207513686,25.3941719793623,15.178283347519805,10.1359780566321,9.454134893231458e-05
50.70804661047429,23.55357578633037,14.770889658184219,10.967386546007882,0.00010139900323353263
49.19873900047008,27.815188338288944,12.456958931832785,10.529017005854264,9.672355392630783e-05
49.85385734870977,25.37543570543061,13.424549207962633,11.346064063118384,9.36747785967029e-05
54.72483325502036,23.956938908820288,12.200281212715455,9.117864396527553,8.22269163576316e-05
52.82927644180374,23.624274964511145,11.805265218492904,11.741107183567438,7.619162478229055e-05
50.568686230129465,27.467490126273226,12.973462584218003,8.99025949854592,0.000101560833397841
54.56647723858211,20.7957217666109,13.725788028110067,10.9119128768878,0.00010008980911478144
51.022593570512875,25.127540254983032,13.935310187252274,9.914471364307074,8.462294473062254e-05
56.285914178354005,22.594490114859113,11.747765823442808,9.371765814979389,6.406836469224098e-05
44.39284356620406,29.43564295408973,15.76089994165715,10.410527746578245,8.579147082182916e-05
51.46215623861154,25.40214678646101,11.920061372219616,11.215532896515269,0.00010270619257183366
47.94845997650128,26.09760901195625,14.607228345649032,11.346613712389841,8.89535035919141e-05
52.942286561063014,27.437216227337768,11.58029177865482,8.040106053552368,9.937939204292579e-05
53.789034276289414,19.837289875376012,15.97403132004877,10.399550337985174,9.419030062426212e-05
47.60459950931945,27.13636324413956,12.737668480139641,12.521254762324954,0.00011400407638522702
51.47487272298277,25.43036245842172,12.67438261740302,10.420298951599447,8.324959304757497e-05
55.737503737299754,21.299538645109045,12.708457601567627,10.254409823641463,9.019238212981016e-05
49.35090516363811,26.071646344652006,14.173975070273064,10.403382459245963,9.096219086424699e-05
53.399806909508065,21.825317649886316,14.68431660919283,10.090474183289544,8.464812324960046e-05
49.24435850877773,25.932279368583515,13.492171372192589,11.331083307346198,0.0001074430999737797
52.573454644776454,24.732070370147106,12.372165736536866,10.322239813912093,6.943462748901503e-05
48.00645907466623,26.98760889346393,13.430402379270648,11.575423163932292,0.00010648866691392865
49.82414778716168,23.487037825431145,14.242359774363052,12.446340389373875,0.00011422367026147837
49.944594823894654,21.385425113326445,15.97465697212625,12.695221713116666,0.00010137753598232836
46.54910310488328,25.35050337028949,13.892768042906361,14.207534971938882,9.050998198673418e-05
55.1579971837995,23.997566670983613,10.800364983324497,10.043988100615342,8.306127705580589e-05
53.69820020457304,22.502233250568374,12.952808331619314,10.846671118143576,8.709509568729181e-05
44.32045257751974,31.78698563525238,11.40739542658906,12.485073200840608,9.315979823126264e-05
51.66244437645111,25.29172672337206,13.562941783913166,9.482773110619982,0.00011400564368690989
47.58278969605567,25.729921210415636,12.990817478811618,13.696375897143085,9.571757400224114e-05
54.00156151027571,23.587667589001946,12.2146857744402,10.195991465057082,9.366122507380245e-05
56.342336241297495,21.558098691984746,13.10741311354854,8.992059776293459,9.217687573144395e-05
57.008908142669924,19.84405723595651,12.31688159517635,10.830060993043741,9.203315347801254e-05
52.54291622052937,24.5992619706384,13.275326459450513,9.582412559571626,8.278981009410284e-05
55.45152157104778,25.284860675677734,10.928437271013404,8.335096738630316,8.374363075646687e-05
53.525063965154864,19.586409230265527,15.737246787036952,11.1512099071468,7.01103958473639e-05
52.139102894302944,23.790627624874034,13.201218191447364,10.868975964898192,7.532447747383971e-05
53.97385530252271,22.56949957014459,13.166438217437046,10.290128855953885,7.805394175270828e-05
49.337886682763354,20.56033124811567,17.965999440963188,12.135686827689316,9.58004684647055e-05
47.628009199982415,25.629619865056274,14.774269108810534,11.967996210488385,0.00010561566239618297
52.87384087166876,25.323098191569343,13.453935684164096,8.349037092400243,8.816019753740296e-05
54.27656931492804,28.149247423198897,9.913162385976479,7.66093627526474,8.460063185454316e-05
53.77328866147033,24.563560266715747,12.353278198501433,9.309787941605622,8.493170688056065e-05
49.91660918788167,25.123160344704242,14.013825087338272,10.946322194481011,8.318559479416518e-05
49.51763350323207,28.72371174031727,12.783491470550254,8.975074075795494,8.92101049217388e-05
52.750437541954945,21.86894095173228,13.733443297787046,11.647067496939654,0.00011071158607409695
52.66331463327227,21.602238810106883,16.342500573234396,9.39183076216229,0.00011522122416463793
50.12046850570802,25.164308531773216,13.759004276967238,10.956134158604694,8.452694685068408e-05
54.36069457842676,23.113872886824588,11.450296261224672,11.075045250956855,9.102256712745121e-05
48.57240904461475,26.24202579986407,13.460931743983704,11.724565287388563,6.812414891286542e-05
52.134980469131875,22.018101675220063,15.363117056998302,10.483720244987566,8.055366219272119e-05
54.21822001860548,24.111155268809682,12.076340615197397,9.594195821835164,8.82755522737117e-05
55.757094264149956,20.822505849073313,12.62855166129532,10.791722037868261,0.00012618761313660525
44.011899910319805,31.18825125537525,12.39409030850882,12.40565924101276,9.928478337757398e-05
46.013078738766396,26.696945621180156,16.479243586635206,10.8106359023396,9.61510786601416e-05
56.82389755743582,23.4579997693058,12.083834935043368,7.634181609124055,8.612909098128154e-05
46.8825473765204,27.303202238236292,15.089268513684164,10.72487674344881,0.00010512811034021937
50.23788815116767,25.68613983651145,12.881260107358658,11.194590901458971,0.0001210035032500736
49.67862605992165,25.513088416353362,13.863957313366784,10.944227705779056,0.00010050457913488828
49.462952922795225,27.811204034847492,10.837776361399893,11.887978452145791,8.822881159654357e-05
53.80175189755515,22.575855660606084,11.78769105434431,11.83461743637475,8.395111969218226e-05
55.52001221181316,21.16870646776228,14.05776553081014,9.253441709195366,7.408041903816634e-05
54.06487345039277,20.62590008268344,15.827418902339483,9.481715151262241,9.241332206226435e-05
52.72819642715129,23.12229670908809,14.50440505007206,9.645027872773355,7.394091519222971e-05
52.553034877875625,23.075615915315296,12.6670313331957,11.70423263220229,8.524141106371462e-05
48.9962979137221,28.7224108512996,11.774004114579798,10.507185007544955,0.00010211285354251363
50.42341617476834,28.13935030080389,12.542134913876463,8.895016842771758,8.176777955556983e-05
49.6675011180012,22.272848607590745,15.4987218694932,12.560838375316047,9.002959880662264e-05
54.66544348111084,21.3059574683388,13.161203834507527,10.867313540316628,8.167572617876173e-05
50.867984913137064,26.1955145643147,13.79344163842227,9.142972066629566,8.681749641159036e-05
49.53329404540469,24.569947003604206,15.576076200213068,10.320587565451227,9.518532679937543e-05
50.38520238332396,25.920952248261774,12.841680286464943,10.8520634888734,0.00010159307593685717
59.22149029983325,17.785358105329667,13.248143272603677,9.744918769959332,8.955227406792249e-05
57.41128210896036,19.99605524706869,12.70590680693271,9.886683798551612,7.203848663418015e-05
49.01817561847571,25.241857034393334,16.080455919234552,9.659416421383217,9.50065131987097e-05
53.74176512617176,20.945041990346095,13.769917698642967,11.543168366692722,0.00010681814645538877
47.340624607717466,27.4882490138039,14.321222600698306,10.849802312318111,0.00010146546221362891
56.006008056943536,18.115877382726154,14.676325879649585,11.201701467526492,8.721315423344982e-05
54.3886262405749,21.975820987544427,11.667837732191371,11.967629257936974,8.578175232633586e-05
53.31381173922773,20.79929470424707,14.456495213988992,11.430320497219846,7.784531635241036e-05
59.609303269184466,20.825753821182087,10.689099326427668,8.875758258205558,8.532500020638564e-05
57.292589443135746,19.14015605473921,12.914319055451717,10.65284428410173,9.116257159558974e-05
54.02480437720939,24.10607567743891,11.750757397750915,10.118278201839377,8.43457614253914e-05
50.39525241332247,24.94175797108727,15.105384688737411,9.557514191445005,9.073540783793007e-05
50.695442993369745,25.478694722448765,12.758135982863667,11.06763602013343,9.02811843950026e-05
57.702170883562985,21.659458226958733,10.859703762361441,9.778572669963328,9.445715350743526e-05
46.87250195586362,27.757949302236756,14.818371573407896,10.55108821771073,8.895078098298765e-05
48.672632215742155,27.7382052878114,14.161977196938599,9.427085296249052,0.0001000032588005614
50.84073402433806,24.81863827569041,12.846885989983742,11.493655736940573,8.597304721524078e-05
49.469379731728694,22.51176751589967,17.728053812540296,10.290690924511146,0.00010801532020323722
50.740182350860074,20.103589306654637,16.94552618482922,12.210585694314204,0.00011646334187222938
52.06287033347734,24.870819262349407,13.175150845863955,9.891049474373197,0.00011008393608457888
53.716354719126045,23.141263193175856,11.699813395217381,11.442468583506981,0.00010010897373795772
54.31307789796196,21.453541275871707,13.910320775825271,10.32299081033127,6.924000978490612e-05
59.342552181879626,17.526063456500978,12.455132598410778,10.67616338304733,8.83801612879733e-05
47.58274986794794,26.743929979591165,14.627026273977378,11.046213854084181,8.002439933174293e-05
48.64705041970566,26.3881552149196,12.049144833892075,12.915559220895137,9.031058752371475e-05
47.99738692514236,26.475400733112696,14.995051415226406,10.532063153542794,9.777297573380433e-05
52.488537412915306,24.9494778592959,12.974866294998527,9.58703102956006,8.740323021343867e-05
49.24542395990495,25.235572645489878,14.263573019123593,11.255363338038649,6.703744291870795e-05
49.73644381595326,20.45471821359697,16.664707510515466,13.14404112747768,8.933245663544082e-05
51.03647927898103,25.316517818829592,14.088187499786242,9.558728208220922,8.719418220094084e-05
46.33565566515491,28.317716525396147,13.498711783485447,11.847804021635756,0.00011200432772310783
50.557968451070344,24.225629070582627,15.711727314600699,9.50459781835625,7.734539005963238e-05
54.91062367543486,22.968745649696228,11.638326516695207,10.482199858272857,0.00010429990084678398
52.60169159119095,25.40939790440228,12.39414517731309,9.594668531915369,9.679517831236024e-05
50.24993334253926,23.833051610037916,13.324480129630874,12.592463289237967,7.162855400305196e-05
50.72797390923171,25.777718392289025,12.749243856364345,10.744979788151175,8.40539637443403e-05
54.50700303059512,23.109170085406873,11.815532451280978,10.568196412905595,9.801981144197775e-05
56.84453313710044,20.552781253770185,12.775430003136162,9.827175824935278,7.978105793567948e-05
55.10087734010087,21.91702774483044,12.94696642964334,10.035034971847418,9.351357794244447e-05
52.54512111196209,21.068498342625343,15.530639157268874,10.855654294401592,8.709374209282237e-05
54.40395747444048,22.690203845647265,12.819532183640264,10.086218961833547,8.753443845279133e-05
48.02823532008077,25.359617072973112,15.034618571293803,11.577429214547093,9.982110522918987e-05
49.297185222681364,21.442594047275286,16.739103864866788,12.521034686618385,8.217855818428621e-05
51.21131255164407,24.85552203600801,12.756424688781799,11.176653978502122,8.67450639913063e-05
44.469754048366795,27.239059478349702,16.841841801921888,11.44925589869647,8.87726651550198e-05
48.615777701727175,24.75316194899124,15.651979805527427,10.978968579590752,0.00011196416341054192
47.57869730333138,23.718426752791512,17.473775554541486,11.229002015486282,9.837384935406946e-05
52.03801400658891,24.64412964839188,13.029144835402503,10.288639143015782,7.236660094875986e-05
50.97012432429505,26.600632103898686,11.820891408673928,10.60825386420004,9.829893229371343e-05
46.12175155587097,25.799118615638005,16.56692136414614,11.512111105582807,9.735876208163026e-05
57.09849407236911,20.373887938207226,13.320460658642311,9.2070833436326,7.398714877940505e-05
54.98894217400539,27.534239125477445,9.512074835467763,7.964667973103136,7.589194628090125e-05
53.996005911863534,23.904271978776695,12.871869207198683,9.22776361853883,8.928362227197614e-05
51.79997944059962,24.952744227700382,13.417983020023904,9.82919486543136,9.844624473623196e-05
48.62226806668249,24.453908235476803,14.181102491621392,12.742616973425969,0.000104232793333942
57.72254768638635,20.24171945949121,13.446626689421084,8.589031963140153,7.420156120617406e-05
56.40183862118756,20.801165293343598,14.645837892794411,8.151083556695855,7.463597856899562e-05
49.032802449771125,26.389130489789625,12.837235501309413,11.740724534978542,0.00010702415128556917
52.66735590258662,25.18762529007693,12.952568917173338,9.192367571447567,8.231871555989036e-05
47.014206471212354,25.792788045258092,14.46083375480844,12.732063950963383,0.00010777775771863485
53.57311902417769,24.795704127970456,10.738166475999108,10.892912564739381,9.780711336835479e-05
54.210083196264115,20.85137090123039,13.753957945637243,11.184508983939484,7.897292876670157e-05
48.74069322777518,28.480607206450117,12.900746964409803,9.877869373373581,8.322799130879168e-05
55.89737780325766,23.60179259354747,12.427738112995891,8.07301552527765,7.596492130905595e-05
50.66196224367982,22.71831309520966,15.670318005495531,10.94931755029854,8.910531647223866e-05
49.06876448029637,27.16035417638813,14.412784876696161,9.358010462256608,8.600436273143415e-05
45.24209713910412,30.94619991409618,13.745785862094865,10.065816360351887,0.00010072435295795721
49.742600457410234,20.690418740649594,17.099631154330257,12.467247321091177,0.00010232651872702342
47.641536268155576,29.317580217033807,13.226692722053857,9.814097980065274,9.281269148563804e-05
52.20916506998342,24.518698077175323,12.095255861389596,11.176772146839003,0.00010884461266191629
52.741211631556894,25.043946691158965,11.53831164966489,10.67642696584129,0.0001030617779553375
53.64303401045717,21.88626454826901,14.31793160197772,10.152672644022823,9.719527327636565e-05
52.56029383506742,27.325864406337647,11.578017114748354,8.535729831014198,9.481283239819939e-05
61.01555151914796,18.027282491580934,12.947510587947985,8.00957604892854,7.935239459686442e-05
50.95189381078144,25.69060098158683,14.12255165411066,9.234893977090017,5.957643106464854e-05
50.542610650381505,24.078720147888163,15.395382412729077,9.983194488811636,9.230018962055775e-05
48.44391625731894,25.38146946016871,14.233229856389023,11.941273732446895,0.00011069367643292967
48.87851164357848,24.81798727618566,13.48842756228265,12.81497210433334,0.00010141361986083577
49.079082679448675,28.176967617438343,11.706152940067623,11.037691232982075,0.00010553006330213328
50.41927230688522,28.334232608797098,10.576762362490916,10.669643061240592,8.966058617087524e-05
50.12847311803497,25.570347750830997,13.944094253135859,10.356974972843041,0.00010990515512938663
49.502975906257944,26.863568718758756,11.721861432938926,11.911503587684956,9.035435941491596e-05
49.92260547260249,23.31914103459597,13.972423636718704,12.785749363610499,8.049247233825881e-05
61.48882658101053,18.46373355732121,11.602869312725955,8.444498087226188,7.246171613542517e-05
49.66558488463288,25.03148916129756,14.055971985685892,11.246864988661336,8.897972233651285e-05
57.171676392904146,20.26552536935544,10.440337511675247,12.122372280637043,8.844542812737455e-05
58.58037146833552,20.162357645428536,10.146304517309169,11.110881394286313,8.497464043930893e-05
57.338912059323356,19.25529968764398,12.524942051874405,10.880775457139649,7.07440186113292e-05
50.278808712350454,28.34375308538298,12.076621756870624,9.30071450997593,0.00010193542000818054
52.1485803981795,26.899749998222745,11.043408404349579,9.908155702681567,0.00010549656661857177
53.92700043338198,25.453075926937224,11.063385123577287,9.55645360914619,8.490695732979766e-05
49.92137594914304,25.991366935671227,12.524534697323359,11.56265176845758,7.06494047935276e-05
48.01756749399264,24.852107692672494,15.862589310523703,11.26763437530448,0.00010112750668527402
51.76784509651575,22.011297026940255,14.975870220715276,11.244889808366423,9.784746229028334e-05
53.73669216117961,20.645665047068405,14.078149034520676,11.539408330629646,8.542660165779344e-05
51.25071122863811,23.743762049224788,14.709717814571594,10.295716593857298,9.231370820628198e-05
52.35565066724737,21.366302266543705,16.494838459955275,9.783114556466948,9.404978670206145e-05
50.506833828368244,25.860623414459155,13.126974504859113,10.505483620047794,8.46322656835215e-05
49.945007884333755,24.94219729923366,13.864754806296592,11.247920407090037,0.00011960304596153139
52.657148845680524,24.535827701091108,11.8121134786126,10.994831317251052,7.865736470839298e-05
56.96539866186892,20.509421655178713,11.626288981799277,10.89880718628591,8.351486718423786e-05
51.85539040779017,24.83659143364025,11.765514048955348,11.542425356691883,7.875292233214182e-05
54.088265289552574,21.113630667986115,14.331841185108676,10.466188367346293,7.449000634198058e-05
46.211312628586356,28.03279698602303,14.842631484395753,10.913137980299846,0.00012092069501798083
48.996155907498476,26.54677605603279,12.34681476731025,12.11013514111247,0.0001181280459974931
52.20217113037613,24.667631223201887,13.348322246624269,9.781798955232269,7.644456546099278e-05
54.660523530982495,25.357953157808776,11.119017654525074,8.862430321837266,7.533484636866514e-05
52.719329151226916,20.425510645437093,15.883957467255133,10.971132078022615,7.065805824458568e-05
45.29650936120431,31.44562782327311,13.008964426988767,10.248804891239551,9.349729425881385e-05
49.35107319315388,20.052307847842023,19.626245946938266,10.970286700498049,8.631156779390312e-05
52.40548750270073,25.240886109226228,12.798729412379847,9.554808529214363,8.84464788149062e-05
56.7181546051295,20.493152841212595,12.671568158153768,10.117050965560157,7.342994396480022e-05
56.544144678241594,20.918216628028105,13.055529989798234,9.482020125075637,8.857885643520195e-05
48.41677019103092,26.000724080447323,13.083897705716648,12.49853882087553,6.920192955141531e-05
48.753634565508605,26.450979081607954,13.252865462676484,11.542435879825316,8.501038164167967e-05
43.353716462719746,27.01665527740986,16.722212054464453,12.907324113952315,9.209145361207417e-05
52.28280976064718,21.271020456332455,14.555441125431482,11.89064507974397,8.357784489902997e-05
50.03355986820628,26.30809145804568,13.521505069537158,10.13676885063212,7.475357876739189e-05
55.59190418347348,18.789391771640638,13.559524138885587,12.059077417530572,0.000102488469725409
52.719958360733365,25.136502309651338,11.25219827459765,10.891268130150584,7.292486705214302e-05
49.816512275761035,25.28362738382078,15.195076907898928,9.704696530992383,8.690152687631155e-05
51.37833998739671,23.473181153634577,14.561989318524551,10.586397905143171,9.163530099205009e-05
42.18146807725048,30.205022382613468,16.892134341743777,10.721276575849974,9.862254230031787e-05
59.32595988671135,20.617165370016068,10.770271014892307,9.286528498864557,7.522951571726096e-05
54.04232401636566,24.857612542906597,11.56654278434545,9.533444884337957,7.577204432818001e-05
58.377680150430066,20.18948838318087,11.664166077928495,9.76858070969726,8.467876331716724e-05
54.29732077503434,24.915327405547412,11.326441887504096,9.460838599365113,7.133254903707911e-05
50.29908793243247,26.072633652579658,13.028637032213004,10.599576448769552,6.493400530901242e-05
45.85794928266254,28.115108055301363,14.612808053807205,11.414024369793555,0.00011023843533125383
50.791311674703564,23.85578824794349,14.498025254200876,10.854779324228115,9.549892397443967e-05
51.05351705476623,26.402301967047364,12.589823958537963,9.954237908855355,0.0001191107930772444
52.07231609024071,24.39857281786866,13.142177926813709,10.386853730297858,7.94347790456927e-05
49.00855542503466,24.18740388736396,15.043457505141095,11.760462388774542,0.00012079368576801453
49.167305866666375,26.37500536877128,13.748618746971827,10.708980085665832,8.99319246718888e-05
61.0512740938637,17.337467444567594,12.496333083980629,9.114834742419825,9.063516825435368e-05
53.10288500828596,20.27983371915649,13.933756158574722,12.68341978015591,0.0001053338269292604
53.96280560896325,22.307898955435096,14.409296415321526,9.319910910258434,8.811002168508841e-05
49.727340798464304,27.807677478064257,13.126980708406672,9.337921985376335,7.902968842354826e-05
51.7888886576911,24.19283884529431,13.631369707548425,10.386813431342723,8.935812343431083e-05
54.747957692858186,23.06738061445643,13.151619192846246,9.032976699220367,6.58006187753029e-05
56.78069765341704,19.009605125606292,13.593680737499897,10.615939761892978,7.672158378190918e-05
53.26714963024124,23.847419796931263,14.087878180468632,8.797474195091974,7.81972669102875e-05
49.79720286110977,24.61081185894083,14.254641044561431,11.337245845386459,9.839000150020873e-05
48.6760110869412,30.413916444917028,11.70765806824315,9.202314257711782,0.00010014218681817847
49.31175935995085,25.55783190737469,12.128644069559407,13.001669333296642,9.532981843360918e-05
56.48544270314253,24.329470952796974,11.750254521586607,7.434739368213459,9.245426044725805e-05
51.722648862098566,21.29710351647037,15.095031234636025,11.88511989250505,9.649428997657307e-05
43.751461967210346,26.772509393408605,13.712414290431285,15.7635400136827,7.433526706191056e-05
56.91394898788259,22.024084016632184,11.484340421094394,9.577518991034694,0.00010758335615451928
46.27692376741527,29.99226403837704,12.401409039505602,11.329312010731542,9.11439705551533e-05
45.501359392403074,27.036859293151284,14.778409393268758,12.683277468827947,9.445234893129865e-05
54.47771088934425,20.780237721776654,13.7239465454816,11.018004099048378,0.00010074434910312959
47.499157917647565,28.336822109573017,14.180360466217842,9.983555041389229,0.00010446517234448245
47.03491935716077,28.15529056177633,13.112490264104515,11.697200897972165,9.891898623046684e-05
45.42479489009079,27.760200351205356,15.852271796024617,10.962641483902257,9.147877698503884e-05
55.5223873837314,20.891911310502888,10.450829048967554,13.134794027249383,7.822954878973002e-05
54.93729992465334,23.18146265336698,13.907605876469384,7.973536926258518,9.461925176771689e-05
46.90266990403814,24.77517814769594,14.755391397997162,13.566649540240242,0.0001110100285184015
49.849428398017345,26.381437218372,13.513475251745932,10.255539691184948,0.00011944067976537331
54.56022510060655,20.956857534718285,14.869084943247282,9.613741901676235,9.051975165181187e-05
51.50930590159889,24.434185442036586,13.948774424747148,10.107651193076698,8.303854068488924e-05
53.59894451157531,20.926420992786404,14.324581944368711,11.149960427908944,9.21233606342605e-05
52.65295457865562,22.609085432671122,13.611049734625155,11.126826990170107,8.326387800185178e-05
52.23669831059743,24.086544787288545,12.642992569323958,11.033656250655444,0.00010808213460970172
48.66948650785088,23.43726601620731,16.02094051857076,11.872206637775786,0.00010031959525546127
57.7277910395643,20.19338114138419,13.831517011999358,8.247224090883321,8.671616883150008e-05
55.328715496764126,20.2140172548148,13.391343036051136,11.06583856647855,8.564589137830604e-05
53.073121904533416,24.463993395872134,12.160030194211076,10.302761356408446,9.314897492564133e-05
47.30869484852651,28.899729127038015,14.76283808791685,9.028618872356189,0.00011906416244514623
51.844392723821045,24.77808868766512,12.340986525181458,11.036444020966918,8.804236545267974e-05
53.136210847253565,23.02809962407677,13.877630066538305,9.957978302524896,8.115960645692584e-05
54.50168184014351,21.720697133211303,13.000902027880192,10.77662967876585,8.931999914897562e-05
55.832001228940996,23.13128318465486,11.957491114450349,9.079134467699127,9.000425468350889e-05
49.59796470503572,24.04207897265512,14.519208873501551,11.840666866905593,8.058190200821974e-05
54.50942039941082,20.711868135440984,12.760748188563861,12.017868866628744,9.440995558855979e-05
56.66165271523018,18.97746914903856,14.802947561842275,9.557854668137903,7.590575110210305e-05
54.496598794044196,21.63034906917905,12.167253903267296,11.705714869948132,8.336356131031551e-05
56.21813882966803,24.304602183385143,10.435141200191952,9.042029881689615,8.790506525683517e-05
53.40695336888196,20.773530385017303,13.896276068575867,11.923158948723803,8.122880108022005e-05
53.50594864508212,22.20787479609216,13.198506447579092,11.08758847489693,8.163634970883757e-05
52.39651809862978,28.240345428710235,10.068182756498627,9.294876959032676,7.675712870535465e-05
55.865073363957976,20.94293272101832,12.889487762971422,10.302433767659581,7.23843926974118e-05
47.80648023123283,30.019507873133,12.302596224022524,9.871333771783712,8.189982791369834e-05
51.31189596142769,23.321143634851598,14.281577848589084,11.085274957227622,0.00010759790401059221
52.00540275694016,27.344321808073207,10.655059596609187,9.995133084089652,8.275428778272156e-05
49.5331596649404,25.4155695629817,13.273747689717364,11.777432084043514,9.099831701363522e-05
51.886493596246076,25.339481195813928,11.88314723965023,10.890804680898935,7.32873908113473e-05
50.9969841797935,23.81335332096139,13.760661726530648,11.428903667851605,9.710486287302107e-05
53.89461392357154,24.290003968549538,11.100294992984287,10.71497403625508,0.00011307863955348513
52.797470844126984,22.744319043587648,13.789865798985787,10.668242881557276,0.00010143174230659819
51.04184600147465,26.15136083382865,12.635742744423437,10.170951727485452,9.869278780470966e-05
54.95115192057843,22.551577766268725,12.9402828465108,9.55691339097948,7.407566256312696e-05
57.733943663237596,20.29457857335849,12.341675334383032,9.629717936531414,8.449248945962274e-05
48.67768644816395,23.985165808190793,14.188965813710174,13.148085074583129,9.685535195435366e-05
58.275943296327895,18.184814151411146,13.497887383225113,10.041271943226407,8.322580946139944e-05
50.446430022137314,27.776767791473045,10.861088308186979,10.915630648520125,8.3229682536686e-05
49.38511883611282,27.50071705263364,13.144080291133298,9.970002151613805,8.166850644343564e-05
60.397951163276275,16.902345295671036,11.988171561528889,10.711424245937163,0.00010773358664327048
56.371687201981004,20.16671532865327,13.294507324375143,10.16700532101318,8.482397740804897e-05
56.989813676055235,19.217464248553476,14.468997742989117,9.323626592042606,9.774035955398962e-05
46.844191790754415,25.689872479506747,17.77541252706298,9.690436781793318,8.6420882533375e-05
58.49623143494096,20.255256959131486,12.083726840678546,9.164695136122898,8.962912610046021e-05
45.36631778967608,29.268085801551123,14.469153802824714,10.896352125527015,9.048042105813019e-05
53.407676109631765,22.797922670059624,14.02511055681505,9.769194589435653,9.607405791097546e-05
56.04780991926974,23.394428148296758,12.269377247939232,8.288299123120568,8.556137369949374e-05
50.125038390372175,24.982690448858424,14.553296957730433,10.338874746246345,9.945679262728189e-05
41.640420622839464,27.207903801375586,18.158876758290017,12.992694859614199,0.00010395788071858234
45.37283094245332,25.040008695935505,16.13885210910581,13.448193154011726,0.0001150984936440925
53.454739946655906,23.07644167926117,14.45071907829863,9.018018286320824,8.100946347058484e-05
52.37208642791257,25.697425543552605,12.712669656391103,9.21772288743494,9.54847087670143e-05
45.946894158968625,29.081504327558445,13.210386020855038,11.761117487478904,9.80051389873805e-05
47.840530504631104,25.404571744569765,13.833474460012463,12.921328547651163,9.474313549134786e-05
54.93774640556405,25.3026322211428,10.288141704940164,9.471400124710259,7.9543642744485e-05
46.093087450205985,29.65492200415199,13.561399708779806,10.690472006050463,0.0001188308117450462
48.40140908854137,25.607563111593016,15.205290126582355,10.785663086319111,7.458696413538173e-05
51.95082970518372,24.024769963633247,11.867850094724668,12.156459231124343,9.100533401904436e-05
50.30572676610314,28.091955231032667,11.703414041855844,9.898819109733374,8.485127497916188e-05
57.511340302784916,21.704674175883028,10.778907187675157,10.005005420357174,7.29132997306363e-05
53.459366081905515,24.042422423257502,13.352360694066848,9.145756521202395,9.427956773098477e-05
50.71475144918488,26.44735737614089,12.63844692654102,10.199353492282128,9.075585108430211e-05
53.92798732288785,21.132156332325717,12.821860767221516,12.117911518712683,8.40588522262195e-05
54.80041263980156,21.438599247411833,12.183784273276359,11.577118490373167,8.534913709012307e-05
46.977590835856056,24.940698880874663,16.78225367993382,11.29932911720496,0.00012748613049618803
52.88676977825511,23.63550894336946,11.993821012277198,11.48382098608074,7.928001749612103e-05
46.10315329650134,25.93027190357018,16.857706197899745,11.108762676772335,0.00010592525639808855
56.32554572180304,22.878318530734333,12.041231636360573,8.75482550472982,7.860637225608918e-05
49.08738888059746,23.536248399078666,15.373219326405774,12.003050996791162,9.239712693883624e-05
54.190300588577465,19.70329036072742,13.686626256927898,12.419711883605428,7.091016178727728e-05
52.165155487870564,22.695311778610296,13.991804531994664,11.1476494313695,7.877015499929043e-05
52.91433971914501,24.538490978119526,11.015415535550567,11.531674783800325,7.898338456513498e-05
49.59482601435478,24.88725187735736,14.373767277045799,11.14406145384598,9.337739607280742e-05
53.38745821880407,23.449376288737586,12.044008605276504,11.11906567435125,9.121283060281005e-05
49.73040932256744,27.68995918803669,10.982567759335772,11.596978162417344,8.556764275288485e-05
56.84465570750247,20.23729047012229,14.501332909753211,8.41665127012941,6.964249259824373e-05
53.36496022747498,22.362190880852566,13.864604562248795,10.408162358815325,8.197060834300554e-05
51.006850766777454,23.179056147015082,13.72883389029508,12.085168166579113,9.102933326143766e-05
57.586719089539194,20.886025274057925,11.631289742385967,9.895882009853024,8.388416391807045e-05
53.39676012255037,22.438344091721486,13.37450848533457,10.790294786556434,9.251383715175514e-05
49.87347366580591,26.275415845990285,13.710272159387,10.140727454409392,0.00011087440741815781
47.78953296775471,26.66516634551499,13.703910178686463,11.841295068160019,9.543988381814805e-05
53.854264816140216,22.652340901555398,14.805273008759468,8.688030392331832,9.088121310079904e-05
55.2438596753258,25.823015327102077,9.44977640926639,9.483264771877481,8.381642826563926e-05
47.528530917608116,28.734517446303926,12.23997878997202,11.496877369670951,9.547644497722104e-05
49.97430776014796,26.25201298318167,13.32820535125384,10.44537629779749,9.760761904019598e-05
49.73298093014039,28.687317250280692,11.07940314294856,10.500216640136676,8.203649368485326e-05
52.44345368577791,20.951620114280242,15.108894222117044,11.495929218071803,0.00010275975300016532
54.48290906796053,25.026641847400168,12.416787450866968,8.073587620794157,7.40129781957494e-05
52.60395083358961,22.564033561213968,14.736023062490233,10.095921584933269,7.095777294199554e-05
55.72033881446503,19.373706722394648,14.077361929027651,10.82850058007751,9.195403516663263e-05
54.43617718221948,22.962228831612396,11.147886420381713,11.453608395337936,9.917044845153882e-05
54.657639364543506,21.782942795784148,12.494286312793305,11.065043590984272,8.793589478195207e-05
51.414715251358565,26.015948342134333,10.931704961627418,11.637553490357416,7.795452225178622e-05
52.52185597078205,18.637715266632394,15.555528810183736,13.284816716934342,8.323546747026775e-05
52.14972344683068,22.44835877278139,14.45111613168758,10.950709074082981,9.257461736922766e-05
50.48311046494934,24.320246256065843,14.70566470550296,10.490903159158625,7.541432322351803e-05
56.1267283237073,21.497698866694655,12.277066365322527,10.098423193971067,8.325030443993166e-05
54.026666817794776,21.939521644039694,14.644545816776198,9.389194971654476,7.074973485969996e-05
51.179232782382435,26.643495358767876,12.617123970732735,9.560070763097567,7.712501939782614e-05
52.79814647837053,23.74898270057345,12.701922764395693,10.750868144457943,7.991220237804195e-05
58.96289261831807,19.913205335646527,11.245135846979025,9.87868951883149,7.668022489953947e-05
49.81764337998305,22.66486623569951,16.50519772387619,11.01217638056995,0.00011627987130493521
49.78844818073716,25.496865891639626,15.25790390552797,9.456675036960997,0.00010698513425389478
53.08200505293473,20.395403148889603,15.728325174153031,10.794175190616409,9.143340622823367e-05
52.052614969386525,25.698498221435738,12.056610781760895,10.192206454810385,6.957260644442556e-05
54.76542111932407,21.96221847611114,12.413327699324666,10.858961009471987,7.169576814702557e-05
47.63908752159007,28.916382028932162,12.98651768931636,10.457910099383326,0.0001026607780929197
51.99208287884491,23.19391643292718,12.89931996026823,11.91460082224137,7.990571830849583e-05
56.159459115534546,16.816965574440946,14.155382703997752,12.868097896566066,9.470946069734265e-05
48.46685779280376,22.657543200446366,15.479345985075952,13.396158892988419,9.412868550205577e-05
54.490334514417015,24.254308907928916,12.126743261461488,9.128536195615235,7.71205773391145e-05
51.46004287330456,24.593562543480736,14.223062045939733,9.723247511520832,8.502575414023152e-05
52.27945210640398,20.875938758264354,15.629287868269138,11.215228379984849,9.288707768490746e-05
54.281492460730874,20.69898231432324,14.011897456668487,11.007532728022081,9.50402553219228e-05
52.52530652937841,20.081545004762948,14.598589076077268,12.794482261595466,7.712818590444379e-05
53.99912224261154,25.913554817584533,11.322307331808384,8.764920426347992,9.518164752879554e-05
51.35333465313402,22.47858942690233,14.806550911423388,11.36141693902287,0.00010806951739303686
51.41026740217806,24.77309903061208,12.119156590038479,11.697386912763756,9.006440762400146e-05
53.28674780111334,23.15052456177325,13.55973177409183,10.002918159147457,7.770387410287717e-05
52.72871755166207,23.614929541487804,12.730651564285086,10.925623390399322,7.795216570532087e-05
47.905926651377925,29.57833375597317,13.197884479277041,9.317745774072266,0.00010933929960281827
53.51088852280246,21.939417478735862,12.568592110546001,11.981003393090285,9.849482540263339e-05
51.41942068460404,24.856011177072006,13.589374790312922,10.135094258029781,9.90899812373449e-05
53.47939368878745,20.213112763438858,14.106005088520194,12.201395894531702,9.256472180023386e-05
51.83809630299216,23.42911469190377,14.326954743947107,10.405737577504304,9.668365264564796e-05
54.25627895902453,24.207141575691956,10.303701565270986,11.232803092510943,7.480750158195248e-05
50.32835073187503,23.97372969891809,16.173255178719657,9.524564928565013,9.946192220919196e-05
50.040127981328965,23.28173709914417,14.980094924881735,11.69795148304948,8.851159564579033e-05
50.85125318008031,21.999836532835936,14.805019685712026,12.343781530320747,0.00010907105098116036
57.16983631720044,19.641811761877364,14.67258274233906,8.515679500863325,8.96777198163474e-05
50.456957274846225,24.70264657710861,13.012094679394101,11.828210053717841,9.141493322657283e-05
51.11066358956725,24.907881402365668,13.657570786915056,10.323775848282153,0.00010837286988052135
47.401215614108665,22.193298449452982,17.883249385824453,12.522132720415927,0.00010383019797129745
54.1735788741475,20.105061474288913,14.248126547370038,11.473150625002743,8.247919081926875e-05
55.00100588021471,24.187141745577502,12.408322411772938,8.40345614799316,7.381444168730616e-05
49.651635885091046,27.52124659312341,12.307194360991852,10.519840524140925,8.263665276382598e-05
52.559287342199354,23.271524231021395,12.073738683983882,12.095352422426789,9.732036858850536e-05
52.667974685434594,26.251025103947896,10.662790005785633,10.418128064195932,8.214063594485993e-05
56.23650164374452,22.714329605487617,11.395595797499636,9.653499749049866,7.32042183501707e-05
53.582832717952876,23.988112863051335,11.615049624635256,10.813897995769683,0.00010679859084153058
53.36776782719669,23.43299947153711,14.39746790333844,8.801688657466682,7.61404610909405e-05
50.071172366589956,24.567071829581856,12.735003550336796,12.626650647277685,0.00010160621370371152
50.70528054084835,26.85731823345887,12.919144629505203,9.518141646862905,0.00011494932468165393
54.97435613257111,20.03402526843997,14.060677765074683,10.9308621711196,7.866279464443994e-05
51.664873932662424,25.09593169075124,14.01701099199559,9.22206976177432,0.00011362281643176015
57.060270611370775,22.26286085918159,10.886330984454547,9.790450271610162,8.72733829102913e-05
55.618820893609765,22.80368285058701,11.73579735264019,9.841604966352648,9.393681039616519e-05
49.18307314707232,26.52581635093435,12.227488964068947,12.063524477810121,9.706011425636261e-05
47.430183543721824,29.13863569202153,13.19865121648713,10.232406375995044,0.00012317177447173402
54.94802666117668,22.99248665090261,11.41351292904781,10.645886614933087,8.714393981091459e-05
52.90361772896045,24.86308370407857,13.857787956047268,8.375412620999777,9.798991391340005e-05
54.66991705178371,20.684064470560315,14.225277049297807,10.42065424535672,8.718300142445418e-05
55.42285894432173,20.899454729884635,15.66144208038886,8.016173111085102,7.113431967378365e-05
48.12908022675106,26.057489103972575,15.11895873604493,10.69434539963657,0.00012653359486161249
55.01483908423162,22.11466131513449,11.387614689994267,11.482777505520186,0.000107405119440373
53.90631271377426,23.141208000383145,13.975718769432577,8.976690417948634,7.00984613936554e-05
48.91369126202676,23.546961762208767,15.287723233417552,12.251515714691228,0.00010802765570449072
54.944236212333394,22.293291213941064,12.416774424341568,10.345609460841638,8.868854231800852e-05
47.721639451604325,24.52087582906965,14.481452905943431,13.275926519145631,0.00010529423697232234
44.56877076814932,29.2677028821572,13.468318990049019,12.695096662214572,0.0001106974298823275
54.70327729671064,21.815627712677472,13.618276692221956,9.862729225001994,8.90733879311036e-05
55.03504465178101,21.65421358724004,13.222047073760123,10.088613564178237,8.112304059653197e-05
53.31546171331168,21.48965347292382,13.093105506486893,12.101676998643986,0.00010230863364456303
56.150772276499296,21.48119668953869,11.908311766144937,10.45961458059754,0.00010468721954876317
56.09969674177149,21.529464275169236,12.116442999669399,10.254321524160881,7.445922899853995e-05
54.80648668040883,21.02246749475991,12.53506697944626,11.63589213845741,8.670692760289678e-05
59.21056406406291,20.736833250077353,10.98320724791021,9.069298224010936,9.72139385730311e-05
51.96447473025507,21.326916609268746,14.936928284218931,11.771586326813003,9.404944425271764e-05
53.6097725654752,23.79772050252604,12.342983131016192,10.249423873879698,9.992710287507141e-05
49.18462653496633,25.818775174996734,14.785816540220361,10.210684081927504,9.76678890829453e-05
51.17059101121083,24.289904198049765,14.408581833650999,10.130822541095814,0.0001004159925964865
53.589272837709004,23.952368515025178,12.548440962704008,9.909823030702345,9.46538594787236e-05
52.19164489228331,21.335421593071313,13.937631154516122,12.535215852414444,8.650771483216302e-05
53.18840467673394,20.93377382004257,15.090360522479182,10.787373688676437,8.729206787300632e-05
44.79723682165571,27.579025664495425,17.32418021153491,10.299461857055848,9.544525811128754e-05
48.73205980039575,30.70297011993678,10.833020161872957,9.731873692598668,7.622519584189508e-05
56.59876247346824,22.597200987294684,11.891420694158054,8.9125284700954,8.7374983601057e-05
49.49206642614027,21.489413369991127,16.564017669085473,12.454387651881149,0.00011488290195847319
54.8788348942696,25.196732522774052,9.918012214975613,10.006333548489948,8.68194907770724e-05
54.75506983891175,21.35066627588732,13.170525214281076,10.723657013835506,8.16570843452546e-05
48.72674711480202,27.488687969467385,13.80731892122734,9.977120397099355,0.00012559740388248756
53.72218346191209,23.371704555199642,13.568278685989638,9.337757884489413,7.541240920770178e-05
52.65487962015477,22.941872579470463,14.927967244059214,9.47519844752669,8.210878884505598e-05
47.83127877979678,26.746706572062628,16.665830282708,8.756069647873348,0.00011471755925075201
47.50623222929628,27.8961008723905,13.926847344827536,10.670716493184655,0.00010306030103128031
56.79117576140802,21.517747827790387,11.857359154196912,9.833639915846126,7.73407585401667e-05
57.50566569044828,20.352003218895444,13.175336426779962,8.966902666834855,9.199704144820852e-05
52.45523743039201,22.085383597974655,14.667854055319138,10.791446009400238,7.890691394150942e-05
50.90023085030197,24.061293029420472,13.132842993611959,11.90550818563011,0.00012494103549135692
44.996139504498345,25.52848104704546,18.624716946421344,10.85056830715914,9.419487571085177e-05
42.627490290224074,28.26670332893826,16.017949376422262,13.087736775602144,0.00012022881326869771
51.78117909002076,25.727634140772555,10.982273590375769,11.508816722098707,9.645673222440451e-05
57.10152244436956,18.32670985411757,14.414492645395779,10.157179960195966,9.509592111416782e-05
53.413235470699824,23.800612136874104,12.604621356139553,10.181444773136121,8.626315038444358e-05
50.456031828017935,24.222535992222223,14.640224639821565,10.681094888193877,0.00011265174440169364
54.85984928113914,21.94255917497777,12.739855742910278,10.457665016798055,7.078417476510223e-05
53.20501179836583,22.503212273475306,14.06461049682255,10.22707466063566,9.077070065155664e-05
52.447941031373105,23.462117989967922,13.346319558465265,10.74354036498458,8.10552091198539e-05
58.21554779763215,17.99537740114585,13.582661315382863,10.206326218638646,8.72672004974265e-05
49.523398871675134,23.332670697812347,14.189797472947621,12.954050027439168,8.293012573452045e-05
45.79466836365281,26.88386217212838,15.561963988939128,11.759388773597426,0.0001167016822665476
52.24774680673209,24.871522498542006,13.106208861771076,9.774442709789854,7.912316496884363e-05
53.73855803131986,23.39171194910162,11.958292338364112,10.91134989842063,8.778279377106128e-05
53.040895193933046,21.149313271569337,14.599437289056977,11.210277994509003,7.625093162870902e-05
51.549729269054836,20.021395311509284,16.278312986069455,12.15047160415321,9.082921320981256e-05
46.8251242682109,25.67753563683081,13.067163201533733,14.430086788155208,9.010526935281608e-05
55.208159695384666,20.450332377582438,12.589704533883683,11.75172521513918,7.817801002667847e-05
48.31443062030484,26.44477876153555,14.173062937836173,11.067634209107204,9.34712162388225e-05
51.56157722831867,24.726521575666172,14.434149253947858,9.277637916881556,0.00011402518575089578
41.763792281347776,26.50535088457958,18.896231603516327,12.83449306468231,0.00013216587400201066
56.97389207985994,20.903908440834083,10.427163647136247,11.694954317873561,8.151429618011427e-05
53.990890170067885,23.225995462984496,13.420057472470253,9.362988042394345,6.885208300778619e-05
54.62042747487407,20.921689448713586,14.349140249988688,10.108653280153316,8.9546270348326e-05
57.18777589141869,21.086125146133984,11.420995983592192,10.305023986709179,7.899214595017834e-05
57.97738132705964,17.524757421140265,12.955683321478558,11.54210201513408,7.591518745995773e-05
58.98097416938713,20.119573676103172,11.233351669124747,9.66602549086778,7.499451718488648e-05
47.72953231086586,27.797290220176723,13.358753850632077,11.114335049804879,8.85685204464119e-05
49.50090001162178,27.501417792271347,12.693349218707228,10.304236536530118,9.644086953183464e-05
56.213098605323665,20.603886942251485,13.20520864362687,9.977741068840256,6.473995772020622e-05
52.22067960882343,22.721410975744043,11.38350639732781,13.674304153595115,9.886450959122712e-05
57.43580083184209,21.01293925264545,12.369642661128271,9.181544277669353,7.297671482227228e-05
55.226254747536885,24.6063533453701,9.922196023231903,10.245103985626121,9.189823498620326e-05
52.06433127359649,25.054479399369654,12.069921397706889,10.811158615636792,0.00010931369018665868
56.162769973327585,21.908209508760145,12.438838448021132,9.490096556580935,8.551331018057303e-05
51.01115798589102,25.962237468722282,12.236361226757769,10.790168018986765,7.529964215312939e-05
52.72436400575311,23.772658617607902,13.907768501544485,9.595134512390068,7.436270442268841e-05
50.601897510136716,24.03160727418625,13.55625012187081,11.810139961062635,0.00010513274360360893
49.009950186369025,30.82672530036788,11.338672285308066,8.824564163396907,8.806455811600753e-05
56.36908925953743,21.8092954897006,12.227870511647017,9.59366457332626,8.016578867467182e-05
54.136661655134276,23.815423829036405,11.28827049553913,10.759573998245278,7.002204491880697e-05
56.85452699991211,16.863014765338484,15.302090554893907,10.9802950302152,7.264964030209821e-05
49.24933849255695,27.20517871812072,14.04707360872317,9.498296803856057,0.00011237674308815497
52.49993562075992,22.23293340577856,12.651862410307038,12.61518167022906,8.689292541330791e-05
57.070270865192526,21.033303946789943,11.99776360761422,9.898563279536043,9.830086727796206e-05
53.69274622312092,21.759886861226303,12.97911986968927,11.568147369193966,9.967676955354492e-05
52.621427922529875,22.63609184725086,14.124890476244744,10.617506911342794,8.284263173413148e-05
44.660017138800654,29.008082661876237,15.515673079862976,10.816140005664085,8.711379602721969e-05
60.83987963225258,19.448635324297438,10.953600749339602,8.757816439733759,6.78543766153644e-05
47.6749356172265,29.113528447845578,13.492739288002667,9.718697388371817,9.925855344723199e-05
52.75071306295801,23.322528622923596,12.80436496350063,11.12228473835673,0.00010861226103405247
51.571319162542615,23.366850820285553,13.222905469566918,11.838818671584324,0.00010587602058043036
50.01533009164394,27.89690891474174,12.921577438989216,9.166102855839945,8.069878516412162e-05
45.59099992487884,25.2609310199158,18.99711753124989,10.150859118070986,9.240588448593044e-05
48.96425336993972,20.92184406307997,17.052820623272993,13.06097422331603,0.00010772039128701458
57.21144507255656,21.15784590175537,11.44085414283613,10.189783418175216,7.146467673670768e-05
53.393796623906454,22.951082468863735,12.377955405571447,11.277085209606962,8.029205138754302e-05
50.336741967460775,24.80321954338623,13.971290167128,10.88867945639149,6.886563350709735e-05
53.08887514921645,22.73132849331223,12.414087218354702,11.765648105070415,6.103404620978982e-05
52.30914133797042,25.718785460363332,11.451735402559525,10.52025044956858,8.734953811290567e-05
52.20373467656718,21.193507058788384,15.406411914476179,11.196238085957635,0.00010826421063669306
54.09917725305857,25.920949093454354,12.1849547103661,7.794835802254102,8.314086687548625e-05
48.394287689478645,27.466533878014744,12.976156894334967,11.162940584971668,8.09531999758455e-05
51.73745333543275,20.919895254883794,12.631199158618333,14.711373623105997,7.862795911458684e-05
57.312614082912596,20.906383736324173,12.376821924264346,9.404115198969745,6.505752914856294e-05
58.8264584977767,21.55002034739675,10.621058730728256,9.002404984435959,5.743966234881354e-05
48.722103122088406,25.635873169688445,14.729921276979404,10.912002600641602,9.983060215653222e-05
50.33538142174338,25.72806417169719,12.914036777567626,11.022421884106258,9.574488554142385e-05
50.6896652275845,27.988496758062038,11.849742418582897,9.472015552027674,8.004374288934592e-05
57.97818470002986,19.96244013350878,14.211240396441788,7.8480547145826405,8.005543693591618e-05
52.37603707447823,20.193587585640334,17.25532004227809,10.174957606963874,9.769063946021451e-05
53.01823073018554,24.494771500462033,11.139007438920464,11.347915577146415,7.475328552169905e-05
54.81680012457829,20.137277987984344,13.897443179390962,11.148396679768755,8.202827765545544e-05
52.80939990102019,22.096254631167877,14.476480706792946,10.617757032382352,0.00010772863663850822
56.460321410609204,22.238292843811656,11.243327850767507,10.057985816090957,7.207872068324776e-05
55.23046633053509,22.513439659183838,12.758675866569757,9.497314740962661,0.00010340274864959143
56.57670112263038,20.17407002818761,12.992320482221484,10.256821763538044,8.660342247051117e-05
57.82028528977605,21.269452242970807,11.663813945584062,9.246379036342708,6.948532636026084e-05
52.66552741156774,22.867797752753305,14.486657741060412,9.979932584821066,8.45097974741894e-05
51.59782202776518,23.910311878273994,14.113132372777734,10.378643293383604,9.042779948490643e-05
53.34393990025526,21.65791145733894,13.564380795884972,11.433671917034877,9.592948596537459e-05
49.71913901767967,27.19500040056282,12.172277547109928,10.913480122747082,0.00010291190050923049
46.81116462360587,27.498023697341594,13.43434769107453,12.256347462700191,0.00011652527783039663
52.267214109814674,23.044088121617254,14.345410550230097,10.343200282438008,8.693589998375354e-05
53.5092286212469,22.270927369368554,13.704123731885998,10.515616099586602,0.00010417791195539846
52.83459065760194,22.857058606495972,13.320945922101279,10.987315626371382,8.91874294231166e-05
53.08369601504587,25.898881793913603,12.057741177203189,8.959613047522094,6.796631525704607e-05
52.546533364752165,19.12068039647122,16.94238887391777,11.390311473133654,8.589172517406664e-05
47.862831141184884,23.214425420144178,15.516962873478441,13.405672835403093,0.00010772978941992025
51.416682090104906,23.128356863658336,15.36453974119275,10.09033915878652,8.214625749045105e-05
56.30105667610462,26.118371248362237,9.325430698514783,8.255059768218011,8.16088003408558e-05
53.65723636454495,25.942958137691203,11.411996494893856,8.987724931502534,8.407136747652794e-05
53.33891456656731,24.620136191813472,12.832902957172907,9.207944783124255,0.00010150132206157334
55.018166797863735,20.251307889668706,13.616280307006123,11.11415484794166,9.015751978291922e-05
48.86200405598852,26.124946113188418,14.679854722048594,10.333098146497743,9.696227670528188e-05
50.81901048007036,25.30776413751239,14.521509933857086,9.35157994368684,0.00013550487333688794
52.98575208557288,20.59267212048905,15.435959550441469,10.9855322253289,8.401816770052821e-05
48.73853337363583,23.943123662895424,14.714552465919395,12.603671316598122,0.00011918095122432363
49.06919678558403,25.260984878677185,13.4732836181469,12.196436381113775,9.833647810612647e-05
52.46271785585995,22.563537622688237,13.612715514980952,11.360942129627343,8.687684351686363e-05
52.963219019672714,21.938776480959948,14.080232961253019,11.017690446990528,8.109112380310062e-05
52.92734733482022,22.4919533018761,13.545432462203062,11.035176954419454,8.994668116587481e-05
49.87219157170004,26.44421476251923,14.26139172967113,9.422122837511973,7.90985976181334e-05
53.20008839638027,19.935420578447584,15.500065903523696,11.364321495410753,0.00010362623766741743
49.944249222166235,24.568095690954856,13.885365067315302,11.602200020454257,8.999910934889058e-05
51.88871242084701,24.023602614506288,11.948501187770072,12.139081827309088,0.00010194956753086978
57.61461480731241,23.27103224670821,11.326977752633931,7.787302462287821,7.273105765728791e-05
54.890531578408705,21.646457094989476,15.331379410346344,8.13154478052381,8.713573166828957e-05
51.920146812279015,21.338372361064163,15.550803220018203,11.190578556262196,9.905037641393799e-05
51.501273187217144,23.731471383913856,14.35869109659328,10.40847726153597,8.707073974208382e-05
52.247156332464876,22.865784310570685,14.57713629127578,10.309830032066705,9.303362194352208e-05
56.07574277822437,22.764471480465765,11.124828105287843,10.034881425477579,7.621054444491368e-05
54.90766149070711,23.99820326294465,12.65468535570382,8.439361222085855,8.866855855693463e-05
47.65946403192616,26.975519789377277,14.216586998356492,11.148337677878764,9.150246129157356e-05
56.86137001921329,18.707289578041575,12.403325509187562,12.027939013536672,7.588002090101091e-05
52.8205521281797,23.01888731294736,13.456445322331348,10.704033077057302,8.21594842907402e-05
50.247580319225214,29.114639731444353,10.50702258913279,10.130677597908104,7.976228953012226e-05
50.855394206919094,25.22311889924142,14.399236091234895,9.522155127268627,9.567533596612381e-05
46.736497148391415,25.401518462405768,14.635631340840533,13.226253892795626,9.915556664721043e-05
45.734825601063314,25.87935932033261,15.093056259907922,13.292667968200083,9.085049607434157e-05
50.391408361247144,24.605554733192132,13.907960245937323,11.094995238644021,8.142097936681516e-05
47.076760350296965,25.824125573299845,14.42753528389945,12.671466678183481,0.00011211432025763004
52.87280505079989,17.912318229828543,15.738567237174388,13.476202590460625,0.00010689173655215129
54.35457905241392,20.79411974937059,14.41252850261818,10.438683256094578,8.943950273837953e-05
53.57550795128787,22.09090107258849,13.872800683557399,10.460702085429176,8.820713708689894e-05
53.686637384196665,22.11472666862508,13.094683083718234,11.103872404700143,8.04587598754571e-05
45.764131847490965,31.66750212991822,12.514516132168888,10.0537685475517,8.134287022216197e-05
50.04494990049203,26.14990889546901,13.782299894713027,10.022716504800282,0.00012480452566104944
50.9839848747663,22.987098380696644,13.869308979086872,12.159508432093077,9.933335711120894e-05
49.74685971318275,21.76878128306554,16.862237103039362,11.622030681352685,9.121935966712568e-05
55.79530168703207,22.358459935315363,11.403200443894821,10.442953737040142,8.41967176059781e-05
50.186972729662806,24.868036520464894,14.662894274122564,10.281991162210886,0.00010531353883743672
58.51639635619683,18.59193315348985,11.392145181704933,11.499439303512279,8.600509609355225e-05
50.044406083787074,27.846583344554183,12.347243430579283,9.761655289277382,0.0001118518020924382
52.61077964962286,22.875382617628162,13.50193502037069,11.01182737616031,7.533621798824467e-05
56.68992932359605,18.32103583370691,13.396544474965442,11.592410028585023,8.033914656477065e-05
51.48794252262818,21.38243639176789,13.768836343696176,13.360689070354997,9.567155276350005e-05
50.26623025301846,25.54038483061969,13.298316485299837,10.894983084251454,8.5346810544502e-05
47.19931824711306,26.536177974088265,14.534852846228546,11.729542829175552,0.00010810339458041853
49.59065414032822,25.959795815310756,14.253380846285951,10.196089422043189,7.977603189898107e-05
51.815241229711084,24.337784995085027,14.12537890071213,9.72150242309262,9.245139915235925e-05
53.40369086034814,21.439534972330033,12.048665801970452,13.108022788161458,8.557718990249661e-05
52.09420995003041,21.80388340872874,14.0508576884489,12.050953300824688,9.565196726170131e-05
49.95786901022819,25.275325063668237,12.803498882046677,11.96321175829885,9.528575805480547e-05
55.59612200377859,20.64367120928402,13.40734833369647,10.352798041824753,6.04114161733314e-05
54.51491367313239,22.461952347872234,12.972164404399022,10.050889801694982,7.977290136505538e-05
52.448302623286814,24.194936049267703,13.047924397186614,10.308740612331937,9.631792691941312e-05
55.20271194452886,22.572815058881183,12.843355643913101,9.381026409814714,9.094286215163662e-05
47.83268128043325,26.596199114857278,15.639373700339618,9.93164447499753,0.00010142937231815053
50.05985891276604,23.537106196239872,13.977978285177606,12.424963767459127,9.283835733944133e-05
48.89028829471903,27.726172471790488,13.231627386710523,10.151815373547516,9.647323242859664e-05
52.6599991728011,25.580620018592825,12.645512220674071,9.113794483889395,7.410404260392694e-05
54.69731891883745,21.703504334819936,13.283499031821508,10.315600274210407,7.744031069910661e-05
47.8317462564721,28.945089450717727,13.791612702088143,9.431451331803139,0.00010025891888677659
49.75214117793604,27.149747765572336,12.1987321769724,10.89927348582488,0.00010539369433396553
49.761490196972034,28.910594844192133,11.332406231033698,9.995430131059562,7.859674255384357e-05
50.00436846528935,26.878273130820237,13.107365007403008,10.009915228295005,7.816819240741932e-05
54.13452205384276,21.98965838688205,11.475718413443426,12.399984720296631,0.00011642553514126118
53.720517684666525,21.326130977833195,14.653871759738877,10.299384870989165,9.470677224880154e-05
50.28327975123784,26.919303391194866,10.640811518532066,12.156511833999602,9.350503563021744e-05
57.106798117169596,20.86602707070181,12.684347368239335,9.342743054820787,8.438906847486901e-05
48.97353057260835,27.930902569911648,13.198933054677367,9.896535542776924,9.826002572088115e-05
52.73543542611749,24.218220966890428,14.029872626283641,9.01638547542937,8.550527907273263e-05
49.38515920275891,24.41004608542226,16.109751158736827,10.094941916829129,0.00010163625286261023
54.979827535088035,20.06530949372142,14.463706385314179,10.491083384600335,7.320127603784904e-05
46.169270441403704,30.99616974950613,11.72205941095749,11.112425505800038,7.489233261955333e-05
53.07271592139241,22.79328792786303,13.429061289469802,10.704837988602677,9.687267207818079e-05
49.408402628432604,26.76892453451267,12.36853124144352,11.454038694373022,0.00010290123817958187
45.84732263164172,24.253212831001054,17.502023481248457,12.397355736694884,8.531941388135101e-05
56.5900847793118,22.554367115525604,10.41823182559288,10.437217076115783,9.920345393331324e-05
43.794329363536,27.135043010748394,16.115372856062923,12.9551488528073,0.00010591684538647117
47.43031746690613,24.37951581861329,14.754866388193971,13.435208763100492,9.156318613110764e-05
44.94477654500507,26.962354793994443,15.795394990409003,12.297383246518848,9.04240726518696e-05
51.767029123145605,25.000825480272482,12.090966822417197,11.141085907587003,9.266657771658076e-05
57.853632850888225,20.734029726590606,13.258785056782099,8.153483786347955,6.85793911307389e-05
51.03854580943338,27.044256731567483,12.150921629173345,9.766178451664405,9.737816138022388e-05
57.749645267523086,20.014669488706637,13.458943973088001,8.77665204925313,8.922142914065983e-05
51.15792157005751,25.418920077648842,12.87725487476509,10.54581301026837,9.046726018461254e-05
52.39183287261859,25.20235482849621,11.619099302560924,10.786639315881276,7.368044299652686e-05
53.73579781063048,22.258235092986325,14.02106721991686,9.984824120473041,7.575599328611985e-05
55.977005075597994,23.74532568760108,11.02766468905397,9.249930085920486,7.446182647434936e-05
50.80400019970889,26.03103166921356,12.113867812010222,11.050999764943738,0.0001005541235867917
53.173785863673906,24.91033029329547,11.777953630237505,10.137841716695128,8.849609800963495e-05
45.73662316162553,27.15429226196333,15.152180400224083,11.956812205492836,9.19706942063118e-05
59.29858914247754,19.85900430582835,11.918486625194035,8.923859148178549,6.077832150485138e-05
54.127741552243926,23.898095479476762,12.59542487665343,9.378651262110997,8.682951488166117e-05
50.826757286324224,26.880403549632504,11.70401731698818,10.588727035853896,9.481120120663542e-05
53.387758567636524,24.457101648189973,12.282472758408504,9.872578877269127,8.814849586200624e-05
50.632673469625566,26.97508301648968,12.735888415088562,9.656255054080452,0.00010004471573828585
51.50269850336445,23.403722198979523,13.253731011365181,11.839755332063682,9.295422715313557e-05
56.93069926511668,20.918115068074414,11.515335317991154,10.635771451120899,7.889769684413413e-05
52.192714563474595,25.087058616163095,11.195938140634178,11.524191651678105,9.702805003593463e-05
49.39345832534922,21.95635933467717,15.687794901494595,12.962286598878695,0.00010083960035068587
52.59065411752294,22.780259974794458,14.65379735811089,9.975218706101288,6.98434704268155e-05
53.21799441314871,26.41851504795073,10.868443057235233,9.494958347130469,8.913453487168873e-05
49.2650190593564,27.122122907769242,13.634378361551331,9.97835463760824,0.00012503371478507752
55.28256445955504,21.038246360367403,13.103414715560943,10.5757023021887,7.216232790177483e-05
48.67076965541427,30.108170342746533,10.650309991977537,10.57066177486318,8.823499848735922e-05
49.108395056272485,24.52963067748901,14.160505943468074,12.201374627670887,9.369509954356195e-05
51.306966269824606,23.976636903761044,12.936634532232095,11.779685012649464,7.728153279936164e-05
52.2763606197972,26.427468028236806,11.114467070125968,10.181607723586936,9.655825308130651e-05
54.60253011070011,22.41698632592122,12.032442421523621,10.947966054120537,7.50877344972679e-05
52.07344488837191,22.636495310081116,14.513878569465207,10.776091097388202,9.013469356630663e-05
52.98259439914885,22.074595475637594,14.081384894493443,10.861340086336435,8.514438368377263e-05
47.8716038478058,27.926364001661813,15.66181975028284,8.540112478626328,9.992162321337273e-05
47.4538924092215,27.74448807849445,13.83002402965835,10.971491475005394,0.00010400762031142338
51.180427971578304,26.275730747943705,11.55634262892106,10.987410278014902,8.837354205509146e-05
57.4894422227486,23.033973915682616,11.072793698138456,8.403709688054414,8.047537594997253e-05
51.815713771224104,22.186747691053757,14.542942167710837,11.454502677069083,9.369294223431513e-05
57.523364846425615,19.78848418907406,11.941373379659224,10.746700526339577,7.70585015279912e-05
46.84058668064374,29.63437218438611,12.329006133538217,11.195964698589766,7.030284216346884e-05
60.14287555017906,19.066370150127803,11.110688930267978,9.679991711934061,7.365749109676437e-05
52.67545378352948,25.57325557368025,13.464941032284136,8.28625924584561,9.036466052839525e-05
53.097654543569064,25.960249670714852,10.94000014333683,10.002012502498578,8.313988068272066e-05
52.27668113859328,23.014790429263147,14.760881430949219,9.947570099131768,7.690206258563604e-05
51.08176319196704,23.35828222976884,14.219271209592232,11.340585247656692,9.812101520872078e-05
53.182787653424526,23.073540100807417,13.379140352987342,10.364452316022248,7.957675847609913e-05
52.6234652612952,21.898493241253497,14.43468562399941,11.043252317834176,0.0001035556177184271
59.967986978278965,17.807047740674847,11.228240429087524,10.996628195651278,9.665630736651106e-05
50.3832511320857,22.528429136818627,16.84371591889074,10.244497672662233,0.00010613954271416192
46.312343264433295,30.083836386833855,13.140346514117146,10.463373079597709,0.0001007550179947304
42.60773978493305,33.75554980046475,12.70165550778083,10.934951491283115,0.00010341553825234993
55.06488457597373,24.881531570774694,11.174500180373748,8.87899943565686,8.423722096795636e-05
51.91910492028576,26.465208160044178,12.456249760666088,9.159351498572065,8.566043189442322e-05
54.82275349360736,22.005661075746076,13.688486133771555,9.48303224986073,6.704701426896171e-05
59.56728193724861,20.722597401757344,10.662998453316035,9.047035975886017,8.62317920014588e-05
50.489260917902875,26.964611185066644,12.084727911762823,10.4613197572704,8.022799724914693e-05
53.225771136620196,23.33604298662286,13.898602012709885,9.539513920273091,6.99437739799363e-05
50.01825289543132,24.597258885841615,12.957477966460857,12.426921495256165,8.875701003819593e-05
57.53399130085069,20.460461305764255,12.22037595233305,9.785093471233775,7.796981823643905e-05
56.939240627459434,20.67437819673735,12.160643326077322,10.225638577637772,9.927208813084242e-05
47.38981248141428,26.737291367778315,13.185089190731572,12.687699198372682,0.00010776170313954247
51.6934617855899,22.01863959045301,13.557529316525784,12.730270554238155,9.87531931447486e-05
41.13707231792259,29.941976237964145,17.93374586484669,10.987057562555595,0.00014801671097659284
51.059813758031765,25.446949024775535,13.480795265712894,10.012357440800049,8.451067974126923e-05
55.81028833719828,24.66882287103441,11.456587230473458,8.064219680845676,8.188044817134623e-05
50.95708247659153,24.498433864259486,13.109282985124867,11.435107132117514,9.354190660294076e-05
53.79536293018874,24.64152015342273,12.154621482981085,9.408400638156916,9.479525051807088e-05
46.816493232047215,30.496053062474754,12.675719721814344,10.011661114447861,7.286921585205533e-05
49.936879241250445,25.322458814818127,13.944620271025473,10.795940063938735,0.00010160896722591527
58.43605581102251,20.732758826932645,11.605103184863003,9.225985636492048,9.654068979222823e-05
46.78975078693323,27.9555830092504,13.406515165504851,11.848049013841413,0.00010202447009866095
50.4780715587119,27.988377585942104,12.19230672078975,9.341150050709516,9.408384673005497e-05
46.64557759494347,23.24924328592892,17.07090024961474,13.034180931727125,9.793778575164963e-05
47.418792380390975,27.915521399363787,12.899933500084995,11.765658540613945,9.41795463050095e-05
51.06600074769463,22.65964320421105,13.505681384011496,12.76857603856207,9.86255207503496e-05
57.61321281363788,21.281604946544345,11.439368972127264,9.66572263712014,9.063057037257528e-05
49.52316408726948,25.747253835770362,13.89147251453759,10.838010781363682,9.878105889029443e-05
56.35246380009641,18.94060844464712,12.444642221259686,12.262192855865377,9.267813141598912e-05
48.30864904233942,30.062511285541493,11.17717947396688,10.451569214228169,9.098392402566406e-05
49.98958986842671,24.404369617304415,14.935953817651043,10.669991645835793,9.505078203708219e-05
63.37131608972374,16.400880708479352,10.65904284535568,9.568689701303166,7.065513807702671e-05
49.96138661011043,23.834536385995946,15.331404976150942,10.872594569466253,7.745827643930498e-05
52.5679305038349,25.057832517589297,12.762858458322432,9.611289560485691,8.895976767295363e-05
49.932301046518326,28.648902973820313,10.956412343191007,10.462303159741186,8.047672916246379e-05
53.31522221353033,25.02688168348483,11.96505048059012,9.692749777286899,9.584510781335117e-05
53.4148004901544,22.969605919288224,12.368641658416541,11.246863135570747,8.879657007186652e-05
49.19922831484064,23.627160589416487,15.20001068093421,11.973516253402023,8.416140665349433e-05
49.79793294030141,27.29004009799795,13.49419088260124,9.41774386279711,9.221630229259956e-05
52.951881834415936,25.405671774563764,11.573535900798333,10.068828665006622,8.182521534068582e-05
57.403506324056686,20.721244858698732,12.42782199140879,9.447353729745283,7.309609053061365e-05
55.89077255462033,21.08417841494648,12.553686434919959,10.471296256238588,6.633927464854486e-05
51.88478939548,25.276530518775026,13.108305662496178,9.730294353046533,8.00702022732516e-05
53.28122977454146,21.05044590819075,13.724857644658577,11.943393366415474,7.330619372542256e-05
48.94585352982777,24.850420494428008,15.087012499156746,11.116610487165213,0.00010298942225608178
55.506854128547744,21.29494405977087,12.150426760965791,11.047679934843643,9.511587194452715e-05
50.20664454468358,23.658279391681237,15.291051866135891,10.843941930007036,8.226749223832831e-05
53.06654874230521,23.340975925060796,11.302501509568728,12.289882951178262,9.087188700231187e-05
53.99585521663538,20.070925559001132,14.123069186978487,11.810053409552276,9.662783271371503e-05
55.67593470651272,26.55491065767465,9.042802610774539,8.72627664050735,7.538453073696368e-05
53.62223360969944,23.42800973844611,13.627412874573091,9.322258204668756,8.557261260377436e-05
55.321447775209386,19.85710691465045,14.191212348596476,10.630135900668023,9.706087566416097e-05
50.1511742887676,21.33954685879168,15.693857505135126,12.815314981963025,0.00010636534257912787
51.633190985495716,25.028658481885103,13.692470387618616,9.645572208827158,0.00010793617340126522
52.7611787440331,22.18588524672614,13.114578978374864,11.938266455630048,9.057523585043061e-05
52.62179073379758,19.850329701886775,15.4363815641226,12.091406399499146,9.160069391402451e-05
51.63568127929082,24.893320355079478,13.1698431487575,10.301043590455713,0.00011162641650144002
56.47212911706111,19.812856942648512,13.052813851897922,10.662106807736059,9.328065638703372e-05
52.821868637985204,22.678762645647964,15.947652354773318,8.551640785053062,7.557654045079446e-05
54.77794283129218,25.835944133275945,9.819204643357986,9.566807834923582,0.00010055715028009164
45.6277776166608,30.9874241005486,12.903845773740635,10.480868117648397,8.439140157348144e-05
52.36773016272716,26.05855831647368,11.784626928555328,9.78895998737919,0.00012460486463562647
55.26404483342774,22.413342611392213,12.330595004858486,9.991949738399631,6.781192193413746e-05
55.64608562529541,24.709429020833518,11.083640593567905,8.560754419887388,9.034041576912394e-05
58.474610399799055,21.445073752970615,11.174880033418244,8.905351350743882,8.446306819985423e-05
51.258606555526384,23.834011242695652,15.135663014103171,9.771636194608547,8.299306623084763e-05
54.6753601157574,23.210731003209897,12.547893175244312,9.565927319551855,8.83862365206696e-05
56.02326329849679,22.698730369269843,12.840859707988358,8.437068611533984,7.801271103436202e-05
48.9920515587885,24.07223530970969,15.78376591873812,11.151864388713431,8.282405024116034e-05
52.75502173778634,22.954626725352345,15.00797884762475,9.282275334638578,9.735459796716411e-05
48.599889640308284,20.87118182792959,17.843522154753835,12.68529464355804,0.00011173345024913936
51.17350145348279,24.88259665844837,14.394491013736065,9.54930198478732,0.00010888954544387825
51.25694702585377,26.530719785638933,12.52702003371669,9.68520565313051,0.00010750166009453959
49.668678387782364,26.180842176038105,13.423204041309859,10.727188144080603,8.725078905885318e-05
48.868758913412215,26.58378459864509,14.447253501254185,10.100127572067665,7.54146208520675e-05
54.3595145359295,22.019195608313847,13.865038952995995,9.756166222310162,8.468045050147014e-05
47.01085124791028,26.657907047043295,14.391782125760717,11.939342852242474,0.00011672704323400077
54.45641053188657,20.7873753938489,14.218880313291132,10.537223233075894,0.00011052789750678178
52.19123314843059,25.081702804267913,11.435677423199364,11.291299287424227,8.733667789954995e-05
53.296877558300935,20.91341521712849,15.04708464956847,10.74252804699837,9.452800373311172e-05
52.14543193269028,26.195981739577316,12.897193162260582,8.761309286362275,8.387910955495311e-05
58.55121285510838,18.960602825907312,12.362164790181925,10.125940070726665,7.945807570963691e-05
51.50326932823628,27.151807352861358,11.79266796893384,9.552164438261075,9.091170746469591e-05
55.58804224389782,20.92366001418023,14.2623512650227,9.225871648655922,7.482824335027181e-05
55.49628277223898,23.979965546671313,10.937990723166392,9.585674403128284,8.655479503920198e-05
55.83292275964246,19.858872437217155,14.183243353018286,10.124876977017877,8.447310422394598e-05
47.196565777631534,25.308516933628294,16.526954219364413,10.96785023518181,0.000112834193948616
47.866351213178575,27.910509462397265,13.923114617098756,10.299948838368271,7.586895713346484e-05
48.90293403862298,25.350847556686603,14.198370961042068,11.547755495592344,9.194805601293029e-05
51.484984659764,25.326750835937112,11.450651876754664,11.737521453838998,9.11737052230179e-05
55.171310157142464,19.38843357118742,14.25820570046334,11.181975011685113,7.555952168072555e-05
54.35110514017659,21.442516923500268,13.430465175487004,10.77583982832785,7.29325083055827e-05
46.89666911305326,26.675215204525713,14.030759311163285,12.39723912789468,0.0001172433630727941
54.41564109722107,21.336752638157094,13.417103093259582,10.830422578043802,8.059331845559746e-05
52.605679402923755,24.391303668508595,13.993757529481854,9.009164627856443,9.477122935368522e-05
47.93212097271572,22.868874910094085,17.212619065159355,11.986287666841868,9.738518895780444e-05
51.62071984112892,21.25195868912352,15.635040291008847,11.49220307782845,7.810091025349798e-05
56.14224526554449,18.076578181208223,14.507926471145382,11.273145237458685,0.00010484464322683246
47.36914187081208,24.81419054313077,16.87515342551303,10.941413120086777,0.00010104045734760794
47.56542019933679,20.777935631017368,19.017953748300105,12.638602162902716,8.825844302841488e-05
52.505692023522634,26.102520982169214,11.085486155894145,10.306193096596488,0.00010774181752925332
56.55097788742921,20.524091735358567,13.307653306625799,9.617205218354108,7.185223230422074e-05
47.30948828691245,23.679402174854562,16.71771369627216,12.293281853941771,0.00011398801906554311
58.281259926625076,20.425023196881074,13.566600636616034,7.72703396686612,8.22730117118963e-05
52.9529527115162,19.42573948179735,13.52689682111103,14.094298284389142,0.00011270118628245358
53.218564180013864,26.90425472900126,11.675575534848079,8.201516551527902,8.900460889433594e-05
52.0841216445018,25.514844732904407,13.98235038359432,8.418600829233382,8.240976610021795e-05
55.666339164962444,19.969812207288662,13.33144622985086,11.032330651188797,7.174670923812743e-05
54.02486519302532,20.865601126012624,15.364771583247924,9.744686540364922,7.555734920917901e-05
54.709362636693825,20.30064500602736,14.001076474466096,10.988828539916495,8.734289623534453e-05
52.00192171621316,21.29244005512679,13.144601125618657,13.560933189952786,0.00010391308860582714
53.172022746018946,21.784438273812004,12.712208394953395,12.331237476764613,9.310845105409586e-05
50.932459749091876,26.994394102487796,12.47677428189071,9.596286923398674,8.494313095462475e-05
50.140231884681,28.486874348025925,10.377948941560607,10.994852398594714,9.242713775002973e-05
54.10995478150389,22.007989906316265,14.66243761811398,9.219527431562147,9.026250372969814e-05
59.080157669390864,19.803622993386142,9.753390838529318,11.362736645245707,9.185344797895564e-05
55.72227798392485,21.23245788703086,13.315507587392213,9.729670410804435,8.613084763943739e-05
44.60684946274882,30.10117828619206,13.93902584877766,11.35284103880993,0.00010536347151371069
54.56817003098369,20.69248750352071,15.570631175651634,9.16864018219328,7.110765069770638e-05
57.80134424522889,20.52800463862283,12.529255892726763,9.141306680341328,8.854308018380387e-05
52.60640928878687,23.92301760279734,12.852947471386084,10.61754489169377,8.074533594805102e-05
51.41161160589234,24.768898244504854,12.945496665246612,10.873896702420177,9.678193603789549e-05
50.79627436112124,24.44248944237993,13.616750885521197,11.144413789447826,7.152152982243749e-05
50.472206571055445,25.679977281456534,13.688348667504762,10.159393915748325,7.356423494236728e-05
46.078883701999665,28.886420525023247,13.534332375425617,11.500293364733592,7.003281787616936e-05
53.43495077029189,23.22227048166384,12.961770775215376,10.380924154492197,8.381833667649032e-05
46.4625718619343,22.93086032108573,18.885744865596603,11.720711806954398,0.00011114442896392461
50.03615310597287,22.249763871655073,14.962439601844366,12.751553868145344,8.955238235225626e-05
50.62213952947572,27.78802108386291,10.835286646215504,10.754455031520536,9.770892534350632e-05
49.10485036690797,29.349834956104203,11.523204245868254,10.022025093314388,8.533780517245504e-05
52.744154560816035,25.382884402490934,12.04532792527289,9.827548288767906,8.482265225239005e-05
56.552246948179544,21.065655297616296,12.931053499606179,9.45097418253256,7.007206543582026e-05
50.04059988088863,25.96407973302522,14.395322068542502,9.599891161040915,0.00010715650274216127
54.55017888078446,19.137449183331405,16.357343098333903,9.954935158509116,9.36790411169615e-05
52.785898511437956,24.85452485405781,11.848682434829911,10.510805355306548,8.884436775674746e-05
55.514600269867685,20.852169107941172,12.979458654874524,10.653674726243734,9.724107288529323e-05
46.2635138392468,29.872354368559762,13.985074776802046,9.878964824188575,9.219120282301676e-05
42.608927864465755,27.303230210315967,17.71342451427963,12.374302915499163,0.00011449543948317351
47.97112066790702,27.581297793050197,14.292986787176151,10.15449432178124,0.00010043008538200568
53.60281372981975,22.542104219476684,13.82777509096863,10.027232959284252,7.400045067527779e-05
52.36824369065414,24.520926540537648,10.296536379034759,12.814198568895458,9.482087801746452e-05
51.00194596946485,26.106561319838463,12.825526649194973,10.065875942405826,9.011909589963007e-05
54.76936993109025,22.614381481071256,13.000591284654881,9.615580972353841,7.633082977916161e-05
53.154622253368565,21.344499404114163,14.917296061988655,10.583490973737925,9.13067907064605e-05
54.28545841826524,23.87666366184393,10.404378515962037,11.43342353853223,7.586539656553996e-05
56.73153671295182,19.424387690958422,11.555429004247026,12.28856506546593,8.1526376799702e-05
50.83828223619694,29.016042139350144,11.166144844805952,8.97942962163215,0.00010115801482451882
53.19784023809638,23.10081395598207,12.844801683649564,10.85645132105473,9.280121723822454e-05
48.893440692689246,24.28045483292853,15.786754867623104,11.03926158780104,8.801895806436776e-05
47.40362813267683,28.722124278732124,13.315946232265032,10.558198788901642,0.00010256742435395189
53.59432249334972,23.546873223078073,13.048952604041016,9.80975607005792,9.560947325117018e-05
51.821204968534396,26.04984192705472,11.212407598694714,10.916455198094924,9.030762124720726e-05
47.870010008308,25.442754164406317,14.67403362329443,12.013113125826267,8.907816498702344e-05
53.161150408671865,25.993430760220736,10.318178977690438,10.527166355695945,7.349772101684683e-05
54.17409648772882,24.320743570896987,12.26013938904865,9.244950257708274,7.02946172547575e-05
52.00958389250445,26.287472381629534,11.39159024175662,10.311263515765733,8.996834363122665e-05
51.16900973142451,29.543562597408595,10.211369992276243,9.075957781525506,9.989736516050492e-05
49.28530135528318,24.635485518423796,14.973365032239572,11.105751034788216,9.705926523282565e-05
50.495343212410795,26.650683198553143,13.073384723684308,9.780502609755423,8.625559631748295e-05
53.6818673931372,21.96608082902204,14.145484601491798,10.206452035459881,0.00011514088908069185
54.903908144134775,19.30977310752884,14.990487051904305,10.795757496812033,7.419962005862967e-05
51.089161498447666,25.408669319653338,11.366871139378581,12.135192775654778,0.00010526686564494497
56.36515934949442,22.172346031990298,12.027513616972143,9.434891691116313,8.931042682748295e-05
46.78145963785278,26.014148346336025,14.267910369987627,12.936378071215831,0.00010357460774480924
44.47468476625298,26.177896176240544,18.47156918812494,10.875738844538201,0.00011102484333812835
47.38080670737845,28.222575378219084,13.935549876657358,10.46098814580294,7.989194217316033e-05
55.338851768211605,21.217338282157368,13.035916432230756,10.407826354586668,6.716281360971154e-05
54.27452678824197,24.92173075148966,11.094663544491913,9.70898880240074,9.011337573296507e-05
57.5022295507976,18.840982536027713,11.438935653515317,12.21776555112789,8.670853147697742e-05
52.17088149253591,22.30454820205238,13.410892120500172,12.113599069264074,7.911564744461203e-05
53.40551954737841,20.95785685578835,14.879080571906576,10.757438207989887,0.00010481693676954199
58.71307567769498,21.03373889697819,11.216752355196219,9.036343679611605,8.939051901111394e-05
52.45656184742469,22.978625275927346,15.402018152980318,9.162699543909545,9.517975810101411e-05
53.47498091314401,19.898733207964273,15.261663498752506,11.364536315993334,8.606414587832318e-05
46.25615504655497,24.269638075863366,17.29043241683468,12.183670175184028,0.00010428556295830974
51.43831191699048,24.565561338703407,12.243755110374982,11.752285033028201,8.660090292512274e-05
47.37302205412501,25.0915282921623,15.62383692787344,11.9114993929263,0.00011333291295186183
50.5971774012702,20.28228770575191,16.267589955045846,12.852825738838439,0.00011919909359422725
48.935651227814326,24.7183584961816,14.788047197022022,11.557846090629582,9.698835246135507e-05
52.71490507563743,21.30364934872565,15.528959005670123,10.452387571990709,9.899797609715227e-05
51.54035986211638,24.945984061119518,12.992371858881512,10.52118553610191,9.868178067901338e-05
49.19216149275657,23.849155439104422,13.564845584552792,13.393747741348166,8.97422380632005e-05
51.63159402003122,25.08981861024489,13.56692183704052,9.711571504639561,9.402804379596971e-05
53.60231787268667,24.689934757193573,10.923743750162203,10.783927483518484,7.613643907167732e-05
54.824787409778565,23.52823241634447,12.256987867664211,9.389905130920694,8.717529206077e-05
47.38472656117115,30.926234983365063,11.030319626652973,10.658630282194606,8.854661620507827e-05
49.11762854645577,25.704837284934424,13.565831342443532,11.61161118301415,9.164315213813638e-05
53.65304888052733,22.571891849379767,15.067543205603066,8.707446783010381,6.928147946943002e-05
51.20928243557987,23.415129004799354,14.15070273914214,11.224791075144024,9.474533459702564e-05
45.32349841767856,27.87554701677323,14.615099671912436,12.185768759672184,8.613396360397772e-05
55.4402144361499,25.947281237175034,9.973610814446443,8.638805615494233,8.789673439710064e-05
53.26920529956239,25.745767524250624,11.268009108316114,9.716937423849249,8.064402164925144e-05
44.9898044298543,29.148224760875436,15.52854212684843,10.333335232017117,9.345040471814464e-05
43.942801824459885,25.726854232830476,17.724334791066372,12.605902890769421,0.00010626087386618272
52.75733702663465,24.777667717404334,11.432404172669921,11.032520633109728,7.045018137639256e-05
53.760346733058526,25.303179700962474,10.757267551350717,10.179115701223312,9.031340496745836e-05
55.13408039718105,20.481074313819462,13.763405808688631,10.621341677940574,9.780237028560725e-05
50.52898037643953,22.099307099735192,17.585995843053038,9.785627861762967,8.881900928374216e-05
50.369654289597634,27.32517065547853,12.589635192589634,9.715453912464634,8.59498695900701e-05
55.583378790876516,19.448339574479288,15.305691030360148,9.662510579847998,8.002443604813817e-05
54.41586628191414,21.138214630397908,12.767554578636146,11.678282676693636,8.183235817248245e-05
45.66338116858898,27.125606417074927,14.676107729281831,12.534817654828403,8.703022586816538e-05
53.06985628532635,23.41510918851086,14.779832165383521,8.735094799796007,0.00010756098326502719
53.60341094644551,22.48410081487517,14.249428168751738,9.66297098652971,8.908339787095896e-05
51.324423341561435,22.00915530757356,12.819924800885216,13.846425558976538,7.099100325419139e-05
50.81962249526789,23.088696082565704,14.614475825862694,11.477103225200787,0.00010237110292571824
51.09433717364163,25.46523504148379,12.163254389643253,11.27707805396211,9.534126921393417e-05
58.73673401623495,19.338272711147905,12.705387184790384,9.21953509758736,7.099023938488951e-05
50.491517842054876,27.21698288562917,12.008278247973799,10.283141927156407,7.909718573485267e-05
52.717595889291445,24.93153370859725,12.79452846174585,9.556247540083934,9.440028151416792e-05
49.957851891573185,27.276605893708716,12.718680090871098,10.046770426205889,9.16976411292411e-05
53.025708012488,22.215500512273522,13.947455234531859,10.811238573837239,9.766686938638918e-05
50.99005551067837,24.057039332528994,12.220714669061497,12.73210183524153,8.865248960629385e-05
46.61615735261485,30.92868998034794,12.16244958229925,10.292613603389373,8.948134858443663e-05
53.09680240832352,23.855603965277368,14.308947557146254,8.738574571467158,7.149778569330504e-05
52.322151538653905,22.83801632892142,13.141723880731671,11.698026720091297,8.153160169514879e-05
48.40458649193323,26.16324945005175,14.579810107299984,10.852267179637806,8.6771077235356e-05
47.95078871587209,29.19711824847846,11.500448482259834,11.35154708972029,9.74636693078396e-05
53.849978202144456,23.653875049668173,10.947179568301815,11.548891035330058,7.614455548897297e-05
49.61003651051507,25.11071399766682,14.736832325563462,10.542326697310937,9.046894370948452e-05
57.492733018883,18.724567263268472,14.035782154204469,9.74681442186554,0.0001031417785142745
53.889921007775875,21.028279402318176,15.621278987338632,9.460431748409306,8.885415800591564e-05
54.06467880252711,22.60692702151021,12.829370343998606,10.498944425294605,7.94066694614732e-05
54.54276376770887,22.14216064271506,12.583535604694628,10.731466199499485,7.378538194602406e-05
56.794993194526,23.981066246913535,11.50448887877022,7.719370097246929,8.158254331630593e-05
51.86059161277248,24.48306920428081,13.586213467327104,10.070042226587075,8.348903253764815e-05
53.43892052650824,23.293169626753045,12.92527155136112,10.34255081608876,8.747928881663949e-05
47.27132778994713,26.14892119271274,15.377655963880589,11.201993008540963,0.00010204491857587342
54.617031017833185,23.633358521412866,10.513053851307031,11.236475338541076,8.127090582900391e-05
53.21154878495684,19.733615193395092,15.800601501461362,11.254150558273489,8.396191322559183e-05
47.51919705263007,29.5956380822347,11.946192517165342,10.938890208938211,8.213903167076443e-05
55.15408598387545,24.113722849290856,11.252244299084913,9.479878172017994,6.869573079150757e-05
50.56387850475692,26.80298755494677,11.623678805527378,11.009370911548363,8.422322057294326e-05
46.84707047748746,29.220644346672408,12.570068089905703,11.362109769755076,0.00010731617934898666
50.120498640127096,25.49279775650805,14.55215359647074,9.83444349147441,0.00010651541971961404
50.22157742366362,22.190955175807893,15.37751554931735,12.209844957929688,0.00010689328145163471
51.30470828370891,25.612004605814022,12.283996725331873,10.799194864264939,9.552088023209585e-05
54.06469947248037,22.291476774560532,14.28484048628696,9.35888876048586,9.450618628409109e-05
58.039588713165976,17.737540715762314,12.108020062883458,12.114770185088041,8.032310022498629e-05
56.10247745280162,21.29739049291859,12.63041116692268,9.969621757625488,9.912973160915494e-05
53.82208558744808,22.953803902961862,13.705080315560977,9.518930245558606,9.994847047627296e-05
42.56320658786008,25.259237447660393,18.48638732577282,13.691053457967179,0.00011518073952944835
49.18011071739175,22.940647742576083,17.732236824743055,10.146913883441767,9.083184735349106e-05
53.612558941281875,22.554612651721364,13.15889881861122,10.673838814977838,9.077340768631427e-05
58.53670895084777,19.93723909521608,11.992810002230707,9.533159762142459,8.21895629781512e-05
55.20732635430635,21.709727148673835,11.813882172202678,11.268982977272088,8.134754503655156e-05
50.09522162327481,25.097522139936846,14.365148270909787,10.442025550115156,8.241576339409344e-05
49.328847730451656,19.433580072595962,19.53149391134676,11.705994036970662,8.42486349557448e-05
51.5892948203218,23.717491686238546,13.670763985303678,11.022349925852879,9.958228311580445e-05
51.62536395477031,22.294091381646886,13.609830279864369,12.47059924417855,0.00011513953988139
51.921767423993224,24.694840104289163,11.171769247609781,12.211522212077314,0.00010101203052423973
54.53794927460258,21.41831348021678,13.311654283476384,10.731989172966772,9.378873748219413e-05
54.06211068569334,22.941829161956075,11.546318934884344,11.449663052390632,7.816507560470531e-05
52.57040310133442,21.441321531694,15.790547264352384,10.197645914731728,8.218788747417406e-05
55.58372531404513,19.922779179163673,14.467246952447546,10.026181736284515,6.681805914941632e-05
49.35687439871271,25.861957114566252,14.712973940388588,10.068084135315699,0.00011041101673215238
51.83025214878478,21.106536649118333,16.036710419674613,11.026415447175578,8.533524668375202e-05
57.53183839263767,19.36191053540843,12.10969068891547,10.99647023453013,9.014850829198587e-05
53.33462626179889,27.310228442507906,10.073667343079746,9.281395758301494,8.219431196090346e-05
47.96004522760825,25.565468443103413,15.496828386720857,10.977543319811184,0.00011462275628473476
50.32337736471092,22.51061859078602,16.454829516332158,10.711070218770939,0.00010430939995185872
56.77433097635617,20.230352779487355,14.036396817134428,8.9588389606948,8.046632724353526e-05
55.8466520559494,22.733637265093424,12.901229668970842,8.518394857041702,8.615294462832054e-05
57.61502515192436,19.913299582620088,13.081422798796902,9.390172177734332,8.02889243203207e-05
48.80050580367776,23.748547354488878,15.70560897369183,11.7452531157307,8.475241086293066e-05
47.178682757967685,28.18553683363548,12.004927568533894,12.630745528611772,0.00010731125116993932
55.417660988801565,23.78281320706843,11.382468337429657,9.416969456765468,8.800993487746099e-05
48.03310449663102,26.76132950539212,13.818833430872507,11.386656390658946,7.617644542098895e-05
56.77524696324387,20.316146773496246,12.610056093516093,10.2984710799156,7.908982818357534e-05
57.433713951116985,20.37609108059414,13.659956285709725,8.530167245976713,7.143660242474853e-05
53.92103957276993,23.282852321415003,13.201427876440237,9.594578708662844,0.00010152071197080338
50.58429434778232,26.179587402338523,12.089272828328093,11.14672752751174,0.000117894039321714
55.646663609165856,23.867980506395796,11.907917160378947,8.577366041468713,7.268259069547832e-05
56.37255393204765,19.1520976145286,13.991409922356448,10.4838601974686,7.833359868383642e-05
47.094701910246016,27.81561246910117,12.94311223357229,12.146471626970822,0.00010176010967763059
57.769192074701614,23.47397069743454,10.299244195491479,8.457515292396426,7.773997594261604e-05
55.21260403245044,20.271253442316397,16.635297586335465,7.880759915482992,8.50234147121357e-05
55.23319037945454,21.56025249912147,11.133480821611185,12.07296512978455,0.00011117002824409182
52.68362495962349,23.038650506743835,14.429502915936737,9.84814667197248,7.49457234750852e-05
53.86524250769595,22.98410191158504,13.636096553066787,9.514489247908799,6.977974341346067e-05
48.33533572092198,30.128696275179728,12.022399668552481,9.513492724636375,7.561070942030157e-05
44.290143423994245,28.12385921752254,15.06904379052083,12.516857555678317,9.601228405942773e-05
57.917754168389415,19.723605367804282,11.93505863978463,10.423502873220327,7.895080133792083e-05
47.57340782337327,29.192901428180967,13.704551806169771,9.529042519011757,9.642326424331724e-05
52.11547905719161,23.81215651945546,14.792337355716354,9.279913429544957,0.00011363809161099604
51.279009124062526,22.02518944132192,15.59460403944509,11.101109741665512,8.765350496938431e-05
56.46165510245046,20.631992395648222,12.956607552674651,9.949669810582947,7.513864370825235e-05
46.661623049239424,22.81165628108665,17.36198283614668,13.164620251570556,0.00011758195670178534
58.97357659499816,17.59322285010979,12.539863782206234,10.893254421016865,8.235166896236395e-05
45.33087414970239,30.329198267556595,12.231059885703376,12.10878588636732,8.181067031266855e-05
54.823510406908404,24.413185039186537,9.96054157216426,10.802704515914293,5.846582651138471e-05
57.35567547434953,18.395405455488646,13.499720349487504,10.749120120169643,7.860050467195696e-05
52.94833101900418,24.969833143903163,11.178336171579,10.903408038605345,9.162690831274718e-05
54.02032168271038,21.092265420842455,14.121143474433945,10.76619018672207,7.923529114920289e-05
54.96352888822612,22.249983349134496,14.176489500010344,8.609936354006635,6.190862240720653e-05
52.51253570974338,23.34397009782783,12.89789196735735,11.245523533513849,7.869155759087114e-05
45.81308953592971,31.603327798567175,11.496096195369471,11.087372819871751,0.0001136502618903998
49.27784296307885,27.080251516901622,12.698813593298617,10.942994170120057,9.775660085859503e-05
54.41255227298706,24.415401684254874,10.717643432587971,10.454314849333231,8.776083686783512e-05
55.61408740365265,22.404854004972385,12.015265306038913,9.965702024107308,9.126122873252358e-05
52.11371552056626,22.166907931976652,15.026094108558857,10.693201112550735,8.132634748688612e-05
50.09729337935745,20.76426598516837,17.31398516544756,11.82435978886521,9.568116140892539e-05
50.91635146835989,22.717991458700933,16.247975299153122,10.11761104099729,7.073278877249065e-05
55.036496165434286,21.952067757321064,11.066106246060178,11.945243703040624,8.612814385057746e-05
52.94477135937831,22.408992370892843,15.608566295919529,9.037571709604709,9.826420463283389e-05
53.517310218001136,24.413480925111347,12.724881072876403,9.344250252557213,7.753145390005452e-05
55.89301678868574,24.13818788528772,10.845552143241521,9.12313699732659,0.00010618545840315171
50.747738083434534,24.64352336049935,11.576438590383548,13.032184907274289,0.00011505840828327706
56.48241457434654,20.517574088473598,13.191177854390562,9.808730050581229,0.00010343220805656976
46.02507610798049,30.432003171202854,11.93944933972598,11.603377875630407,9.350546027215448e-05
58.59453649009417,18.979150439213146,11.601861866395385,10.824385317760575,6.588653672356765e-05
48.79516663084822,24.631019548474818,17.023302479958343,9.550406694285577,0.00010464643304475784
49.004323289275945,24.82359430769346,15.841777727795339,10.330213707852495,9.096738275162063e-05
54.797612284232265,24.336512673222433,12.257973881126222,8.607825543887193,7.561753189338977e-05
51.51648428302384,25.8500749206816,12.895029679684814,9.738338980824215,7.213578552813858e-05
51.253254295860486,23.082980807045942,12.957510158982643,12.706150402156915,0.0001043359540104825
49.286420211197765,26.510373716709523,11.768998457060402,12.43411321117887,9.44038534360721e-05
54.538577558730914,24.482494322966865,12.812468855689103,8.166371816190145,8.744642297790016e-05
47.887096236801774,26.517240875578857,15.087032158477307,10.508513514060843,0.0001172150812091509
51.96059819529136,24.25215428587874,13.752317940968112,10.034859157237932,7.042062384217442e-05
46.15760294475458,25.456168982478218,16.875854870662785,11.510281113054667,9.20890497537223e-05
53.259667876358165,21.57656757759929,12.836120521509804,12.32754294210664,0.00010108242609446991
53.64325988785391,23.825350568116775,12.648013574255055,9.88328555343004,9.041634419311602e-05
53.35267701803801,23.39587166851146,12.40478857873657,10.846580159130779,8.257558317519886e-05
55.08452084953562,22.597810013689237,13.62541222716946,8.692177680727795,7.922887787673754e-05
51.728820623989535,23.442185944654774,14.062298317083007,10.766580275849952,0.00011483842272983889
49.4208348286755,20.682162293315535,17.13747834992421,12.759436768914197,8.775917055101435e-05
56.61645006418357,20.03094693476673,13.554733868920524,9.797782911445749,8.622068342101131e-05
49.398713208495984,24.676499360902838,14.763525244541691,11.161184566358742,7.76197007427265e-05
53.04105738622072,23.271017711775755,14.437868444537798,9.249982329751786,7.41277139369657e-05
58.264018953812936,18.85917072315096,12.774901624964311,10.101835477777293,7.322029450023031e-05
52.54572526332871,22.19231470508407,13.742531532636567,11.519336880174077,9.161877656997494e-05
48.95515944052029,26.032574014210674,11.616039448242226,13.39613252347467,9.457355214926297e-05
46.63176777073728,31.15974870659709,12.09784342084045,10.110546289773065,9.381205213024927e-05
52.297432851028425,25.17033242779843,10.978611266212305,11.553524862205196,9.859275564493224e-05
53.193169492257105,24.286667082966986,12.22792518678378,10.29215960350598,7.863448616239485e-05
46.95999476517082,22.949288817346307,18.076619980013394,12.013981474326222,0.00011496314324552951
49.49367157096531,28.31328341724873,13.552409338635016,8.64056152000056,7.415315037698287e-05
53.71267528850616,23.710117640475385,11.226482748496696,11.350633133405392,9.118911637230297e-05
54.05425769076596,25.45660806841094,11.040727805688443,9.448304032912874,0.00010240222177414476
48.93503865187703,30.778241136807775,12.343229566691422,7.943387647969534,0.00010299665425071608
51.87899907927659,23.196300158691844,14.993306760397942,9.931298108250415,9.589338321200035e-05
50.10779512114447,26.745540219945894,11.451867807563971,11.694708571819518,8.82795261284538e-05
49.550270545198565,24.737956603821274,13.822302687618674,11.889363491588888,0.00010667177260574759
55.21783142711325,19.641715922741163,12.447770319523558,12.692590762538197,9.156808382631083e-05
45.179253675447065,27.938898317564735,14.78032595905118,12.101436001971988,8.604596503411377e-05
47.5618499301239,24.15186982877429,15.831452816881693,12.454717135305462,0.00011028891466488212
52.40782043357546,21.046642671453164,15.974507004862126,10.570945119978159,8.477013110334844e-05
48.85611117153885,24.53327980557794,16.934317960815964,9.676212225817709,7.883624952987346e-05
54.660415140843874,21.73139523794228,13.744351660691386,9.863758534925179,7.94255972940485e-05
59.86601984130952,20.382772096022364,11.195293895332163,8.555835224632498,7.894270343784847e-05
50.66138538072348,28.520551959742885,11.373695904185539,9.44426935937734,9.73959707625223e-05
55.29661779574927,22.969441320472647,11.282286168153634,10.451568009744978,8.670587946115916e-05
49.827693867903086,27.87764394096035,12.49728689412806,9.797307604004242,6.769300426565957e-05
50.546867700243126,22.73134693599052,14.205514600741182,12.516181187980305,8.957504488026977e-05
48.51918091106727,25.48403223514783,14.163329475007725,11.833376601041708,8.077773547295664e-05
50.37036703462265,24.19357246975366,14.621917547211192,10.814070943050986,7.200536149445893e-05
52.405986732916396,25.063878233121372,13.978049211431395,8.551986475898017,9.93466328006276e-05
49.004323630606336,24.714163273253757,13.493143857824089,12.788271535513676,9.770280212042609e-05
51.38846404829637,22.8934237154421,14.750572356406341,10.967439194331298,0.00010068552391676468
51.3914419489386,24.197174687575497,12.737045099365938,11.674252564411685,8.569970829373616e-05
46.66431883576071,27.803630630577725,14.212424569848311,11.31955318659582,7.27772174528796e-05
53.07808358072836,20.982238597225916,14.029464156793644,11.910118608131032,9.505712104114154e-05
50.64691315359921,26.258713109929698,12.52456139847255,10.569714360734404,9.79772641418336e-05
49.21352811548188,25.96812907750993,14.731685544662506,10.08655753184179,9.973050389759548e-05
51.95560311715739,28.40195335810255,11.585723031201816,8.056634121152367,8.637238587546917e-05
54.85088711113028,19.512304319108974,13.357904900400372,12.278827689696021,7.597966435173474e-05
47.03198952804264,24.76590087221061,16.37198315613493,11.830021031457443,0.00010541215436454158
56.5324750438883,19.4648651354261,12.953824524265295,11.04876732301922,6.797340109584746e-05
53.907786584637996,19.692150662432084,15.12218196645278,11.277779828387018,0.0001009580901273287
55.76129194082934,22.436975063156975,12.228548010461246,9.573090093030554,9.489252187875096e-05
50.989602027696435,21.887927589219455,17.316074703939297,9.806301778434173,9.390071064170781e-05
52.06622329642418,22.85613469400775,14.610288261034274,10.467247595648537,0.00010615288525844917
53.708769246212164,19.795629660089677,16.556162576091182,9.939341563764566,9.695384240959747e-05
52.86065313701995,22.311651335228287,12.893331339872843,11.934279815145384,8.437273353580955e-05
59.147206750475526,16.80392728489391,11.914059506921982,12.134711608902109,9.484880649858989e-05
52.64514075087738,21.131942139005442,14.51667455288998,11.706136888701154,0.00010566852603481776
52.45822604408035,19.371521229506424,15.939110801188702,12.231053456851056,8.846837347989613e-05
48.9615057586117,25.152292644318074,15.188145971230545,10.697973522851893,8.210298777073129e-05
53.619294482166424,24.319602436361272,12.513815541806183,9.547196684649034,9.08550170803673e-05
53.03219964783106,21.161965582330634,14.670279390249878,11.135479823736148,7.555585228373448e-05
52.54369967071606,23.144169118658482,13.994119746057576,10.317921389192348,9.007537553030089e-05
49.567386602043605,27.48257563413597,11.95464005951373,10.995316990782037,8.071352464469605e-05
49.77971132894171,23.41515018632772,16.40905432036718,10.39600504356555,7.912079784176652e-05
56.176487690582654,21.871366039146643,12.055291074471134,9.896782327144866,7.286865472174766e-05
52.148168603646496,24.666400860700367,14.005557436989879,9.179783711394256,8.938726899327578e-05
51.71903624875157,24.690862169141386,13.689003344312988,9.901010935002251,8.7302791801619e-05
51.81596092321554,24.69247940696749,13.180531104314635,10.310937438367269,9.112713506139303e-05
50.87695671053737,26.201513386031866,13.162922921574443,9.758481684756543,0.00012529709978486542
51.88309433814309,23.18734999283342,13.900867606657158,11.028608019338641,8.004302768522666e-05
55.053863148426416,22.724819083196856,11.403327094211658,10.81790758750541,8.308665965869371e-05
51.41771248675131,27.00453593292239,12.287301683903213,9.290367684371937,8.221205115429183e-05
52.193089482421854,27.98154629051378,9.60902441108244,10.216266035723576,7.378025836392162e-05
50.97843819505997,26.775122840934245,10.764952541245007,11.481398003509948,8.841925084543153e-05
51.04654606846799,27.551864448244306,11.909240507633925,9.492259855867458,8.911978631625406e-05
59.052771426592734,19.288908346428073,12.901510565831071,8.756751052089873,5.860905823494427e-05
54.38008057286884,27.329950254279474,10.42421425975742,7.865683558973317,7.135412094953077e-05
45.73728818848251,30.769782273572194,12.513804801127526,10.979032108905457,9.262791232773325e-05
49.67251792196985,22.89873250705635,15.80960567322102,11.619058783927954,8.511382480548193e-05
54.995921790937516,20.837136355105244,13.354380610994138,10.812487361933572,7.388102953647375e-05
57.31819617140813,21.074923033616347,11.430899653960909,10.175902239429675,7.890158492340697e-05
56.72274075081351,19.8989366102359,13.413299222532023,9.964935908355695,8.750806285839202e-05
54.03049169133749,17.8190667856242,15.942271728259358,12.20808192048555,8.787429340180131e-05
54.20672357921688,21.226925343587464,13.348170819096847,11.21809926010499,8.099799381686331e-05
49.997845060330455,23.85931380846985,16.346458841093604,9.796280537582778,0.00010175252331212348
48.3904124267121,27.98143175203051,12.33926742794175,11.288786599419574,0.00010179389606165457
51.096169611398125,26.863931884407364,11.38943719519938,10.65037980938895,8.149960619221794e-05
52.748549621236194,24.193088310157876,13.493372431280932,9.564881755155104,0.00010788216988288404
55.0065227697325,23.4159874564652,10.993289925460834,10.584090487782728,0.00010936055874014397
52.212063834643544,25.38763248604432,12.741392896997375,9.658818264561269,9.251775349188998e-05
55.37575985604709,24.047246630928885,10.653499436577903,9.92342707861936,6.699782675988158e-05
49.71586962581605,25.78775658421324,12.867709765413307,11.628556011762273,0.00010801279512727273
52.020968173518455,22.50077171272403,13.974997927794766,11.503179771820367,8.241414237029893e-05
53.30446080970539,21.990471831562175,11.958619469941588,12.746376371982956,7.151680789730855e-05
50.88687269063421,27.78445109270549,12.379687892002474,8.948887852641382,0.00010047201644646916
51.38063788373799,23.03904284814875,13.341761280569928,12.23847900101855,7.898652478805468e-05
48.83509966903799,25.857698436394184,13.851002129637305,11.456114850344653,8.491458587492118e-05
52.582793147762594,23.460266938727532,13.087785528365153,10.869056764873637,9.762027107479837e-05
52.88832844774936,20.74674991329834,14.056448854302978,12.308384972722724,8.781192659212977e-05
53.118867449045126,24.941159406266145,11.396960097655638,10.542937794631607,7.525240147209552e-05
52.41485219200046,27.52816805304521,11.143584407372343,8.913315430984843,7.991659714614011e-05
53.154385943991336,23.9323720718017,12.587398207281861,10.325762604422497,8.117250260015979e-05
56.80534669348031,21.638226210542967,13.0345663808561,8.521788467939706,7.224718091611241e-05
61.52033357712352,17.205573903160104,13.129088148072734,8.144941503257307,6.286838631512233e-05
46.03218443307837,28.975766619823794,12.449304351112586,12.54265295745964,9.16385256237611e-05
51.02398062495141,23.735782228782025,15.103660272296015,10.136494139163004,8.273480753088862e-05
49.37069194340538,28.032324684525932,11.98248323144249,10.614420819419108,7.93212071040856e-05
55.71466722669726,21.967071025180392,13.201647307083283,9.116536879737072,7.75613019837026e-05
55.242328651615914,21.478855033509223,12.665975805303747,10.612771429431612,6.908013949526466e-05
53.40206962188202,22.76209795967618,13.087179199644474,10.748554253453623,9.8965343711763e-05
54.68874865099518,22.839792870774467,12.673867657060239,9.79750964509084,8.117607925869348e-05
48.532317819795736,28.348399420618563,14.120803485790232,8.998351763618356,0.00012751017710919415
48.92210099537152,22.692417490235524,14.958374314615927,13.427009392823773,9.780695323600836e-05
41.96547634999727,31.41475363669001,14.435601794302071,12.184082909624045,8.530938659421273e-05
51.30039405686102,23.098157573087093,14.587856024635363,11.013523439359796,6.890605672737919e-05
52.00939722687371,26.93264521909178,10.906762454515388,10.151108994635939,8.61048831922727e-05
56.97746330581782,18.26267196349791,14.718340588663734,10.04144888743167,7.5254588856634e-05
53.74778781363735,22.678764634570463,13.607007449585817,9.96635919843946,8.090376691025781e-05
57.80752788692691,22.34544510637378,11.113632076205468,8.73332470105189,7.022944194570535e-05
47.863738207788934,28.401652817125793,13.103338937952211,10.631173427958556,9.660917449339862e-05
56.95787686913161,21.7883836815425,11.38354096634031,9.870104725874087,9.375711150412388e-05
49.23090631590294,27.06895679341954,14.172588824268276,9.527467654381553,8.041202767642344e-05
54.04405731776678,23.574776290600493,11.156391974415207,11.224685571975074,8.884524244149743e-05
47.054634241394346,28.530638937079196,13.694485333866494,10.720141396591005,0.00010009106894081195
55.03800722156418,19.98195465348377,14.589955053746777,10.389991383903881,9.168730140178068e-05
50.27798055727527,29.067226220734,12.92317787681895,7.731514135738915,0.0001012094328465693
60.347361444681866,21.300674040766783,9.902447134214237,8.44941631028031,0.00010107005680324138
50.56324445653999,26.771744265193586,12.691804366698292,9.973108696598953,9.821496920268331e-05
50.051525133647786,23.39411301935233,13.250404174417922,13.303873796235655,8.387634631747873e-05
52.86922029652982,23.145032716823884,14.098440461780454,9.887220109568938,8.641529689672009e-05
53.77291667283711,24.578604907835413,12.233216990936484,9.415169988229923,9.144016106673493e-05
54.07186580389168,22.017673505707616,12.727465058687951,11.182893727446029,0.00010190426671383528
53.93771593486183,19.34811235354512,14.821654064299631,11.892428776765138,8.887052827256112e-05
53.32850799548665,24.36406479156022,11.79638324069647,10.51095018883686,9.378341977749913e-05
47.4396045580752,29.711376577830322,13.807149251487576,9.04178465985584,8.495275104881275e-05
48.21724151141754,23.27227048871411,15.432638926446849,13.077743395906902,0.00010567751457871506
51.52679503116298,27.941230529063247,10.379603912854561,10.152279202183704,9.132473550241298e-05
49.89188006537717,26.10535505156401,12.850113507539579,11.152575712003788,7.566351545384635e-05
51.90274270050702,21.88932874154913,15.816658026511545,10.3911674321488,0.00010309928351132355
58.709448094597775,18.206616442197898,14.212277292559463,8.871589526667705,6.864397715951487e-05
54.43969344351536,21.61429154764294,13.986348144232952,9.959565298868037,0.00010156574071258164
45.34772234095508,27.94413371354106,15.429288963188338,11.2787705979695,8.438434603563851e-05
50.42640215931957,25.287461783317205,14.24795044085934,10.038088361864506,9.725463937811946e-05
61.653651518249475,18.246160542374465,11.335581522109706,8.764533052860441,7.336440590744048e-05
55.826465993880944,22.033895934094414,12.496984109086128,9.64257207086574,8.189207278358592e-05
54.08599782056647,21.847864362282074,12.473171141355385,11.592875361265929,9.131453015076499e-05
52.89559043090727,18.831046486366365,15.786505733769566,12.48675872677974,9.862217706255904e-05
53.596589381368965,26.645970953157587,9.935846378994906,9.82150676539186,8.652108666840194e-05
48.50683553674948,26.776564072536573,12.99619531099879,11.720299989041568,0.00010509067360614477
53.22149399730775,24.937011192900275,11.749991324311472,10.091421738221532,8.174725897516334e-05
53.03746749528649,22.77836966633504,13.486201861656427,10.697853326417077,0.0001076503049748284
55.445263703048816,22.69347395048135,13.438373270582238,8.42279809325117,9.098263643129215e-05
51.03183954899117,24.44674297100682,13.444172019387638,11.077152546835798,9.29137785832578e-05
46.35010640914339,28.857892955078608,15.151769324864725,9.64011906154707,0.00011224936620267004
54.36943066640229,21.991829757075788,12.441119572861604,11.197518110093869,0.00010189356645201987
52.77940933273458,24.580921408020366,12.19205163313832,10.447537014416175,8.06116905359868e-05
49.758832301349564,27.93243849738675,12.58750183798444,9.721136622700028,9.074057922828559e-05
55.14344766311604,21.712829777523883,13.020603223942185,10.123026859885641,9.24755322458321e-05
47.532050139209794,24.55788328982134,17.519127136190214,10.390846255788459,9.31789901928464e-05
48.588437764888425,30.38179488274284,11.285166277802254,9.744523192753647,7.788181283216623e-05
57.94773421508573,19.061991373243025,13.268733246146109,9.721471625535665,6.953998946869894e-05
57.32335128799051,21.113524682654134,12.134784923358469,9.428254946082115,8.415991475956975e-05
47.19551730556072,21.4549461521866,17.46840049027969,13.881021864959164,0.00011418701380183853
47.616921057155885,28.904907412915747,13.95719703809232,9.520873070742715,0.00010142109334133617
47.804044890013614,24.483311336769027,13.886580132090454,13.825961876402888,0.00010176472402992896
50.885749300284445,25.524381433507966,14.591140356720125,8.998635650780408,9.325870706124669e-05
49.82315688480087,22.905487312883626,15.821681096343235,11.44958742950834,8.727646394877829e-05
54.141346965689685,22.30314115245266,14.123473429736332,9.431937842903054,0.00010060921826869274
55.976044437492135,22.494679039302337,10.922526133494003,10.606666279259144,8.41104523806378e-05
50.441579846911075,24.67392238593634,14.002625949239588,10.881777256905995,9.456100700009478e-05
49.94995287356144,22.587914392804475,16.00329125187653,11.458743745465805,9.773629175659569e-05
43.939028473220496,25.791332475011824,16.883353288945173,13.38619446151203,9.130131049364009e-05
46.53757761374988,28.360485957519565,14.39407739937698,10.707761501169486,9.752818408174361e-05
54.87257495810213,22.283948138243233,11.225097844598073,11.618282499920518,9.655913605168025e-05
50.922165652024844,27.942482875652846,11.284220328025103,9.85104674933077,8.43949664295136e-05
55.90419629945449,22.89444646198972,11.834264905877728,9.367010983262873,8.134941520210806e-05
49.12053177063054,25.013875668608225,14.414547310532091,11.45095515728675,9.009294240677663e-05
47.38595184044936,27.062823221027855,13.371730729104186,12.179392486415436,0.00010172300316026495
55.66676911339729,19.832749168109316,14.995685585476645,9.504716551027414,7.958198933455541e-05
51.639165241776766,24.289011426110815,13.34919283384769,10.722543163265266,8.733499945632807e-05
53.51305440191503,22.667750331401972,13.52330027512885,10.29580873559649,8.625595765816278e-05
54.60408323349449,20.62123043279762,13.127327774537703,11.647273320562961,8.523860723428849e-05
52.24724587904358,22.846995169228546,15.664080754580764,9.241601276058637,7.692108848622009e-05
58.146527450986596,23.087409377364487,10.361444527648244,8.404515395956834,0.00010324804382954759
53.442304805753636,21.492601883907106,13.316510403776954,11.748504016667395,7.888989490020518e-05
51.39777642265621,25.33418094744023,13.996521195927745,9.271419873708815,0.00010156026700513082
56.07958554202298,24.240714360151774,11.053482033996415,8.62614569172018,7.237210865457556e-05
53.550940214292964,25.709525351620467,11.553728259787576,9.185722294298621,8.388000035554157e-05
52.386897334064365,22.899242137098454,13.049941290770208,11.663842130297693,7.710776928978222e-05
47.9263869241569,25.417378036419773,16.07420723979434,10.58192188463275,0.000105914996233906
53.05473067713504,21.441823987468165,15.867719821636717,9.635647480813605,7.803294649001164e-05
56.77723630275754,18.374394270703583,14.439375676627561,10.408916471360653,7.727855066578248e-05
52.43078180571879,25.266273065420318,12.473104956408253,9.829752682316013,8.749013664760856e-05
55.10913563192874,21.593888830073475,12.854364359883489,10.442518541726162,9.263638814207402e-05
54.212153934013564,22.00443875443121,14.487830914001377,9.295457490549513,0.00011890700434002475
52.48554742578682,24.588438316998605,12.151083483776198,10.774855435127769,7.533831060205223e-05
50.027273118741554,26.024192881166456,12.768282695460059,11.180164261548711,8.70430832215131e-05
50.53889121535563,22.74728391811057,15.902704710348637,10.81101527110928,0.0001048850758936578
52.64720163010661,22.568798694250308,13.182751097640857,11.601156150683826,9.24273184076092e-05
54.31514540571858,22.71478503788208,13.155253367706152,9.81472798990545,8.819878772761198e-05
56.69952730006167,23.622147132368028,10.754337136667875,8.923898785876014,8.964502642358757e-05
51.172519104663536,21.13458384426777,16.114666327036204,11.57813763240561,9.309162688255777e-05
53.47040918281566,24.3972954012633,12.559527760382991,9.572672865244654,9.479029338962579e-05
54.27233013140585,22.26577308731781,13.976937292849797,9.484851227392223,0.00010826103433003705
51.33539756908365,22.02749006434507,16.159410208608243,10.477622108527838,8.004943519627754e-05
57.05580212939251,23.284315488676192,10.551851091714283,9.107951958392405,7.933182462110398e-05
52.33196275205824,24.2284060870992,12.381530110687438,11.058021062854916,7.998730022296906e-05
49.818688252933114,28.499440564115915,11.468734198464594,10.213028143131975,0.00010884135441107998
52.701267752031356,25.448324123165055,11.685405865551862,10.164929209939814,7.3049311939663e-05
56.10768274225577,23.558703123560477,10.101616682497676,10.231904504592384,9.294709369060057e-05
52.41258858931381,21.949756097692358,14.980801485033174,10.65676816808076,8.565987990848603e-05
45.92679031728389,28.377321529095077,13.776618056291708,11.919188470467878,8.162686145046772e-05
51.93223364287274,24.43950520914288,13.505779259252252,10.122400165712657,8.172301947603576e-05
56.050552516848406,18.870420266951218,13.646237879424811,11.43273127311521,5.806366036431791e-05
50.96373320306395,21.930149962356516,16.706526505139465,10.39949953090594,9.079853412142539e-05
48.11799937295326,28.651102351571854,12.446286211444955,10.784507609670781,0.00010445435914262708
54.81024254905683,19.799571019751934,13.515411283269238,11.874687844861906,8.730306008517356e-05
54.76141109989348,21.12754437176272,14.123541005602878,9.987405006420955,9.851631996139844e-05
52.17654222556779,23.433412803181415,14.006700492862583,10.383250153721232,9.432466697654606e-05
46.549983219980476,27.3807171284618,12.54765258252888,13.521551257891238,9.581113763107592e-05
51.8541166555684,26.364531537978444,12.734344712628069,9.046923439170566,8.365465451765562e-05
51.53435221437563,24.28433911508125,12.975909532498275,11.20530970229626,8.943574859221479e-05
55.32542712937379,20.358198397956475,12.88849360149396,11.427801651004462,7.922017129512215e-05
45.69706193509328,29.38229586464751,13.224402347632727,11.69615161827883,8.823434764171658e-05
54.32599222458108,19.29283400258548,16.089936837036976,10.291143865664761,9.307013172040309e-05
49.32468085505325,21.92679042939745,17.139510502721166,11.608920333681597,9.787914654057877e-05
56.10402110248452,18.218730904678303,13.810282945436954,11.86685638350228,0.00010866389794353527
54.88765410597406,24.11457072256566,11.330590279691192,9.667068202273475,0.00011668949562387971
58.51509822359138,22.67013314302645,9.28081338882131,9.533871756205846,8.348835500663097e-05
53.43053413212573,22.988530704987053,11.424034395883572,12.15680327399356,9.749301007139962e-05
58.981709302987795,18.630378900971877,12.475367900620126,9.912468579575853,7.531584433877966e-05
56.387359625404244,20.763120660801977,10.527706079697449,12.321732042100267,8.159199604909646e-05
56.45730946446271,21.905692913308574,11.174370015072958,10.462539253168362,8.835398738466296e-05
56.334716954672636,22.269128452554256,12.242511002657274,9.153542858469196,0.00010073164663947986
58.01166365560416,20.929583813393183,11.53857198630896,9.520090368698645,9.017599503953845e-05
51.91524777412943,24.673067219935255,12.464401131329026,10.947198994388158,8.488021812788774e-05
51.32688544419586,25.251734650304492,12.346849463847692,11.074425516590688,0.00010492506128988602
50.2912217852003,26.493960919445332,13.706990815669892,9.507728915943968,9.756374051362663e-05
49.4374511169115,26.72403103574947,14.076107771707989,9.762309616946354,0.00010045868468098425
47.99541544336388,30.07873706666599,12.622590509042567,9.30315750059571,9.948033183842416e-05
58.97227898428149,19.5061818443112,11.906244326832764,9.61520884954956,8.599502498266479e-05
50.99805275642105,22.911991427858304,14.098472939924648,11.99139888804454,8.398775146121944e-05
50.23773087751272,25.702643510448002,14.938117547457578,9.121411854617298,9.620996439061356e-05
52.76673195712402,21.119239551374346,15.685604524439437,10.428309490366336,0.00011447669585934717
48.833261308208726,23.2256869317548,17.0969393672488,10.844022113099799,9.027968789545344e-05
47.56748361790461,29.222750073839393,13.053385094346165,10.156289046874651,9.216703518163594e-05
51.450850927628,23.88940420127514,13.2011633937161,11.458496798254064,8.467912670874938e-05
48.58433450270146,24.232787756903743,13.579135636837808,13.603656546319213,8.55572377811181e-05
57.59716907034357,20.20739794418858,14.28614770062203,7.9092201178078065,6.516703800762993e-05
54.77563184411234,22.186270644218283,12.762093635789665,10.275923232628186,8.064325153923856e-05
50.4142582198761,25.72941886245791,13.36668773650495,10.489524075703233,0.00011110545779501545
51.15700410457733,24.219601766187445,12.738200385816665,11.885103447568945,9.029584960071361e-05
53.893850037263476,21.79679347727015,12.615539611173846,11.693749054591006,6.781970150694435e-05
51.83689666598554,22.934883920557084,12.945910883292797,12.282224745171176,8.378499339451764e-05
50.407776999281765,24.412530931286764,13.3389686765423,11.840632475069041,9.091782013228318e-05
49.74406936878377,25.702364464790435,15.737151821008533,8.816320532700184,9.381271709075836e-05
52.136231103083745,22.239954590864546,13.788104886094313,11.835607712051889,0.00010170790551541709
45.852796494877545,26.73732728059081,15.008869407104397,12.400895263692986,0.00011155373424768507
43.28238510906877,30.45377980785698,13.97893709673466,12.284784154197167,0.00011383214242921786
58.01459356618452,18.832225668335017,13.063491756213738,10.089585204131648,0.00010380513505704298
48.10257422447202,28.835928283499562,10.886735676852691,12.174671198331637,9.061684410778591e-05
56.34344928146704,19.640028237254132,13.285084800417268,10.731350980337599,8.670052396511809e-05
53.89263372971506,24.560871599773943,10.804490766522221,10.741915756860827,8.814712795862362e-05
51.82415932392864,26.4192216130191,12.866903986672856,8.889626892172418,8.818420696639527e-05
55.461517097526134,21.12361599113889,12.717006748802874,10.697773992309816,8.617022228375921e-05
53.292830293678286,19.483681357332287,16.18010136466899,11.043289950522874,9.703379754737435e-05
47.812773558985725,22.78755359735002,18.116330377459956,11.283252768384122,8.969782015650233e-05
54.24372073403422,25.094832640154223,11.653478296289856,9.007890511612935,7.78179087714004e-05
45.04159289729642,29.683873356654445,12.761253811604915,12.513185325409346,9.460903487178786e-05
51.79529999668422,24.752928181596726,13.869244070833076,9.582463798328215,6.395255777104478e-05
48.10585978190643,25.429987985701292,13.83687301272788,12.627189514502001,8.970516240358913e-05
46.61356132998962,30.041796970018066,13.371889078978663,9.97265042856909,0.00010219244454523168
52.57690639673953,27.791768653177524,10.32543179367516,9.305817196607382,7.59598004193183e-05
56.713108774017265,20.751484633949715,12.10808554756355,10.42723130804209,8.973642737361242e-05
51.974193351421164,20.979495219861732,15.77115428747816,11.275053646370514,0.0001034948684399024
57.10058026939196,19.161608306924833,12.969158629304491,10.768570964042404,8.183033629780839e-05
54.77733465587219,24.423359789008845,11.35884730464722,9.440382911318682,7.533915308953906e-05
48.791682849269996,26.78486288716457,12.570904350411272,11.852429084145886,0.00012082900827332893
52.17499926671007,23.717157637919954,13.718043168664993,10.389722447071316,7.747963367304106e-05
57.60888660692134,16.964450533990814,16.04265544521467,9.383907258086307,0.00010015578686086542
51.707824620324914,23.261890857531256,14.534751571331906,10.495458934256781,7.401655514494269e-05
51.07599679370631,24.848073647949477,12.218317304721744,11.857509289269661,0.00010296435280555063
50.4064008287448,27.51171985109088,12.629634574907087,9.452152679235011,9.206602223115634e-05
49.7771442677202,25.380785106949453,13.942966169539627,10.899004420307135,0.00010003548357885342
50.08666634064248,27.492561552012457,11.288134098720949,11.132569484894237,6.852372988282807e-05
48.21706240874578,23.189732817472454,14.568020861990206,14.025070144682111,0.00011376710946175314
53.94494119588346,24.372285939590032,11.326568348954288,10.356124407829585,8.010774265062238e-05
52.86978604346048,22.392144331733927,13.490277368454548,11.247710204716094,8.205163494768257e-05
55.83772719226909,23.118111757717465,12.90019848395815,8.143890194011874,7.237204341285918e-05
49.417317928448455,19.93520057586701,17.50545657091567,13.141938788006707,8.613676214622275e-05
52.53539671593395,23.969106090565294,12.952632829589241,10.54278826379448,7.61001170430779e-05
46.684103786952804,24.995725751463876,15.74920603738027,12.570891596681946,7.282752110825536e-05
44.021771837233686,25.68697007435607,17.078198553488104,13.21297452727336,8.500764877844516e-05
62.28461931182685,17.543521876757325,10.976241387489765,9.195538384926218,7.903899983596334e-05
56.26002883189949,23.33570349723157,12.272192917495135,8.131998582945403,7.617042839653489e-05
56.04715950603224,20.13603971205721,12.644271775645088,11.172431130881687,9.78753837795472e-05
44.958311772805764,26.243277883918413,16.97165027337736,11.826666130960142,9.39389383305328e-05
57.180855466915794,18.683598785965533,13.785578864484915,10.34988369954521,8.31830885519703e-05
57.615492859781526,20.198197843930703,12.544866132191679,9.641346842156933,9.632193915138836e-05
44.496516130910976,31.322435916870194,12.699550533909848,11.48138977008347,0.00010764822551695672
52.7893064975146,22.708095309760427,11.84611818451314,12.656405854950293,7.415326153305677e-05
53.49013413394056,23.244014009365944,13.752568178025303,9.51316748221849,0.00011619644969676314
47.46052627077277,27.243878251151717,13.384663835217953,11.910834659223998,9.698363355847146e-05
48.32764014065292,22.97858182804825,17.50247558458409,11.191226966233485,7.54804812591493e-05
52.22341555306333,24.26247831364853,12.760927159603378,10.753098519401421,8.045428332858695e-05
51.2481208292255,21.575540577218458,15.994244145493713,11.181996461951988,9.798611034064205e-05
51.64261334295423,27.056003229025837,11.988786316325996,9.312511234064722,8.587762921538787e-05
49.62347907070566,24.258573124169263,13.550307919972651,12.567557966020468,8.19191319665897e-05
51.06912231598745,22.7205747852001,15.420159428821648,10.790050741982487,9.272800832370017e-05
54.226360046254875,23.97201951694562,12.950941990678167,8.85061339862339,6.504749796061071e-05
51.68451801119567,20.15690452715754,16.31358375008206,11.844907187390056,8.652417466848745e-05
45.35122925054998,28.837735054468855,14.302280429717479,11.50865273888873,0.00010252637496741782
52.02555949980949,24.6744856698862,13.343140952114569,9.956717093980382,9.678420937060363e-05
54.11189993114919,24.009585162307367,12.105732958463433,9.772709482367661,7.246571233253026e-05
51.65321408017755,22.51623503432607,13.37210769200851,12.458362521761227,8.067172666150107e-05
56.335644423833685,21.667879393558025,11.920547717109601,10.075843961815506,8.450368316869008e-05
54.71518106832826,20.83154340344768,13.116654358123112,11.336532300557993,8.886954294098254e-05
46.821725881535556,25.718985235601533,14.32183458107794,13.1373517831958,0.00010251858916658228
52.39935206021907,23.24459433864767,14.62988347975725,9.726087916178724,8.220519728486069e-05
47.04436413824226,28.921933226270717,13.845554000331509,10.188063361780758,8.527337475697336e-05
53.25622017106119,24.6637524945374,11.613217545629533,10.466720147315346,8.964145653170718e-05
47.2929199084478,26.56892752416989,15.552606318014938,10.585460883999753,8.536536761024392e-05
58.36342623742172,22.670524085685415,9.721385247682846,9.244565870887218,9.855832279510748e-05
49.81155714757959,25.05354635669023,13.439881708687068,11.694933936257435,8.085078568643854e-05
50.649049432220394,25.077857969291102,13.34237202093732,10.930629099111863,9.14784393071728e-05
54.46671916451431,22.55742022459613,12.330468212283515,10.645304610629791,8.778797626732469e-05
51.23277426674465,24.982963783076194,12.632156231389615,11.15202865173776,7.706705178250801e-05
54.99901585567466,24.822562940272427,10.594743094125135,9.583618393419153,5.971650860455513e-05
49.19315450224767,29.557893482335825,12.832370212038368,8.416474328955,0.0001074744231342741
52.2742420742659,22.75558925691013,13.531421686696248,11.438668881856644,7.810027109270308e-05
57.59634418969763,20.694545892892744,12.133659504067897,9.575372202805664,7.821053606825001e-05
54.947154680926026,18.415267646755844,14.057773734937076,12.579728267053145,7.567032790789909e-05
49.777025824006515,23.384648798600786,15.196854474762468,11.641352640603582,0.00011826202664486629
56.46964986038089,21.244792764489805,13.308969734888457,8.976504900621364,8.273961948722979e-05
55.21789287844745,19.565912373656243,15.235099259014143,9.981018712029197,7.677685296435054e-05
55.23987910815875,21.476978476001456,12.573321685585464,10.709738147620124,8.258263420031144e-05
58.656124047238514,18.839173652736648,12.335265141580583,10.169371502812147,6.565563210726358e-05
59.730075517691425,18.97823875244794,11.94051604098162,9.351073230586888,9.645829211587602e-05
49.94278973080997,28.552454406263905,11.450880589500137,10.053803784274105,7.148915187798405e-05
51.24408399840945,22.974284000679752,14.974912959250485,10.806639027312015,8.001434830344384e-05
45.0432425137951,25.955556113830948,17.7200892007716,11.281014651050938,9.752055140251049e-05
52.75233257765679,20.75378882675926,14.331172430937475,12.162627906278095,7.825836837529288e-05
45.18777775225264,28.749479804676113,15.019080737531057,11.043558269394897,0.00010343614528910153
57.27468421221192,18.12113845577287,13.266860663789274,11.337238128956972,7.85392689478707e-05
46.20683568539341,27.644548650847273,13.784154277068215,12.364362372973632,9.901371747803733e-05
54.32621316082925,21.775561134485372,15.011892369197108,8.886248383472523,8.49520157404565e-05
56.978400548284725,20.99479466148572,13.199500788305402,8.827203988650203,0.00010001327392865297
53.18753431894439,22.25248598040003,13.766139448313222,10.793771921968725,6.83303736534162e-05
45.35637796001176,27.749313564084595,13.88695926585105,13.007252024691079,9.718536152751448e-05
46.77642406468215,28.92741269419704,13.28173214347331,11.014341824762528,8.927288494965268e-05
45.27771530770724,26.678853662067997,16.44218029659513,11.601141249776168,0.00010948385348217055
53.83198417720332,20.192839374146036,16.691502294368156,9.283583914826767,9.023945572494452e-05
53.048711068878106,19.47336315711986,15.589611142611993,11.888211823903422,0.00010280748661945123
46.83109644187555,23.25715269359025,15.281996504914755,14.629669694175371,8.466544408095477e-05
46.40413558573888,22.62229259128948,19.97176015967501,11.00169859321342,0.00011307008321844117
59.35321109425923,18.621995651781553,11.130524580474,10.894185520800262,8.31526849579664e-05
43.159371420436955,31.165310341305762,16.022272327182012,9.65294090377509,0.00010500730017690417
55.90661213845429,21.582057653985352,13.35544802654497,9.155801382906406,8.079810899595746e-05
58.14334225138694,19.05410168971829,12.703522306760709,10.09895555193936,7.820019469651727e-05
51.22428903522823,25.42553621232986,13.17193494929968,10.17816761939694,7.218374528891263e-05
49.244299039074605,25.472816252234885,14.899884936403607,10.382912864271088,8.690801581211743e-05
52.199636797957005,22.03710735295331,13.529436054483815,12.2337294082893,9.038631656426045e-05
51.53181274583868,24.309862454521113,14.054061608523586,10.104147541890447,0.00011564922618701538
54.91696353573736,21.25957614145663,13.600089686743699,10.223268535764028,0.00010210029829888835
57.7924107666296,20.868578531287778,12.427805621797454,8.911117225960517,8.785432465066912e-05
48.419456024526205,25.414476712049854,15.799246228176253,10.366712888408388,0.00010814683931263346
54.29236526498941,24.51899797282475,10.933681909856459,10.254863201239122,9.165109026006565e-05
56.52017425259292,16.981897741695164,15.32482632588037,11.173038346664827,6.333316672072437e-05
49.989656746433845,25.820410951200657,14.460443971047477,9.729407342134946,8.098918307727747e-05
51.97783322668044,23.803810294609804,15.219686392117188,8.998595600776225,7.448581634930406e-05
48.476057191931545,28.823752616904397,12.710869768111108,9.989227639856306,9.278319664652943e-05
51.07108181209321,25.942543606393738,11.748775661135362,11.237518644768494,8.027560919947022e-05
55.63293698121821,20.318649451182317,12.962850004199009,11.085476369485152,8.719391531263496e-05
50.43444109879498,27.43426543975216,11.34575108558913,10.785461528653245,8.084721046801723e-05
53.2448327619949,24.73651400519282,12.648672521532475,9.369878651049818,0.00010206022997307838
48.83247183438868,25.697511313048118,15.037770752818197,10.43215903023002,8.706951499358802e-05
53.28566929165096,22.149332829777176,13.837006330359994,10.727889559265611,0.00010198894624565253
49.6016155384232,26.306364616822865,13.531305373856847,10.560611056709313,0.00010341418777551142
53.24543548316149,20.430025103092436,14.563621810250876,11.760826270617628,9.133287756392441e-05
55.87810661672709,23.263578946216057,10.540230023258337,10.318013239463438,7.11743350659106e-05
52.61226579385658,21.922760591129062,13.532367720535463,11.93252924140403,7.66530748701679e-05
62.083261491842876,17.442821022318945,12.351039292151679,8.12281847125291,5.972243357865198e-05
49.066681781759755,23.669272328704626,15.051273677870611,12.212673620221677,9.859144333509478e-05
45.295031336260685,28.325289113681716,16.291582822641356,10.087971309201647,0.0001254182145631427
46.51425377343143,29.103458090299323,14.401878204194446,9.980327112883618,8.281919117543342e-05
58.93942993849384,15.342486287100595,14.754790111658838,10.963218439649523,7.522309721239533e-05
52.6122499640309,22.908074772392297,13.263368196270466,11.216229218698484,7.784860784856256e-05
53.26726729127584,19.533264957295916,14.221555384046662,12.977828350092748,8.40172888440923e-05
43.5186828084608,28.138221617935606,15.968334786063753,12.374661030740612,9.975679922365701e-05
57.8993776898966,20.756618430999502,11.937385444231877,9.406541090389222,7.734448281137277e-05
53.898906114046305,24.948352112644613,10.626329501035546,10.526314567275582,9.770499792485175e-05
48.183433006073955,27.539690204521104,12.774060161726538,11.502709223491426,0.00010740418697861926
51.38662129170483,25.409537225152473,12.118913539855168,11.084821521897073,0.00010642139045275294
54.45999041827743,24.92792232825866,12.568837723699392,8.043170905348065,7.862441644892432e-05
57.62231267472428,21.972341871793546,10.485178852808499,9.920074673802382,9.19268713120532e-05
48.27407305868012,24.810091176293305,13.523120451085186,13.392576763511777,0.0001385504296183222
52.562474991148534,22.614691730535842,13.476452767529318,11.34630423156663,7.627921967642067e-05
53.24025355840206,24.161878592617295,12.675342678937628,9.922431014495647,9.415554736301575e-05
50.91781404286849,24.31440030863582,13.547638274821253,11.220044915591211,0.00010245808323040378
49.56520762294883,27.752973730319347,12.097986175723463,10.583730387939,0.00010208306935011347
54.29399559460587,22.451059329601623,12.920901711932615,10.333949001855789,9.436200409198271e-05
55.09395383498838,22.672872205668984,11.803314998678795,10.429770605420629,8.83552432109337e-05
55.914066833909835,24.00351032614185,12.205552708664701,7.876803641649033,6.648963457136793e-05
54.61820373710624,20.846377876407526,12.768293842539382,11.767042948316998,8.159562984000603e-05
48.42242505599145,29.905249315967026,10.639947663669352,11.032296969391082,8.099498108581826e-05
56.812083162993524,21.45763080731139,12.31684438865833,9.413366590932602,7.505010416705096e-05
52.470231872398706,26.516678252989024,11.22766228604796,9.785338476807738,8.911175657987939e-05
45.15008304589864,25.865757154224106,16.290953190497447,12.693106527047432,0.00010008233236881469
57.34956218999013,19.1316369574246,13.606562801966984,9.912139554864051,9.849575423382904e-05
51.85426499207263,24.186208418935166,13.45496375597563,10.504467561256158,9.527176039413252e-05
56.43156981472376,24.784787513880914,11.077285712127487,7.706284701845191,7.225742264068525e-05
52.47937992908261,24.811317888656376,11.109758104355492,11.599458945494137,8.513241137703322e-05
53.154529086321844,19.692001488408458,17.23694953729341,9.916411241292948,0.00010864668335531789
53.65498063442945,22.592109265801458,13.969774990301573,9.783048607188158,8.650227936238985e-05
50.1513582931712,24.72065284388694,13.025132653646548,12.102775121339176,8.108795614078695e-05
51.43542973275332,20.909982252750346,13.963420797247785,13.691057699133696,0.0001095181148522922
49.528772001007425,28.349138143182294,11.552236313285123,10.569777965053039,7.557747212125489e-05
47.07154275292966,24.67674430153118,15.811583788739355,12.440049855874214,7.930092557469659e-05
51.04346302171696,24.212841832878034,14.333291497013487,10.410320686657457,8.296173404686404e-05
53.24237279423247,21.723891002707706,14.193337677420297,10.84031493342284,8.359221666259948e-05
54.448953949487375,22.47169827329949,12.12670970557714,10.952557286271658,8.078536433266254e-05
46.116957635389916,29.020609670511295,14.812210230759392,10.050123075346496,9.93879929027236e-05
56.235175205499246,21.385513657725678,11.29235622578289,11.08685757499546,9.733599671897769e-05
53.66422687078395,20.15303940811148,15.219208060195225,10.963437194669021,8.846624031992615e-05
46.47129827845845,30.23382407536306,13.163611531361719,10.13114804625669,0.00011806856008225656
54.42166211058308,20.488505234626604,13.985906975683918,11.103845648867958,8.003023843848501e-05
54.69669238195801,20.809574753748898,13.268449056626954,11.225194801250485,8.900641566069435e-05
53.19000394721564,22.509530987588356,15.398805732915186,8.901579413101976,7.991917884888372e-05
53.66362008221483,23.445276347013714,13.413744437532399,9.47724307622627,0.00011605701279704244
52.21900876704589,25.50366517218268,12.371518983345737,9.905713399220938,9.367820475238996e-05
50.267430825475465,25.488158982297882,13.861081577027006,10.383250642078599,7.797312103117451e-05
55.44316583954681,20.624079609433316,13.13007824337996,10.802591649245192,8.465839472854807e-05
54.82665959059674,21.499902311405513,12.135179882381447,11.538169844414762,8.837120152647532e-05
53.70637044255775,21.926903973133157,14.186316395154641,10.180319528275387,8.96608790560732e-05
46.358858531906996,26.022906356895,15.561423109531388,12.056730392438265,8.160922836268385e-05
58.1857992610329,19.627935305639404,11.265948231836466,10.920230347712547,8.685377868215878e-05
44.791106311192564,29.4894452443942,13.048248770842385,12.671094549139811,0.00010512443104215873
56.872365702376996,18.549849513267,12.694306690529306,11.883383026099887,9.50677268187981e-05
54.87468204268917,20.88792810712687,12.492138016789834,11.745165136519603,8.669687452699756e-05
46.38689596452084,27.26956837938094,15.303396245021153,11.040042264319379,9.714675767787374e-05
55.31663073028182,21.732999860406494,13.662717175049982,9.287558603335377,9.363092633757e-05
51.09632829430293,22.76295001185884,15.669831119580401,10.470804385981772,8.618827605416727e-05
48.97476511040658,23.89939633058369,15.829057582789947,11.296675880106546,0.00010509611322290574
50.948666306677424,24.24451446865829,14.493605738016232,10.313126514909095,8.697173895230353e-05
47.60702077072684,25.253692164729287,14.011849018417873,13.127334342389071,0.00010370373695577148
50.025602692263874,25.329554419486144,11.904267527088997,12.74046926754544,0.00010609361552092836
43.442737842205986,30.908779727915253,11.422228661587575,14.226138478255063,0.00011529003612760998
46.03738010739711,27.162387070413146,14.469158536889665,12.3309899425414,8.434275867853799e-05
49.74948114872226,25.43263609649646,14.016967408301314,10.800813968125214,0.00010137835475889433
47.08931657136134,28.735502014423346,14.655199897418617,9.519890063442244,9.145335444763015e-05
47.96692348032378,25.485981815655556,15.032584924350276,11.514418378021084,9.140164929354245e-05
54.77969912996541,24.259285506240662,10.5264493707175,10.434482502110406,8.34909660181337e-05
57.00321846830021,22.601410664741785,11.49391644726366,8.901350235518557,0.00010418417577484793
51.252797148455855,24.905787324906484,13.963735381232809,9.877600672571402,7.947283344827131e-05
52.155634912713346,23.05104912164129,13.865739923372168,10.927494427668433,8.161460476907387e-05
53.9520479861684,22.601944766596375,13.627956753427286,9.817981239049592,6.925475834927354e-05
41.60545783780961,28.95796742568067,17.014421082247356,12.422042635166125,0.00011101909623896787
56.31951295783529,21.73762569529266,10.616823106628441,11.325965349048632,7.289119498229201e-05
53.18204091441683,22.399301529836286,13.931426489051063,10.487149232803826,8.183389198499646e-05
50.653584183083936,22.26369642167585,15.401491766260907,11.681136971023207,9.065795610107553e-05
48.03339347536988,26.65040749941852,14.464929808755361,10.85116124815494,0.00010796830130755034
45.558701065562815,29.117263121625804,14.965150515421083,10.35878581325188,9.94841384380333e-05
54.47608063290153,24.036640926578805,11.81440297503273,9.672796743045781,7.872244115390667e-05
51.2772366656931,27.367224949294815,11.20477059388266,10.150659043341127,0.00010874778829387857
52.35688656612017,23.020554014490582,13.394468094598924,11.227990329561027,0.00010099522929279804
49.16006184277445,26.74667028559273,11.963102778102888,12.130088664887188,7.642864273668524e-05
52.435473457751556,23.796453613458954,13.086142377376465,10.681849836073544,8.071533946976808e-05
54.03576907322678,20.104046041792888,13.340110599797278,12.520000568873622,7.371630942152765e-05
58.05059815889162,20.680125854199424,11.639628233969392,9.629578590407204,6.916253237864579e-05
52.05717929149971,25.81494173233049,12.947132850043472,9.18066053000229,8.559612403627094e-05
56.365070640502324,23.037997070586734,10.165329564258881,10.43151148711426,9.123753778978451e-05
52.31054571456669,26.343711038373307,10.685904242377273,10.659734919260256,0.00010408542247005863
52.553976204005316,26.809911930435298,12.538242645434124,8.09777895657035,9.026355491298573e-05
52.26372557457639,23.79425483484662,13.546914962634245,10.39500866566951,9.596227322746955e-05
44.61350621890009,30.175676284158843,13.797457167114596,11.413255066553509,0.00010526327295507771
54.37558267498866,20.632442748364912,13.933491645221563,11.058388456337664,9.447508719078196e-05
49.270398223488016,22.74896036624408,16.88287423489793,11.097696702703503,7.047266646140571e-05
46.97872248578723,25.559947865050468,16.44975086850687,11.01148604041205,9.274024336135095e-05
51.63899358967825,25.75780378731029,11.483871880716045,11.119243697683437,8.704461197434976e-05
50.27614118123136,24.50125159221392,13.646679828574449,11.575821003535824,0.00010639444446305963
58.02144173543668,19.61472135241337,13.025414616026257,9.338314631442547,0.00010766468113452655
47.905063126599714,29.716763244337645,12.841750081923637,9.536313144647513,0.00011040249149896814
46.59919319815523,28.2157401198248,12.888613196428,12.296375192586574,7.829300539080616e-05
54.28083403255282,23.503971368373826,11.18756202990752,11.027538272418116,9.429674771647696e-05
52.017659161387876,21.77588793246467,12.73622761928172,13.47014318146445,8.210540126819985e-05
47.249151029767944,25.681823403669668,15.142516478640673,11.92639533892517,0.00011374899654899453
51.30641721860458,27.262552429341397,12.022212994479089,9.408698947774132,0.00011840980078719564
56.84121267476314,22.898903406291932,12.434233973314681,7.825555356054023,9.458957622898387e-05
48.1131939535686,26.877169839071115,12.832246371589543,12.177309468662125,8.036710861464416e-05
52.294720528513615,24.394729085318716,14.13241670347716,9.178047813641408,8.586904910436824e-05
52.28204854021149,19.481403336072802,15.494837775062859,12.741622187240429,8.816141242488573e-05
51.769958310617845,22.366814293503264,13.846429482031922,12.016687021134139,0.00011089271282888177
55.669535703896834,19.819004372734593,13.385968817009108,11.125405315867928,8.579049154915306e-05
48.71930668849171,26.57513374180583,13.631372506990584,11.074115570727113,7.149198473583813e-05
51.49012031279294,26.328430475752697,10.871092270245953,11.310260891694016,9.604951440862984e-05
57.56911507999648,18.996159456169334,14.42103441384613,9.013621150184711,6.989980334974864e-05
56.43908324781395,20.617595331428838,11.391908382297787,11.551326144200422,8.68942590069522e-05
55.785741556521394,23.483137327509652,10.833007996549393,9.898013970327145,9.914909242149722e-05
49.483585844968744,24.189957196308363,13.78929119626044,12.537062288193729,0.0001034742687143274
48.3255468431271,24.38756339666767,15.586433705185076,11.700350508267379,0.00010554675278704607
53.04211273294348,22.615151418832262,12.284347732582148,12.058307286101734,8.08295403649834e-05
49.84206051082921,30.14501158435815,10.969735704261119,9.043098388114982,9.381243654056414e-05
55.33481242070602,21.42842241067605,12.544311359051855,10.692366118525886,8.769104018564886e-05
51.02705448034058,24.425189163811147,13.554302458557563,10.993374772716612,7.912457409882342e-05
51.93819284735809,27.510903989917924,11.400422138858314,9.15039102047311,9.000339256685615e-05
52.830604821936845,21.87792394255199,13.992247493993842,11.29910510750012,0.0001186340172093587
55.8989669219772,22.644108803288777,10.502178412388414,10.954662148782752,8.37135628698618e-05
51.34008654699046,24.56118586625254,12.29638079412719,11.802261003970864,8.578865893175782e-05
51.87331100195206,25.757408945964457,12.762013309215337,9.607189419850652,7.732301750266646e-05
51.66741540662678,26.401909941254694,12.25132921795717,9.679258492981356,8.694117999844716e-05
48.81690009415273,25.776064077462802,13.706096602681777,11.700828277724193,0.00011094797850107787
51.36920878546507,23.989401482809413,14.307262098758851,10.334037007351538,9.06256151249952e-05
52.13194461189817,21.73988384709567,13.597397169514243,12.530689875928894,8.449556302743951e-05
48.84453678470578,22.985072764179712,15.517524660050356,12.652761440196247,0.0001043508679034805
49.57336971751206,28.199666137779072,13.243162930423628,8.983696590437017,0.00010462384822059018
58.53300794018499,19.96965085094065,12.375287104407459,9.121975925102081,7.817936481571262e-05
45.62148334008433,28.123636001605977,14.771741992553633,11.48302912737624,0.00010953837982554281
56.2658724876694,22.161660784386303,11.989529230796373,9.58284959556681,8.790158111004103e-05
48.07441085225372,25.700105176409682,12.478442104683097,13.746949159666322,9.270698715835676e-05
50.008075510431716,24.260627658506245,15.046866234608839,10.684340761959742,8.983449345788573e-05
48.36182653727491,26.65260253236496,12.85372532628477,12.131743115501774,0.00010248857358002165
59.28240015167945,18.295067880104433,13.735317515880933,8.687119604208663,9.484812650695797e-05
56.389444429747485,22.870329250903524,11.175006379123609,9.56513944182615,8.049839924395811e-05
54.17694719355753,22.40339113526457,14.800239163921928,8.619352389441623,7.011781432429898e-05
47.40488061509335,32.123667194086025,11.046397643595018,9.424971190538132,8.335668747572998e-05
44.80929600058297,27.738377050818475,13.602997801922937,13.849241212727573,8.793394806209465e-05
50.792099791588676,24.13596032284122,13.106640631846506,11.96520731861362,9.193510999001543e-05
51.62371547642158,23.240000059106578,13.321332505614366,11.814858891310193,9.306754727409252e-05
56.153239084320184,22.528712476284785,12.222775134203639,9.09518767044186,8.563474953879095e-05
54.43919845007553,22.820698027457333,11.401703497727373,11.338309317587472,9.07071522731991e-05
52.45575320247203,25.642815130740992,12.002851887737227,9.898497166659553,8.26123901757582e-05
52.27564141990649,23.391142867312922,12.987191880374867,11.345922182992764,0.00010164941295553929
49.240983422262104,27.233072111989472,13.313220117389529,10.212642685901626,8.166245728002218e-05
52.404906750734014,23.128011640579583,14.390854910169898,10.07613375687494,9.294164156615353e-05
46.70884326268582,28.166213615330406,11.910811993833047,13.21402706641534,0.00010406173537885868
57.75856202547837,22.33254665553319,11.613302281057146,8.295508770223602,8.02677077045716e-05
51.28229777164033,25.13892180862281,14.09562028378295,9.483077980554869,8.215539905965423e-05
49.21231239670953,22.681633473844286,16.244137645440336,11.86182600129645,9.048270938460912e-05
53.32262430903435,23.831651444478627,12.064204169466079,10.781424394259574,9.568276136415001e-05
42.76273527511359,26.586715299325654,18.612423381152375,12.038020354303383,0.00010569010499511126
56.35891323724015,19.289884520494866,14.002105981218374,10.349004780406466,9.148064015187813e-05
47.59804861321233,24.57225020392415,15.603301407576698,12.226286755036163,0.00011302025065576378
56.227833004897846,22.40418486225018,12.807314250322644,8.560610689494805,5.719303452905538e-05
57.989377384716676,22.085215768579513,10.138918972844397,9.78641075986116,7.711399825397694e-05
53.78139575742525,22.438956562228494,12.761281203756997,11.018255830604023,0.00011064598523867021
53.461959789018906,26.178384435373275,10.744102514865537,9.615454463539704,9.879720257729025e-05
53.39563134206089,21.81008328173553,13.501546815930817,11.292660236512068,7.832376068830763e-05
46.57345058716072,24.880205909613938,17.558730043852318,10.987515513471038,9.794590197765371e-05
52.32475292546709,23.260284336472182,14.565620339629811,9.849263442105439,7.895632548195985e-05
50.828687389845186,22.251651264760728,15.683192162523069,11.236385524208867,8.365866214042953e-05
47.96031943555407,28.243345254190288,13.164465051302606,10.63177566823283,9.459072020845112e-05
55.49072652237827,22.638750359312546,10.732820772578528,11.137600255813208,0.00010208991747133819
55.619501835934834,22.928305347947617,13.001781224341807,8.45033835006684,7.324170888806935e-05
50.315681847112515,25.164600896041584,14.63211835252561,9.887524934033696,7.397028658423553e-05
54.71492299503511,21.658015502781424,14.27516797381534,9.35181242392931,8.110443880703151e-05
55.55207236930051,20.554275883470176,13.54494512728795,10.348629049059692,7.757088168699367e-05
56.6778426154141,21.98965461660994,11.23194836720286,10.100481071243749,7.33295293538856e-05
52.167204534448665,22.56290110838311,14.886065204735546,10.383736935621464,9.221681120813205e-05
55.962959750751686,22.442634248289224,11.730919611888329,9.863414113548648,7.227552210233835e-05
47.29952207622006,27.99832139373929,15.082319819482437,9.619750384080527,8.632647770011478e-05
48.231026410752634,25.392110644995252,13.748513332547782,12.628254109370648,9.550233368665896e-05
55.14871920638843,19.983985518831787,12.824695251940476,12.042526385322038,7.363751727680139e-05
51.261340550684444,24.693225256773392,13.611396800085384,10.433953480827613,8.391162917629825e-05
52.574122375314836,24.299914818473912,13.805214622278392,9.320674653365717,7.353056714388311e-05
53.230003533073244,19.282834737690777,16.351138011368484,11.135918026801281,0.00010569106621981898
51.57971128292014,26.06522916038746,12.240456310924337,10.114536325812097,6.691995596849496e-05
46.84760739049606,25.313525893151663,16.873678799586163,10.96507853232928,0.00010938443682448389
51.534662621025284,22.022897579632165,15.507440010886972,10.934910137309311,8.965114626864395e-05
52.946403295211375,21.923334533569392,13.68563355038046,11.444558229595751,7.039124302870665e-05
52.73617767361473,26.353389649079773,12.11752912633214,8.792819326496062,8.42244772837631e-05
51.25659649607521,26.190666910725856,10.794840942366845,11.757816869256636,7.878157545374466e-05
57.02685120543026,19.235358304300274,13.48362451630027,10.25407195090933,9.402305985032983e-05
54.688382493979745,21.942980680393134,13.628601092534343,9.739962197201773,7.353589100902311e-05
45.00093876923741,28.333744264235843,14.039710577437523,12.625499551278468,0.00010683781076429544
56.97584231272137,20.666557919120716,11.719720381872804,10.637795234725198,8.415155991374822e-05
50.53912044742794,29.015456749265688,10.786930310248465,9.658407211436389,8.528162152833615e-05
50.35984949995621,24.995456959078933,13.820852313995255,10.823745205216936,9.602175266100506e-05
56.20055058646025,25.577419146407728,10.216012955670543,8.005941933846062,7.537761542071377e-05
53.768080325652676,22.315487868833653,10.457283799774832,13.459062766134439,8.523960439052389e-05
50.68819949936133,27.570220547422718,11.290235645222149,10.45125895228669,8.535570710690276e-05
50.95836888429882,25.54452873034565,14.353863508048423,9.143147638262034,9.123904508703022e-05
50.92461348384685,24.72492983521941,13.724122243561895,10.62625328770071,8.114967114056118e-05
56.70005147843962,20.791976765814105,13.275781658769931,9.232118500541938,7.159643440373949e-05
53.28626550971186,23.675668682463495,13.398921807280932,9.639062244525935,8.175601776957183e-05
47.76138209647224,25.014220422970894,18.072516805954233,9.1517594631516,0.00012121145102734179
49.55442042140963,25.325466539659015,14.126440608737425,10.993584928920876,8.750127305893175e-05
52.88112917442971,23.89482972498684,12.911286480524224,10.312670623813815,8.39962454061811e-05
55.50582573502045,21.37157043855678,13.580411631161379,9.542098534338532,9.366092286386778e-05
58.27721893723893,18.7975862134893,12.269642383589275,10.655465085711596,8.73799709041461e-05
57.43500635387727,21.19753574646238,12.915595696766113,8.451793994361166,6.820853306117991e-05
51.63203845429996,23.17607922060864,14.622957259032269,10.568827193637363,9.787242177321229e-05
52.429760478814494,24.41089022650785,12.550436714848356,10.608826011745286,8.656808402816789e-05
57.90726821541441,21.32444092993886,10.177133757643508,10.59105773702672,9.935997649472478e-05
50.09273896264759,24.0786329534905,15.271195035814058,10.557352539131767,8.050891608557797e-05
55.181299869968434,18.653511457300226,14.791576206378082,11.373522895039672,8.957131357163154e-05
48.84196796127216,22.305406401300466,15.042592699664677,13.809921917114822,0.00011102064786409678
52.71001598001924,21.968396681645782,14.58583718416539,10.73564876632468,0.00010138784488363458
56.8060828804223,20.17036670905988,12.942344583599471,10.081132721724938,7.31051934027914e-05
51.97474393104839,25.642895790941765,11.588297752675759,10.793981013058833,8.151227526006183e-05
52.56277698407573,25.725829550802153,11.731763689830467,9.979520846120064,0.00010892917157870726
54.27444476044874,21.905275364075578,14.071343877796458,9.748859103062564,7.68946166796107e-05
50.28043316361567,24.51336340950732,13.446246666482375,11.759848409799831,0.00010835059478794638
45.38889474560357,23.849027268193293,17.874976326000986,12.886985382548241,0.00011627765391721523
50.12736630407484,27.869792298052637,11.564034352802194,10.4387114538032,9.559126711826142e-05
54.53496537848241,25.632935899009095,11.089784457830678,8.74221615064408,9.811403373383853e-05
51.880393176484,21.66745068478006,14.635076879088857,11.816966369906114,0.00011288974098019042
51.91263587031809,24.56069742174933,13.784283929412972,9.742287845609177,9.49329104243822e-05
53.18169137828208,22.082406457126606,13.615993758347336,11.11981789564049,9.051060349553112e-05
51.39750370807765,26.357649762090684,12.510547399611275,9.734218101616076,8.102860430198662e-05
52.06467008282238,21.716514740555837,13.53238039488692,12.68634188068249,9.290105237788475e-05
51.69076204255241,24.0551623882618,13.2447836575363,11.009191513083971,0.00010039856552733759
45.86096408511556,27.714707418538104,15.078706660758105,11.345539252651115,8.258293710704888e-05
51.6952118427284,22.09831669182999,14.307045362306242,11.899312469205386,0.00011363392997073862
54.558845093521015,22.35802444766787,10.840657003570373,12.242378798040324,9.465720043534458e-05
45.909718811853104,28.053061731931585,15.373285013122201,10.663822662006126,0.00011178108698518547
48.35885837581739,26.30384579720998,13.72827965080974,11.608918042585117,9.813357777681924e-05
51.74159345840654,22.502839095210085,14.241742988451056,11.513742011853815,8.244607849227545e-05
57.99752631129306,18.25724488375151,13.654300964675329,10.09086387307592,6.396720419695136e-05
54.59588334522033,22.6352133040779,13.77014591873321,8.99869186070111,6.557126743937943e-05
50.46593488827993,22.861163505716952,14.422347303818508,12.25047177621374,8.252597086394258e-05
48.26466468331867,25.523259285362563,14.705640927120282,11.506340619525428,9.448467305612266e-05
50.569622064296716,27.165800002719788,11.815538343816174,10.44893008412018,0.00010950504715002204
55.212617072078274,23.878860413270537,10.875439242951849,10.032994374501165,8.889719817076825e-05
51.88096454994113,22.702207534278372,13.073167488517226,12.343591871115025,6.855614823662988e-05
53.60306254550079,25.430604445096293,8.51534493604829,12.450892157394515,9.591596011678402e-05
55.94201501595798,21.915360305188976,12.860855705121851,9.281679559981068,8.941375014054665e-05
57.17802189389729,23.06986483123984,10.658876862875207,9.093167130980992,6.928100665862422e-05
52.86350427783718,21.48420962594293,13.922489296505661,11.729724895487886,7.19042263400777e-05
55.41772049522019,22.228082569939517,10.455743374470288,11.8983721133603,8.14470097187496e-05
56.33108664981522,20.315073262816476,13.798843184306303,9.554921902134348,7.500092766851935e-05
42.46363215840193,29.721925181646135,17.04620916315471,10.768142324206476,9.117259074193883e-05
53.01299820314522,24.521182104984355,12.480306920663772,9.98544490668533,6.786452134797248e-05
55.38465675875517,23.92755167841146,11.081880055925861,9.605822824566843,8.868234066555352e-05
52.98048387063925,21.014201674891368,15.484718076508566,10.520519871592791,7.650636803630058e-05
53.44951721820013,22.02317810332604,15.006994238247337,9.52022821358227,8.222664422908294e-05
53.600518749268424,22.730635591758624,11.887759321175992,11.7810012465457,8.509125126076225e-05
58.389989524420095,21.620462621142227,11.75209878469006,8.237360167060578,8.890268702643075e-05
48.51230127200187,26.67240843643016,13.593022565383912,11.222167334374976,0.00010039180908540956
54.780682055615934,25.021859867967798,11.801838452558526,8.39554447443301,7.514942474696362e-05
56.352001614304356,21.173322650608213,11.742879463022108,10.731732690733049,6.358133225999305e-05
54.33629661600266,20.942698279141112,14.271333656634969,10.449587150589007,8.42976322642976e-05
47.64727480987817,26.612205484422947,14.226713571991564,11.513709945072511,9.618863480506109e-05
55.837992397159795,20.450494580651892,13.188071948887234,10.523363323531337,7.774976975443576e-05
47.25742957295061,25.499078529959895,15.175232920282713,12.068152149273827,0.00010682753295121495
58.67133003095047,19.717997091566485,11.755960481243475,9.854620282578582,9.211366098794407e-05
51.344578824204724,26.2593359807063,12.295324068450089,10.100679433882338,8.169275652328461e-05
49.85287245602854,27.524237187919177,10.21447117287339,12.408320959071307,9.822410759534687e-05
59.075022083069726,19.733154452630117,11.402747319731807,9.788983621506269,9.252306208005402e-05
55.85573952577373,24.554773224517053,11.921965302289545,7.667415377456812,0.00010656996285516316
50.51712212920384,25.908942879316164,11.409008250713924,12.164840315561422,8.64252046569147e-05
54.95517798464271,20.20378113972157,14.401689173482875,10.43928058989039,7.111226245634623e-05
51.03296716942404,25.56554713346627,11.86136937437544,11.540015308358278,0.00010101437598024078
51.65234097367365,24.778394013928786,12.559079137230578,11.01010807187443,7.780329253946142e-05
49.72888243202005,28.450551328384282,11.137146390506764,10.683340250854204,7.959823470669166e-05
52.34995730540438,21.665416564876157,13.767552323291635,12.21697563129956,9.817512827124501e-05
56.39821777579754,22.951941650988026,11.728922167592216,8.920840680575427,7.772504679837621e-05
48.49175404672327,27.938539326292815,13.56971874782778,9.999877696614847,0.0001101825412898109
56.44426335787218,21.857210196121947,10.879634247815224,10.818800917756729,9.128043392878615e-05
55.44128303387139,21.20818980285904,10.770108755878734,12.580333308093955,8.509929686955322e-05
52.33703474635715,24.290361980401926,13.319996811731308,10.052524965339874,8.149616974038544e-05
48.795865308010214,25.660386119203636,14.116981601098965,11.426653762250922,0.0001132094362397093
51.06662537042478,23.147224840793985,13.688284489389439,12.097769409583021,9.588980876899187e-05
52.8475437396933,22.39891322956989,13.763520575216805,10.989925185810092,9.726970991059284e-05
55.3423590002196,21.644513929529825,13.302850572606967,9.71018136853106,9.512911253500184e-05
49.009754445859386,24.529510299022274,15.534594409293353,10.926033073531103,0.00010777229387971957
47.51737389264103,23.63184040327806,17.353674684387187,11.497022492339722,8.852735400230379e-05
48.923212138336616,28.933006803382234,11.300216617796712,10.843474046593315,9.039389112892159e-05
55.42824377341653,21.192907981418752,14.290694168854634,9.088076967783344,7.710852673923507e-05
52.220414627805454,26.498934996082724,11.107323651184158,10.173220276296552,0.00010644863110419541
50.05406623944704,24.808176359483898,14.446232078418483,10.691418881622457,0.00010644102812359805
48.55079296739162,27.263709970017462,14.376357480056628,9.809035065930054,0.00010451660421619398
53.96954967230592,22.301387950043043,14.177640437214354,9.551333626871566,8.831356512798676e-05
58.509309105293426,19.01000437104899,12.496547943844561,9.984067653013145,7.092679986397106e-05
42.49174221079111,29.181020465365044,18.383229993088886,9.943913581569475,9.374918549480533e-05
55.32965144753656,20.543003315154664,13.779646445493796,10.34762490934954,7.388246543985343e-05
55.839231062302076,19.881568725016734,12.77449101671159,11.504629895175105,7.93007944899635e-05
54.11853006958501,24.29991667031702,12.636372013631703,8.94510642415417,7.482231211478243e-05
53.729335114413345,21.194471752497265,16.21736172554584,8.85875506859221,7.633895133936831e-05
52.72620570201241,22.034372066443254,14.216334077905165,11.023012892458446,7.526118072388219e-05
53.15980346241873,21.810739710477577,13.853186275412957,11.176191339899228,7.921179150309296e-05
50.54910221720649,28.758258694547294,11.68505440819685,9.007491914898779,9.276515058086743e-05
50.359017129777605,26.257236449934712,12.995709440373332,10.387931074168701,0.00010590574563608532
50.26439846042447,24.839050784221055,12.798540052625059,12.097908249477559,0.00010245325186709847
48.18910702326707,27.016076517073696,12.869522695941797,11.925190143198044,0.0001036205193831439
47.70578918887303,25.702106915161583,13.775751396286031,12.81626482606434,8.767361502239861e-05
52.09088097965059,24.874543193781285,11.70878380238409,11.32570950455082,8.251963321794157e-05
54.11256168635733,22.6979696859778,12.458919552115475,10.730472124002102,7.695154730282254e-05
46.62316780844759,30.362658144443373,13.691952622638958,9.322118368612164,0.00010305585790736747
55.91871962823256,20.677390978274424,13.870505472871331,9.53330632898425,7.759163744827484e-05
56.247195047914786,24.006570416954347,11.264296661050706,8.481853181455044,8.469262511458407e-05
47.84734436480182,23.576789508890876,16.384540674527166,12.191234240189344,9.121159079466775e-05
50.24674233547258,24.77503815249716,14.647418385610186,10.330707421709965,9.370471011732774e-05
53.54456982423379,26.21910707984942,11.559393749815507,8.676854961903995,7.438419729805872e-05
54.69670431416556,21.77033459501295,12.64486438123163,10.888006605720866,9.010386899538803e-05
48.57063817527751,23.073339623325314,14.999710222778138,13.35621502473636,9.695388269188784e-05
51.06288911620527,25.15868616628279,13.266490840010809,10.51183265999174,0.00010121750941516788
52.03841795291555,20.508022146977698,13.71066985263067,13.74281617068291,7.387679317082798e-05
45.70155224560673,27.52931926909225,16.078486077610027,10.690518394688153,0.00012401300283931753
50.36989477570633,24.72930279511332,11.848688667442907,13.05202683607536,8.692566208971203e-05
57.99698423062304,22.464145018559723,10.666596949040995,8.872195098584676,7.870319157458171e-05
53.108226857262196,27.059815883042205,10.515516087605214,9.31635382415151,8.734793887547627e-05
49.39478169855831,27.9252037184635,11.480707659980679,11.199207032745145,9.989025236847866e-05
48.333543403565784,27.782964278045007,13.043563166706654,10.839824343345411,0.00010480833713418226
52.702677100825,23.456648658589753,13.770041033117447,10.070555392465836,7.781500197259543e-05
47.2715142234089,26.66664901509411,15.12983590310442,10.931922335414862,7.85229777183968e-05
56.23310656314091,22.041422587096285,11.153865831182701,10.571518418208047,8.660037206861373e-05
47.91382566082842,30.139265109108273,13.204679628945728,8.742139566849966,9.003426759947509e-05
48.47042342274741,24.07770478192078,15.809433313644957,11.642325041149366,0.00011344053746981717
55.318036207871415,20.151644903557226,15.04263248800693,9.48761898316291,6.741740151800834e-05
50.85866594010772,24.59095934075103,13.210233669275825,11.340054697516555,8.6352348863321e-05
46.740640248732355,26.888992263908463,15.665521126935797,10.704726965893782,0.00011939452959713815
55.894607129422724,20.325286300037128,13.118525814622059,10.661501624570828,7.913134726851548e-05
48.05702422635958,26.77895734056991,14.514441572073142,10.649508377090111,6.848390725843025e-05
53.82134107535062,21.858977899605954,12.562550555803917,11.757014703825448,0.00011576541407007906
54.2612232582436,23.55245434558062,12.75426132826816,9.431962180127584,9.888778004182976e-05
52.026258795712735,20.528995981664682,16.347208772558478,11.09742944294973,0.00010700711438616406
48.028974937131665,21.36506288396953,18.75611675913011,11.849736969766937,0.00010845000176102716
49.666493970071635,26.132408649989664,12.599312426509513,11.60169071272824,9.424070095392874e-05
59.42040482188632,18.626584538617575,11.850788351437714,10.102149666339024,7.26217193694178e-05
59.26065397382033,21.265410108292983,11.792003849060427,7.681840329133878,9.1739692368792e-05
51.31634338331493,25.15480038961469,11.91725364674843,11.6115226737935,7.990652843867389e-05
57.50505031103184,21.34450299543578,11.290624271200247,9.85973974279258,8.26795395480538e-05
57.9277392464405,21.623203516928307,10.188085807260718,10.260896886573162,7.45427973073723e-05
45.18806819630882,29.711881845030096,13.775123061330424,11.324828315614537,9.858171610154e-05
50.22479224951736,24.76702369302382,14.835621180359382,10.172486292915046,7.658418438868714e-05
52.995051464637285,20.543067240842642,13.474342545168996,12.987446874730088,9.187462098326032e-05
49.10645763986089,23.92337735534006,15.266556599972866,11.703495710666086,0.00011269416007155736
49.78173562605859,25.106257804647093,13.447440913079683,11.664485162166345,8.049404828234423e-05
54.66970091299371,20.760461210025387,13.322297501824865,11.247462349927005,7.802522904764733e-05
54.80102694379904,27.305800197872838,10.002901919465499,7.89018404457755,8.68942850576453e-05
52.89145080265543,23.7113679914538,12.476565936144713,10.920512555871884,0.00010271387418655454
53.77975688846384,20.327770625024637,13.21461607320043,12.677766208824023,9.02044870709568e-05
59.21836441336027,19.880046511175546,10.8818464194484,10.01966052589965,8.213011613385725e-05
51.86928700310469,23.956838672005116,14.123301273956052,10.050486258420275,8.679251386996502e-05
49.033703748049724,23.140146942633272,16.033554075334404,11.792506666309004,8.85676736000495e-05
57.57955010855238,20.659417744745948,11.630622794877983,10.130336492575124,7.285924854271988e-05
51.86473275189872,24.95032494445143,14.320901871895353,8.863957061957727,8.336979679379576e-05
54.77490342741271,22.585610394949992,13.417008004364511,9.222372806923813,0.00010536634896826164
53.56315757447586,22.720328926144347,13.840265133475949,9.876166555916823,8.180998702567543e-05
45.250991381781716,30.90440406299318,12.901707168794099,10.94279227791123,0.00010510851977930731
54.573436679647145,22.12839248410099,13.066260793995433,10.231821367030545,8.867522588058081e-05
58.29585994771126,18.792534797244247,14.979346992129924,7.93218073338176,7.752953279698387e-05
47.33026411010948,26.91450064584594,15.609998635059846,10.145143479365606,9.312961912757676e-05
52.641684681464326,21.59302990543174,13.530075378957473,12.235130613880761,7.942026568528911e-05
54.3059125182374,22.062065802271956,13.269325359694657,10.362618616393043,7.770340294899341e-05
49.529423577521655,23.65101744345006,14.070781671942933,12.748686821554456,9.048553089767441e-05
54.68296503102257,20.30385620874285,14.84426877036504,10.168838185248482,7.18046210647465e-05
53.24339197416826,22.709845443425984,12.745397333592532,11.30127191171408,9.333709915422063e-05
48.74010192825723,24.38185290069051,14.157028307604921,12.72091425534315,0.0001026081041915011
51.53350698130761,25.374981414643084,11.988767324965462,11.102629855166986,0.00011442391688059133
54.506560785217474,22.97822097719448,13.07062820552877,9.444506123729603,8.390832968731702e-05
50.092891661049954,27.007910906476052,12.042920971518868,10.856179455412715,9.700554241454366e-05
51.63415761348895,23.517863794652452,15.587918533472084,9.259977414690661,8.264369585651328e-05
46.766906549634676,28.58347652483496,14.312777398678394,10.336748935500243,9.059135173368807e-05
54.021741081867894,21.812872061533373,12.91719558838928,11.248113894256456,7.73739529965436e-05
50.60763923901366,22.593203009824403,14.290662427166975,12.508385990328513,0.00010933366644899602
48.35370732286301,27.20976609338235,14.681522364907785,9.754898162357264,0.00010605648960603649
49.20800079736819,24.334081167381996,13.67647742841732,12.78134101102419,9.959580827678057e-05
50.92604373352546,28.835933522450308,12.45444968855337,7.783441779313277,0.000131276157597416
55.57957789244763,22.15415518461782,12.567402903348269,9.698792227949635,7.179163666966715e-05
49.719294202881905,26.614210793133985,13.08144125540866,10.584975998950537,7.774962489927766e-05
50.01000157334068,26.341044499282773,13.08819923167919,10.560674958306363,7.973739100799688e-05
49.89037833521402,28.207714502220522,10.72183148121894,11.179967590740532,0.00010809060599668769
55.97328439624675,19.193934904370185,13.32693534954729,11.505759591595893,8.575823988400375e-05
54.91692035125998,19.485180730261455,14.848815350083253,10.74897998840222,0.00010357999307634847
58.78107294288202,18.884095684061084,11.868197940103224,10.466554763337685,7.866961599857287e-05
45.52032726699864,30.410202854721152,14.493321860368885,9.576056784620217,9.123329107770557e-05
51.73644198958001,27.35509006093175,11.812417437451641,9.095960033818333,9.047821827823324e-05
52.82220931751232,26.32807936071221,11.63998287353351,9.20963873868286,8.970955910467745e-05
46.38505409878224,28.758695111204357,14.075666822755101,10.78049818509409,8.578216419899182e-05
55.65630848452936,22.034528258515937,11.585143946040874,10.723926917728727,9.23931851131016e-05
52.824991060994066,24.563318208412145,13.025338134094403,9.586273326194018,7.927030536957126e-05
59.300121825341876,18.892746480257824,12.25399296332393,9.55306070315369,7.802792265571477e-05
45.37922709967494,24.6531363011239,17.208322125554446,12.759232943041834,8.153060487171867e-05
55.71805750023483,24.136205082647873,10.346240951844464,9.799410154543455,8.631072937576223e-05
55.266254536358694,19.153877844401155,14.817354349239656,10.762432335263481,8.093473701743398e-05
58.13325336817954,20.0762237350719,12.12527066796931,9.665158987614063,9.324116517767435e-05
50.668955426121855,26.882800917729345,13.248929863043921,9.19923918335673,7.460974816264999e-05
52.51054190410461,26.651846482884668,11.91525120838585,8.922271450075746,8.8954549125704e-05
51.85155803820697,23.60980322550128,14.006746185997127,10.531788793449573,0.00010375684504990896
52.81201523297355,22.455332782265465,14.409428858472861,10.323130310080986,9.281620714750949e-05
57.410560641286864,19.674812141382183,13.095880210021345,9.818671656066357,7.53512432423594e-05
53.570636720145195,24.66898127300826,12.539014209495573,9.22126324683357,0.0001045505174139635
52.905153238024205,22.747852483918436,13.605697158231617,10.74120048485896,9.663496676935059e-05
55.971741223018626,22.293242626606627,12.612663963357798,9.122288342448114,6.384456881112156e-05
47.69143364562949,25.809809482580576,14.21585476464206,12.282815549477702,8.65576701848399e-05
42.682661945433566,25.607042861462336,17.90658967402384,13.803560789099482,0.00014472998078487366
57.22687615058912,19.050558560021592,13.149193752691152,10.573288355346358,8.318135179454681e-05
59.74577487541842,21.05363677660409,10.305083785158622,8.895425173971496,7.938884738321098e-05
53.70429551024396,23.835581493123527,12.797939935763214,9.66209984640662,8.321446268030571e-05
53.086016492858214,26.28892052847565,11.769542873496244,8.855440355479583,7.974969030604731e-05
53.53373163152448,23.22549204018278,13.505505955565411,9.735164511776624,0.00010586095069954892
49.38470330764776,23.487548570510228,15.19002217250629,11.937635631998406,9.031733731327536e-05
53.35474238210425,27.78139063392089,8.953725304782214,9.910067255909158,7.442328349757972e-05
54.04204441018982,21.327392633667415,12.909567116582313,11.72088903598363,0.00010680357684365467
52.429898636233716,20.684920438541987,13.988225296147963,12.896863564189553,9.206488679037286e-05
47.72168487450818,26.35698647797286,12.930921371231685,12.99031991376261,8.73625246697805e-05
52.46825165824707,22.975461255631526,14.587698321772299,9.968480748926108,0.00010801542299391827
49.16483078571481,23.271224549980285,16.589926845010222,10.97391054390939,0.00010727538529690444
53.71673393954448,22.164348549214257,14.966775147619119,9.152050558968835,9.180465330276717e-05
51.290919937203384,23.58926355003936,13.04270964076171,12.077016172781398,9.069921414970428e-05
54.528444920565036,21.044401015971523,13.624982793450446,10.802083921168162,8.734884484222513e-05
52.466366367899354,24.027105004794937,14.373122590653805,9.133309964102313,9.607254958109157e-05
57.3250168361058,20.01077332059201,12.79565456587395,9.868466994100956,8.828332728882711e-05
54.06556738360047,22.00668786726893,11.404495988290138,12.523160515712545,8.824512791767012e-05
55.60557745578409,21.3435182116243,14.249064819535025,8.80175102158236,8.849147422560215e-05
54.20339539360731,22.510311106296193,13.312575738402035,9.973637541832877,8.021986157229215e-05
56.22269147446911,22.529478163269385,13.057510322029842,8.190243521064945,7.651916672460849e-05
48.334580926918775,24.29426987405488,16.15972409399971,11.21131377071883,0.0001113343077994912
47.862941341103074,24.728799326646083,15.207302653285296,12.200859222109726,9.745685582544884e-05
50.12447807360068,23.233555372026977,14.654961730849509,11.986913321181163,9.150234167348473e-05
46.101825243461505,26.911295250827845,14.401621919662489,12.585156418437471,0.00010116761069931431
48.176551275313415,25.364746858997623,13.257152309978093,13.201461207643328,8.834806755065965e-05
54.63758325069033,22.014710462700783,12.4104126553041,10.937206861342515,8.676996227664789e-05
52.82207035552003,20.82320422438488,14.00686809995221,12.347768277625025,8.904251783598649e-05
51.461722612424744,26.22257241971151,11.49381839783825,10.821800361442785,8.620858271256133e-05
48.69516587702903,23.60005039972179,16.408919168322782,11.295762972996805,0.000101581929581647
58.80946391913392,20.571100549970417,12.005332306300636,8.614023236067666,7.998852737131337e-05
53.41182015529844,24.23442112273707,12.099142166344366,10.254529232367995,8.732325213247217e-05
52.14548397464672,24.2924833503465,12.736038125084919,10.825928707171894,6.584274994751847e-05
49.60376409088681,21.368938785591773,18.37329776390442,10.653899514141916,9.984547506695025e-05
57.73066401867932,20.033790620294084,11.484738661583412,10.750733930922408,7.276852076532753e-05
51.861213622267655,20.535183958869364,16.78422705378185,10.81928187536839,9.348971273486521e-05
57.05755271453013,23.098173837847323,11.05005517641573,8.79414013488946,7.813631734473744e-05
56.31672317221312,20.071953112918692,12.500388756781946,11.110843021015329,9.19370709183154e-05
53.056393111071266,27.25941610805957,10.82409892753064,8.859980131810854,0.00011172152766847976
45.40043151721483,28.54792176690716,14.542529939762726,11.509014062683798,0.00010271343148946784
47.5589003701611,28.460636061613577,15.266812173703553,8.713556276881132,9.51176406314986e-05
48.03602390214941,26.250266815846402,14.358235514925436,11.355361729557337,0.00011203752140356687
51.74199936926408,25.461728517469574,13.258561787778826,9.537603441232926,0.00010688425460614692
48.73452761584647,29.786459007492006,11.874242608519408,9.604684859782404,8.590835970594197e-05
49.94888177969713,26.854229910547993,12.909313952449677,10.287493389763393,8.096754180554073e-05
58.328967064048854,20.220608185193136,11.22346169422877,10.22688138724853,8.16692807220643e-05
54.45283923733548,23.333184419500604,12.452472866469938,9.761411531307145,9.194538681734315e-05
44.180325470479445,28.641765660188266,14.137084282059778,13.040718001616977,0.00010658565555529756
50.96167523857487,20.019686453894835,18.305826527523546,10.712725688358734,8.60916480130831e-05
54.61301682858727,20.955848195663407,14.43750087587057,9.993540483370039,9.361650871431013e-05
40.92456307072002,27.614187878191228,18.719789170030936,12.741354715191541,0.00010516586628742087
47.24152133709882,26.893495207646822,13.139542136203866,12.725351740780042,8.957827046273675e-05
51.37322878590895,22.122132847903877,14.392442045725156,12.112124381207897,7.193925411056036e-05
44.26695643711902,25.011999778213912,20.421354915111156,10.299601492987115,8.737656879567496e-05
47.64472380878676,24.242896380695267,15.89739876618968,12.214876184066835,0.00010486026146459136
54.73406674991549,25.750193102776585,11.854513722815259,7.661126199804391,0.00010022468826027814
46.13725692418088,25.031824649689185,14.955601155090644,13.875232720197348,8.455084194674523e-05
51.71354834934662,26.422585981504515,13.06095871605421,8.802828913070062,7.804002460610758e-05
50.514687084164514,26.03003450145305,12.589565254424764,10.865632824320224,8.033563746734251e-05
55.4159489376115,22.981532217563508,12.62881153014761,8.973620287922317,8.702675507851193e-05
54.13378999991052,21.878669955666886,13.998758187933003,9.988697083254303,8.477323528703954e-05
52.69711353525934,24.70758373927641,11.284476350804152,11.310729656083415,9.671857666797301e-05
49.77587318227222,27.06990890316427,10.899692614409426,12.254440790096279,8.451005780742931e-05
54.91303714399945,23.341091018199283,11.151160385026884,10.594610313456785,0.00010113931759930854
50.4868119498824,19.81363145867395,17.42812828014544,12.27133678754236,9.152375582990302e-05
48.96527324750389,25.43536947932728,12.191024605308357,13.408228891405352,0.00010377645513382968
49.19897644448745,25.964108966787556,15.331365661572082,9.505452966638732,9.59605141733949e-05
51.84870863100501,23.774779612528892,14.190478271323057,10.185937728336915,9.575680610338442e-05
52.4103346785341,24.324563334029207,12.724260532959034,10.540745023100866,9.643137679179924e-05
48.683084030114976,24.649829253070564,13.538138995536913,13.12885220802123,9.551325631032639e-05
51.651341609569045,23.67322575371184,14.333092366529277,10.342230924652174,0.00010934553766122951
59.450427623033875,20.746158050607658,9.940050812690176,9.863296727189512,6.678647878122698e-05
55.957044641659806,22.321388952725712,11.532931522794094,10.188552052765319,8.283005507372801e-05
52.36249628832679,25.238289898737964,11.795834969956951,10.603301613303001,7.722967528038943e-05
52.98240462503906,22.96431657374424,13.262334780305766,10.790861273970425,8.274694048897339e-05
50.62194559837599,25.2707482896742,12.724706245645361,11.382501390895754,9.847540868864218e-05
48.87937322076421,24.57444968994151,14.451839162350847,12.094264553477947,7.337346549067777e-05
50.004093618287136,28.38514865666053,11.643601663543945,9.967060099695924,9.596181245405766e-05
55.78457791299047,21.190485218009194,11.437973797109152,11.586869908533606,9.31633575770074e-05
47.59174270620532,30.34581313976034,12.832308977914956,9.230053015422179,8.21606971843524e-05
53.10609031858057,25.36336799212559,12.766102425505062,8.764367653028236,7.16107605464624e-05
55.336358575323615,21.91625125476096,12.95490724136717,9.792403647388308,7.928115995774417e-05
54.891789495825904,22.87609581580997,12.78888687731746,9.443144033522376,8.377752426725397e-05
53.36382477379982,22.655097191984314,13.916962797268523,10.064018418858318,9.681808902014018e-05
55.94180627700558,19.17253197096916,14.550762623960992,10.334807977398349,9.115066593141707e-05
51.91388906284211,20.613542234617878,16.42053990191932,11.051937632254361,9.116836632745079e-05
50.36932935729411,27.82421530001033,12.349798152263642,9.456566754410824,9.043602109949415e-05
42.94140700287873,26.865569566110942,19.260683929024196,10.932226921358534,0.0001125806276052093
54.309852790175285,20.757617916491007,13.709950433250325,11.222495198741933,8.366134144308638e-05
50.7164899752823,19.958495149148987,17.51059226699897,11.81433977817048,8.283039926261125e-05
54.22499954661322,19.05453359327044,14.79115718897914,11.92921275423893,9.691689826494503e-05
53.74136831825196,26.05924085779415,10.937109179743809,9.26218317372852,9.847048156254986e-05
57.917569947797375,21.942085931006197,12.106009924749719,8.034254079002533,8.011744418110086e-05
52.10117778831357,21.164538378488437,15.380133258123497,11.35408197522166,6.859985282209822e-05
48.569968324495775,27.367800644772277,11.699618362938912,12.362514879989172,9.778780387296654e-05
46.17482542784712,29.258023844891685,14.31895789331141,10.248089787284416,0.00010304666536965819
49.4490614862901,27.93873076635478,12.001998644498945,10.610126913776194,8.218907999502339e-05
45.41412680909318,27.575830349631136,15.788080217925618,11.221872107593434,9.051575661288371e-05
56.83365002445332,18.564230680644442,11.03163010009368,13.57041992141086,6.927339770368104e-05
49.073189635715245,23.32827124613911,14.59158448768624,13.006861144735343,9.34857240557454e-05
53.659551790907464,20.913786153439542,14.597131352289095,10.829438898957397,9.180440649829869e-05
53.23451502780783,21.620811661611747,13.999619730718987,11.144967574324568,8.600553686418367e-05
50.82596141210686,26.090360749682258,12.279576224452123,10.804028095561938,7.351819681874534e-05
45.83855569623056,28.52436626114337,13.856175918958725,11.780815586102381,8.653756496353139e-05
49.79286853435556,23.72067738561642,15.460384197881618,11.025960966178705,0.00010891596768755054
50.465878757984186,27.822222773498375,13.37034425892272,8.341459558978704,9.465061601893117e-05
50.21933615245619,27.96028805282414,10.803529070470017,11.016751879472,9.484477764176611e-05
53.24002228651473,20.013646996664818,14.936205045844323,11.810014651479865,0.00011101949626033108
51.25698002534538,25.491589861627467,11.512484211658611,11.738848956890077,9.694447849244673e-05
54.72212666109111,20.756013285002254,13.43990474693009,11.081873286082061,8.202089448111631e-05
50.05392608733534,25.614499026359145,13.390386010515321,10.94108638756654,0.0001024882236705242
48.499187264480575,27.730805336659657,13.735925474870815,10.033978260586407,0.0001036634025386964
51.62117571474699,23.81091658755684,13.394889049472173,11.172931578337902,8.706988610158417e-05
55.553869388032126,20.47227136866625,14.125756641227467,9.84801709300073,8.550907342410844e-05
52.044594957422596,22.23058223557946,15.660971976509028,10.063733337319556,0.00011749316935900055
56.30710081244909,19.184791825304973,14.592085657421086,9.915943093036942,7.861178791043592e-05
49.4594795966203,26.321483098038616,13.996824426545246,10.222116027564905,9.685123093323597e-05
48.44405392128355,28.270347230969183,13.30247845025606,9.983034199342617,8.619814858896645e-05
53.24088486035824,24.083992018346894,12.041904771838146,10.633134663145412,8.368631132157538e-05
48.78712167580254,25.178519820348793,13.61445774865229,12.419808604009308,9.21511870684948e-05
55.7494053941537,23.53491510672939,11.343425801978386,9.372166751490846,8.694564768340954e-05
49.68727810469911,26.28794996369791,12.357832153165448,11.666862920521648,7.685791589567304e-05
49.78686254434155,28.092576331349523,12.928607980661619,9.19186682486148,8.631878582533804e-05
55.90099751331658,23.54961010152511,10.856142611406138,9.69316796458943,8.180916273801436e-05
45.66853670626874,24.59900875191296,14.984349910440706,14.747974874395808,0.00012975698177124833
54.45140450725368,21.741588175129912,13.272531132561207,10.53436089527514,0.00011528978008185884
52.5701826297195,24.020825504647892,12.648728184082636,10.760166090847004,9.759070297965168e-05
49.0992347425334,25.893516647985443,13.189560814353198,11.81760205176267,8.574336528894765e-05
49.29084872020477,28.69628799397938,12.034181922119233,9.978592315455003,8.904824160427183e-05
53.49998683801467,22.65214528624163,14.825518715479745,9.022279528750868,6.963151309529566e-05
56.12419679287923,23.969848726540302,11.516813578725332,8.38907354415631,6.735769882620221e-05
50.763935025889175,24.468291217100223,13.508953025805118,11.258736229957467,8.450124800645519e-05
51.75596368156724,22.686683574309512,13.5017387692062,12.055547326336958,6.66485800737031e-05
53.26796798308825,23.794645367512384,14.00913855100363,8.92817360436531,7.44940304098022e-05
51.950563445622834,25.15734943185964,13.548653102542591,9.343339224057475,9.479591747267666e-05
51.66572448904607,22.489327894236283,13.397126101572107,12.447746086380135,7.542876541109846e-05
53.2114034792169,24.36668677966464,13.395548682350647,9.026262333010013,9.872575778820243e-05
49.75908901594488,26.5140945979431,13.731383466485978,9.995340633564844,9.228606120602128e-05
55.65693368680657,23.270529744698774,10.477071145395577,10.595360106328364,0.0001053167707117893
47.48142548745932,29.31036370761782,14.712697192872367,8.495414641874362,9.89701761296093e-05
50.764850895283885,27.068395599609445,12.60072370255517,9.565942807516729,8.699503477211642e-05
48.52229602643648,26.594015867029974,12.960853764444888,11.922735978081,9.836400765148505e-05
51.158853411470616,23.206796903983463,14.069390838086573,11.564863090021927,9.575643743283343e-05
50.48469666005082,25.03998263438528,13.301876736258023,11.173354498313632,8.947099225140746e-05
57.646148007432586,20.701831735725804,10.94491022846112,10.707026028070528,8.40003099598629e-05
49.67811087016536,23.18040479913746,17.37166789650053,9.769718999842375,9.743435427874072e-05
46.231059008244074,29.63636604017022,14.638977559099345,9.493486549875637,0.00011084261073231579
56.80952645996506,20.491889896130868,13.62478004824968,9.07370353762407,0.00010005803033219147
50.84597481269763,25.517786309606617,12.234103544516822,11.40204373362791,9.159955102257139e-05
51.3626610562971,27.292424612393468,10.079955446286673,11.264875606879281,8.327814347552947e-05
51.562116859101224,24.922652409235184,13.321788461616249,10.193356720779292,8.554926806046729e-05
53.64227908440026,24.024640933462237,12.783482176719465,9.549521623806207,7.618161183138007e-05
54.32826455329457,22.1352172958126,13.488708866196141,10.04770358222744,0.00010570246924034077
56.72021487311329,18.417768749495554,14.378515185591734,10.483400407933013,0.00010078386639244137
49.16133515843079,27.17588634224346,14.109293983612211,9.553391462197466,9.30535160560505e-05
54.70056775033787,20.97374095955309,13.918147306441917,10.407455091523572,8.88921435531485e-05
57.648732710068764,21.744184689050964,10.72042004361997,9.886583939246247,7.861801406151325e-05
53.040825581801556,22.692615674913068,14.229740845006777,10.036724657979077,9.324029951784758e-05
52.77169560822773,20.553129454847,14.85025429541895,11.824807857262403,0.00011278424390969536
54.83095123975973,18.715493129231888,16.925913079904216,9.527558015390374,8.453571380263818e-05
43.86470011536643,26.147786453032097,17.182555560189886,12.80484416981845,0.00011370159312966715
47.690538995409106,23.415607841506294,16.794386772147796,12.099370416579477,9.597435732958209e-05
52.30147524281132,24.407042885272265,12.045396624024884,11.245998371249613,8.687664192709801e-05
56.20887957899966,19.49833465799388,14.087071939023904,10.205651660538706,6.216344384468049e-05
49.618340813099486,24.884817347177684,13.856354490308984,11.640363973252772,0.00012337616106211134
61.46947103492426,18.535937380313648,12.03729773510627,7.957203951244909,8.989841089970045e-05
54.31203973097271,18.819759066170338,14.780493965727578,12.087618214883754,8.902224562260749e-05
53.423628607663254,24.576971712606966,10.69486212762318,11.304431599454679,0.00010595265190868208
50.13269746831389,24.580136540778966,14.153029387057847,11.134051757715755,8.484613353590856e-05
52.502710465513026,22.68874493832953,13.36114476653949,11.447305696237779,9.41333801761269e-05
52.21124950952919,23.909004807260693,12.223272647981444,11.656349237936189,0.00012379729247080052
54.53081274925523,24.96396028868678,10.725147039825293,9.779974465648426,0.00010545658427582392
53.80597596785417,20.450080339859856,14.606602834080942,11.137254575262876,8.628294214823685e-05
54.21876795273477,22.7590320582014,11.367661658717445,11.654459609555657,7.872079073737643e-05
54.67015948774123,24.599146183611566,11.475661040203027,9.254951544294732,8.17441494605129e-05
47.683863178942886,28.184150664152853,13.309224440772644,10.822681807192831,7.99089387918091e-05
56.91064529868037,20.99346942916961,11.122498352644747,10.973296340046975,9.05794582849813e-05
51.230320871868344,25.409875168896225,12.523886279958568,10.835839191610699,7.848766616276247e-05
50.19494470036888,25.340139093007807,12.870240677779316,11.594587504197989,8.802464601333824e-05
49.7151084858259,24.35196185040934,15.419733754990142,10.513123977692702,7.193108192301342e-05
53.65168693426905,24.3329621347929,11.456168510091647,10.559105991367064,7.642947934066819e-05
56.616713670900495,22.19099672562334,11.762769471055764,9.42942469322457,9.543919580779143e-05
53.28697373843767,24.30163018909568,14.070732659638786,8.340573148000335,9.026482753304448e-05
49.442500478412384,22.34154301398787,16.667159731002897,11.548702690329883,9.408626697241602e-05
52.1023248539007,24.316671414179154,11.537516748483524,12.043380290687617,0.00010669274901012432
55.363723017700025,24.91178762972933,11.18777040851585,8.536632644964294,8.629909049435902e-05
50.58311869148686,24.027524567449706,13.076990545985707,12.312281646946445,8.45481312872453e-05
50.9712309782142,26.289097303734003,10.907336700112625,11.832219875569828,0.00011514236934222947
52.841394626415294,23.950091588606025,14.650172355017036,8.558255222888688,8.620707296609707e-05
59.38436501751878,21.000756623040978,11.524187372658615,8.090601756016671,8.923076496546512e-05
53.22584620665817,24.616642693961616,11.142234286930844,11.015190021911183,8.679053820222133e-05
46.6318414758849,26.770195422289227,14.10049721653548,12.49732926467913,0.0001366206112562409
47.824336237643635,27.824678663487706,14.468929613889816,9.881960322239651,9.516273920967586e-05
50.17796586337877,25.798899934857488,12.625593985612223,11.397433211594164,0.00010700455735805822
49.30749713966377,26.629563911652056,13.665922665383293,10.396928762392687,8.75209081945651e-05
55.15450925191866,23.71776464503669,10.54064749389439,10.586989707251059,8.890189918546684e-05
49.33992420838273,28.497633498065788,13.034208212317766,9.12816152472303,7.255651068852039e-05
53.51664777609898,24.619529172058346,11.538896823458455,10.324844732304069,8.149608013947449e-05
50.52013028554785,24.911534442075613,14.56446676178276,10.003770088833246,9.842176053313236e-05
48.818893058634586,24.623223535473382,14.966354580559067,11.591426696755082,0.00010212857789683128
53.12887145398244,24.676987589695287,11.836720203942923,10.357353938972844,6.681340651132922e-05
49.76387523036572,25.3041829014886,13.58711862493396,11.3447266024713,9.664074042100349e-05
51.80767098676756,21.829871965659322,13.99384335965176,12.368513830213098,9.985770824536722e-05
46.748890366340554,25.38359922394636,15.972590867953002,11.894821962939663,9.757882042835671e-05
61.91339610204801,18.9390460126609,10.103320154306477,9.044169000637233,6.873034738558262e-05
53.18934139381347,23.186386672469727,13.543661861852701,10.08052766262043,8.240924367278719e-05
48.95507823004463,29.515344038648948,13.214050644166637,8.3154548398632,7.224727657276185e-05
52.45409341637737,25.756510625833517,11.197108201807808,10.59218779908601,9.995689527872392e-05
55.23035958193433,19.870903587104845,15.177477914055656,9.72118038835063,7.85285545491049e-05
56.67108044405042,23.405978800754283,11.448159348843632,8.474690839475489,9.056687618615201e-05
52.73092704284091,23.052934106874233,13.251761963451209,10.96428151220277,9.537463087194449e-05
54.902613419161426,22.54280802529926,13.361116433378143,9.19338029897424,8.182318693594905e-05
50.466525276819496,26.508360808601033,12.331482055925708,10.693520769713047,0.00011108894071463751
45.07985693777064,29.05701652471915,15.12329409174299,10.739716389799497,0.00011605596772864044
48.46197606246031,26.55916816299123,12.994010826750419,11.984769746742199,7.520105584945836e-05
45.04339585966171,27.541368364894232,16.32868644281618,11.086450802935671,9.852969220583644e-05
50.38360750127653,25.27300294328263,12.44811349172844,11.895191851446286,8.421226613097373e-05
47.99742317378239,26.47251885744853,16.259952082202627,9.270017733491688,8.81530747676124e-05
49.620468300676706,25.921066112605512,15.064984475727908,9.393387726223335,9.338476652246632e-05
49.031318880717,22.4197472807048,15.959934642267193,12.588911535386456,8.766092454938682e-05
49.22800828765721,26.42383037858108,13.113007352859546,11.235049451057623,0.00010452984452926632
56.265171598003114,22.067503731632108,11.97818125992308,9.68904393838007,9.947206159938942e-05
56.061253228784146,25.373357548260817,10.003758664931203,8.561555669239706,7.488878413214002e-05
49.16721466952108,25.669058366094983,15.334109207825428,9.829525841611737,9.19149467776778e-05
50.94000182382024,23.56821499754206,12.767715917159734,12.723986318103698,8.094337426512199e-05
57.489009841474406,22.405117447733936,11.695400421469984,8.410411054106454,6.123521521842397e-05
53.00661828210321,23.34782176367141,12.87065701980672,10.774783304520318,0.0001196298983267645
56.03483899080576,21.876075616979836,11.467819010306506,10.621163242986608,0.00010313892128566192
51.54466903368278,17.78382130766237,18.231244172651152,12.440140700490488,0.0001247855132076818
57.52634710237843,19.287793776344365,12.951385883580965,10.234376326734521,9.691096173335946e-05
51.24668163702749,20.630257411717377,18.29555585387467,9.827393080398787,0.00011201698167230526
56.171568737640754,20.171036565802353,12.554654518696873,11.102642301543424,9.78763165847271e-05
57.923952872753006,21.11630562946724,11.242418162527233,9.717229883704542,9.345154798468646e-05
46.15627764904726,22.581048275290712,20.130835551850442,11.131738068698482,0.00010045511311242592
46.89647260186873,28.944682753229912,12.882033315636205,11.27671736120415,9.396806100172463e-05
50.541670486668686,25.61102627243892,13.680896303783378,10.166345929784013,6.1007324998880015e-05
57.79080418090754,21.323936606326903,11.47063517520959,9.414543211348194,8.082620776132408e-05
55.496353257581475,25.246653663318476,10.543836602702969,8.713072923616958,8.355278011031076e-05
52.84945612836839,22.29424829440987,13.41979709158245,11.436435761920043,6.272371925462275e-05
56.38144462641835,22.068635354921458,11.483871488717172,10.065961105916097,8.74240269091352e-05
50.84731636873616,24.052680444862602,14.507004201470522,10.592917515683705,8.146924698913456e-05
55.84938963505065,20.451957278752737,13.886926538357617,9.811644297069629,8.225076936537771e-05
52.94783896159486,22.655266054654312,12.959859539679359,11.436944225483717,9.121858775517756e-05
54.17842251852214,21.46188651010076,12.64659747996147,11.713018623856618,7.486755900455387e-05
53.64372988116204,26.140138048179278,11.619924922863664,8.596104610669993,0.00010253712502573873
46.71853121929361,25.222981928115296,15.953122005307108,12.10525583439625,0.0001090128877310728
54.358705398228715,24.6045365628532,10.87683042085632,10.159802112772246,0.00012550528952976386
46.914420492357955,24.9462247792339,16.57022417006214,11.569025015932008,0.00010554241399559022
55.706482491102335,23.775605486309697,11.016882911617685,9.50092908452279,0.00010002644748828522
46.46695172647941,23.80540540410432,17.26331843480569,12.464212515804233,0.00011191880633777774
48.22846740658004,25.606237894430812,15.397534800017501,10.76767180335432,8.809561731233175e-05
47.57024705972026,28.512238217532637,13.641305218511299,10.276120853757401,8.865047840593009e-05
55.123078316146135,21.05025285274233,13.445990590613954,10.380615724173477,6.25163241120067e-05
41.43467209360245,28.12556343714562,18.846856779301017,11.592809040970012,9.864898089692648e-05
47.48729093329089,28.109165636433215,13.730209803701044,10.673241840455994,9.178611885428341e-05
45.92558013436754,26.545061137832555,17.067220058072337,10.462060612258094,7.80574694602219e-05
49.049362463532844,27.31517072375813,13.680639221260202,9.954724412527192,0.00010317892161942576
50.326343517891445,23.45425712960568,15.364771470586733,10.854535070511254,9.281140488944618e-05
48.86343864259621,25.776958189250642,14.694289444309238,10.66522820222833,8.552161559934144e-05
57.40692407625112,23.210941900110523,9.470146616884097,9.911899171896392,8.823485786835038e-05
51.59628403343935,25.362778045825767,13.948810635024325,9.092057639960078,6.964575046959837e-05
54.49091823591815,20.884767171291745,13.592898433770426,11.031333209906755,8.294911293988636e-05
46.80656055735161,26.314484079276184,15.006876768535044,11.871997397551736,8.119728543274012e-05
52.9472950386209,18.900774515163818,16.084577063925472,12.067247843324777,0.00010553896500994585
47.35088158836431,31.04984665109201,10.509629338486432,11.089555673909395,8.674814784995078e-05
48.21729512233947,27.313384320579566,13.525652868000861,10.943566045241939,0.00010164383815109603
46.10657495363852,27.173881929517673,15.421505008212222,11.29793605924684,0.00010204938473171377
54.39775371335131,25.612337412351383,10.191921553150275,9.797869493405852,0.00011782774117586976
50.358139633829545,25.351940196231798,13.983803592651926,10.306020700282787,9.58770039455646e-05
50.31074829244584,22.33823796346741,14.605452384543463,12.745467111073323,9.424846996560076e-05
51.676342030184315,22.49678202404493,14.134601200125424,11.692205829224388,6.891642093579218e-05
53.393139471338316,20.346228565752323,15.723433194818409,10.537114032147949,8.473594301167382e-05
48.20163174651533,27.138548663973438,14.588551237419335,10.07116589716144,0.00010245493045735048
59.81922020067202,18.134995302759446,11.963459122583812,10.08224182361905,8.355036567261735e-05
56.3474049693144,23.372758220107396,11.50518004574524,8.774577863166577,7.890166638495077e-05
51.60270344153924,22.905360088234026,14.746445751309256,10.745416020690412,7.469822706218051e-05
52.75443189618506,23.380433068765047,13.190239891754668,10.674809342324417,8.580097082297488e-05
52.31511753788084,24.43225103022774,12.805178611413801,10.447370069282613,8.275119502392622e-05
52.075138036914545,23.79994569140252,13.997825492807648,10.126997964740662,9.281413461632814e-05
57.585675896490294,20.749712305791924,11.343561038835038,10.32096458123012,8.617765262631731e-05
44.03518938087145,28.54599882929462,16.024296024179403,11.394427979710064,8.77859444591532e-05
49.11669208634654,27.34973419486092,14.173961777831925,9.359524407399041,8.753356156504017e-05
42.96050528039572,28.51113616860861,18.450933207381023,10.07731348150737,0.00011186210727291499
50.52294202938769,27.62721277689747,12.460999328904157,9.3887494371737,9.64276369802404e-05
54.32300428531226,25.558165315258595,11.776989339456248,8.34173763949909,0.00010342047379694692
57.735733739419814,21.87252296303753,11.555370539982352,8.836305827921828,6.692963848551076e-05
52.9603200636207,22.270425369154363,13.437640005580253,11.33151058230851,0.00010397933616412617
52.757822228205896,23.221190547527733,13.706912571401391,10.313993126189882,8.152667509591238e-05
53.58110380190476,20.251949089430166,13.874270403158226,12.292579386219824,9.731928701998952e-05
52.69164469816463,24.36687771642084,13.117571981124604,9.823821044826953,8.45594629692286e-05
56.39547797119017,21.82075344159627,10.103192150593912,11.680487170494407,8.926612524106686e-05
58.927099302780825,18.765905656460628,12.121768251775837,10.185144432705876,8.235627682020097e-05
50.02019402969625,28.738481822238104,12.52737432373289,8.713850770528781,9.905380397254455e-05
49.486108187854505,24.27275933025576,13.533309013495703,12.707693296727616,0.0001301716664236611
44.252607972426105,33.60744058725415,10.832982803004471,11.306871922763117,9.671455216216736e-05
53.55006431411099,21.51325805330797,14.757003911701293,10.179593461806151,8.025907357228713e-05
52.559649014636975,22.855753532768354,14.854250727388612,9.730261165285356,8.55599207064758e-05
51.19001083367466,23.84615428851929,12.538951755596845,12.424804130602835,7.899160638712786e-05
56.373969179539465,21.03349903168886,12.954937145839981,9.637519253707474,7.538922421132627e-05
57.526708978044205,22.86762545444751,11.72732337754737,7.878259017632184,8.317232872323309e-05
54.050119992363335,22.21957184250314,13.478129249635506,10.252066934452467,0.00011198104555987113
48.562601894456265,23.040726616574855,15.64324019891522,12.753320313410974,0.0001109766426811576
52.926457554509675,21.52419641628612,16.02218838326518,9.527069472887263,8.817305177619378e-05
58.43821328290543,19.650982516501905,11.024822051014251,10.885912711009885,6.943856853446305e-05
51.958390108412765,22.763518584341604,15.310136378716024,9.967881419801465,7.3508728160081e-05
55.87792524181284,20.902479239167512,14.066950657712896,9.15257852190672,6.633940002622406e-05
52.85008414003677,22.206016071560637,13.522430317719003,11.42138288048172,8.659020187274452e-05
57.042503252639484,21.6232605232768,13.133280512119331,8.20087481480248,8.089716190693652e-05
50.95151658786137,22.424028757287115,14.30850796575408,12.31584950914465,9.717995279654198e-05
60.5358989016625,17.79316740643208,11.437963909898553,10.232888095691337,8.168631551700742e-05
53.83346767586421,21.13085273657625,12.128369857608035,12.907222094984075,8.763496743102396e-05
51.257629304650884,22.401022230446234,14.449467854178435,11.891771457744992,0.00010915297947211053
52.87524100456844,27.590698106148064,10.45306931477839,9.080922869971838,6.870453326095697e-05
53.05803334439124,24.360931272183624,13.520145901063701,9.060797030897685,9.245146374736898e-05
46.660487191556186,30.161455535194605,13.65834211388689,9.519631087837558,8.407152475713547e-05
49.320615962381886,22.874716287132962,14.543553140095916,13.261016015794667,9.859459456748543e-05
56.21697177450658,23.127452405007624,11.46726514787899,9.188225789356288,8.488325052326092e-05
51.90099827737543,22.265761870016092,15.154119413476439,10.679033787075127,8.665205689214446e-05
54.551929977613156,23.797203313491273,11.480195407771184,10.170587117509019,8.418361537455985e-05
49.965988088015806,24.619141522812015,13.051687645279861,12.36309217867166,9.056522064011188e-05
49.60594892156154,27.537296392541748,12.333712728922816,10.522942704521041,9.925245285833624e-05
54.207717485896225,22.32979833975703,13.079317075036862,10.383076875833561,9.022347633170598e-05
53.07092057432412,25.45988113399523,10.361363746747806,11.107754293360307,8.02515725384766e-05
54.80333118456178,22.98965347737395,12.045903662500363,10.161004419393388,0.00010725617052325438
53.128126037752665,22.42885744987155,12.963000498773273,11.479928935122517,8.707847999142105e-05
57.312303233469464,20.115733758670682,12.353368138052218,10.218520559237755,7.431056987300344e-05
55.144216039830255,21.963934993156116,12.866791676342023,10.024962777268097,9.451340350394154e-05
52.35658764431667,23.035853306032553,13.276897556915014,11.330545310644752,0.00011618209102100996
51.588987223858126,24.448713001405228,13.226951408996573,10.735257650205888,9.071553419303143e-05
47.32997165048985,25.707552827915965,13.629566544795876,13.332815424328448,9.355246987594736e-05
56.22507228799596,22.018195281293355,11.954716483876988,9.80192089215035,9.50546833538142e-05
52.32938315897433,21.192277376365386,13.500116394528671,12.978134552805296,8.851732633282507e-05
49.99375670672712,24.661907527753343,13.510721052635025,11.833527267616686,8.744526784534576e-05
51.267363462168916,23.93022494101983,13.730207278448809,11.072119927607702,8.439075474961023e-05
52.69200838884248,20.51470084099208,15.138226332008156,11.654985065930429,7.937222685080225e-05
47.562319152073066,26.95007888332897,14.60617544842158,10.88134072532771,8.579084867408322e-05
58.58537211455952,20.26579388211189,13.071111281476197,8.077623432455361,9.92893970301784e-05
51.468559845022874,27.55775148437215,11.016254457618533,9.957333970941235,0.00010024204520152248
49.56289821995827,21.789336945797118,16.713124463517286,11.934530319165953,0.00011005156136454871
54.372079520512315,24.536032693418452,12.239953865858205,8.851841643441814,9.227676919404558e-05
51.807327822699946,23.425797914221405,15.64434168936741,9.122454934168877,7.763954236733112e-05
52.53095606775019,24.179468469314973,13.933734802163,9.355742758745892,9.790202594345745e-05
52.940168925570184,22.90372067770615,12.4541588622552,11.701862639430741,8.889503770847226e-05
53.45277252003439,20.519786474186176,13.333352744308302,12.693976312619942,0.00011194885120740893
51.51630051803816,22.070750108097265,14.363224889085767,12.049629782458936,9.470231987277578e-05
47.11763738503364,27.81637876329442,14.585516829377196,10.480370373904362,9.664839036716892e-05
55.68867354265525,20.594994853136185,13.218474871245961,10.497784141837702,7.259112489009769e-05
58.00366472594807,18.417350548540163,12.976306301373908,10.602595003412238,8.342072563220757e-05
52.2618801597131,27.061764232167047,12.651368153833435,8.024911356713323,7.609757310226032e-05
50.993074578028676,25.13247559979157,11.72429562943527,12.150056118545153,9.807419931448894e-05
53.27584655266233,23.452800963779396,13.654003996502837,9.617259875432623,8.861162282174492e-05
56.06099834053142,20.407479298149113,12.943475706152565,10.587954488913804,9.216625310443624e-05
48.97999759647323,22.403635006369267,14.931254114172795,13.685007199564966,0.00010608341974042672
57.24543969061408,20.672156547397226,11.046136533403377,11.036188063516319,7.916506899838116e-05
47.19590335496966,24.211971106856854,16.098973087383527,12.493058338565385,9.411222456865746e-05
52.77873838699686,24.15979119709299,12.923491358600872,10.137894165426983,8.489188231291819e-05
52.13211606654162,23.69552070230063,12.632707472085594,11.539558491377406,9.726769475719176e-05
50.191040227502135,24.764812042299432,13.931301365612402,11.11275127433947,9.509024655794301e-05
53.38431706918899,24.275860014795274,13.271862960774769,9.067871590095642,8.836514532823878e-05
47.15171780830042,22.176134658754076,18.894069629302287,11.777968939682216,0.00010896396100406453
53.6941840408361,21.375903152275114,14.834422600700261,10.095405172373233,8.503381527497645e-05
55.01529199901783,22.580959573038065,12.16895582085517,10.234705399340237,8.720774867912443e-05
52.81641991303048,21.768548500628025,16.54110568655657,8.873816696725864,0.00010920305906397876
50.09274392974397,26.158398591107545,12.438419814550647,11.310359199238153,7.846535969171431e-05
52.49814260240097,22.343213156208122,13.621882761795126,11.53666318888195,9.829071383275697e-05
49.12603049821822,25.809733518006528,13.485806566999536,11.578341928555421,8.74882202806725e-05
53.02972879788659,23.504576026163846,12.759365060528241,10.706251365968658,7.87494526888159e-05
52.781688206258146,23.971719237318183,11.398580460898312,11.847912353222089,9.974230324785719e-05
52.89005362024546,21.475037562435308,15.57622846722732,10.058588096190007,9.225390190384715e-05
53.13439211972014,21.7527889553997,12.265095849229029,12.847627428147943,9.564750318077821e-05
57.20359317530493,22.241166719398823,10.096571747206578,10.458587529733986,8.082835568629088e-05
55.06547959566828,24.18703948657657,10.896008806564447,9.851389447632423,8.266355829107094e-05
50.222959179538506,25.920752224089583,13.793418682731273,10.062771458349573,9.845529106192172e-05
47.33608011185174,29.023091067103586,13.910319758662117,9.73039787965516,0.00011118272738763344
54.91365442916559,22.779275577341547,13.612523742951025,8.69446293760017,8.33129416401352e-05
50.56999853915936,20.33513418218279,14.156770617229512,14.937986371774127,0.00011028965419976889
48.2015748432458,26.277846778734144,14.530663759913102,10.989820985228615,9.363287833972029e-05
45.308137598442976,26.842474722507188,15.208298326936657,12.640983471342215,0.00010588077096491155
53.80218467784571,21.83197207213242,12.565068446370997,11.800687278204283,8.752544660251873e-05
46.21022065647985,26.3082385940684,13.573653330515755,13.907785025953839,0.0001023929821597417
56.14967745032293,21.024394442653726,13.656994061767257,9.168848894143304,8.515111277951457e-05
55.95096226547339,20.807119921254024,12.26310892730526,10.978699222364062,0.0001096636032790251
50.90448912375245,18.80569145691554,16.89277500631402,13.396926111583848,0.00011830143415542064
48.3833693300551,25.244972145174714,14.558595746200373,11.812956315380049,0.00010646318975886484
51.238291293496594,21.459553638987586,15.878555099169494,11.423492558532466,0.00010740981386523476
47.889392479623545,28.411923717767134,12.209229268462654,11.489372096863798,8.243728285775299e-05
52.07115333618968,20.085988082866304,16.38296926607802,11.459791134755857,9.818011013091644e-05
50.66547766491302,23.818565412827425,12.113055730250297,13.402807039908149,9.415210113192667e-05
56.15174683548735,21.78943425725733,11.86546439673545,10.193261526117434,9.29844024411561e-05
44.88967235298331,27.45860432992395,14.997733703717495,12.653902389661804,8.72237134129048e-05
54.99216168741526,25.636760597436336,11.009633802157326,8.361344765589866,9.914740119564237e-05
53.25862852777106,21.940569498912854,14.485844328239184,10.314853724354602,0.00010392072228678639
50.99936014655928,29.671934225268327,10.690666175706976,8.6379610877011,7.83647642949038e-05
51.089698997664,22.309089422560962,14.908957822778227,11.692158253787396,9.550320941805681e-05
58.43138492735972,18.775319632438606,13.510301245739603,9.282899069833435,9.512462863758443e-05
55.72633247306087,22.00370441199388,11.274030494275232,10.995844634418889,8.798625113661554e-05
52.794984386561325,27.86671922232956,10.17353345405312,9.164673504132882,8.943292312369987e-05
52.87857060269515,22.279907390446375,13.270971594120798,11.570459516267077,9.089647061964233e-05
49.651548289525735,25.387091223529286,13.244507410714732,11.71677951375381,7.356247644262037e-05
57.45051475709321,19.619299235760767,11.932779306782033,10.99732763190986,7.906845413442234e-05
54.08533447172228,22.000154535887745,11.794010094622813,12.120414719789064,8.617797809880449e-05
56.99631134757467,21.16133082376568,12.368486623215356,9.473803584656872,6.762078742216148e-05
56.12625833374,20.606091335849403,12.285903899825671,10.981653505821845,9.292476307818458e-05
47.461354673046195,27.552344678889217,16.17451099356792,8.81167330111726,0.00011635337940679028
49.31981367812818,23.64440016481196,13.070675962748368,13.965006858553894,0.00010333575759434102
56.127736726138046,19.387637629731802,12.846573638805928,11.637957898148983,9.410717524947604e-05
53.147261274027414,23.373394108052867,12.85450631613536,10.624760770902613,7.753088173952841e-05
54.239668359680216,24.053116559370803,12.191872621088631,9.515265737830234,7.67220301121325e-05
54.412192646355386,21.621935268886354,13.516447456692799,10.449325981948423,9.86461170328664e-05
52.955364749761316,23.242173371782858,11.561307347394806,12.241072754544893,8.177651613022067e-05
52.739742435631676,24.781003080108448,12.761866258726991,9.71729812493785,9.010059503875038e-05
46.17295085499851,26.07059665013044,17.443538580806237,10.31281946074967,9.445331512926751e-05
49.80181992585335,24.995028935357983,14.312956627546244,10.890086999789776,0.00010751145263414067
50.2165066387357,27.340212700100153,12.052046002076917,10.391121481014821,0.00011317807239727222
52.93079878500515,24.54981264745596,12.229528526806472,10.28976991999432,9.012073808152301e-05
54.638442783892884,18.01219843187897,15.049071449053184,12.300179693316345,0.00010764185859808817
52.32207824068611,25.24093257126687,12.315985183093451,10.120913714755934,9.029019763395321e-05
47.59660862567743,26.91655130307982,13.554639293265444,11.9320834998496,0.00011727812770662763
57.42257950253572,21.265214905706628,10.08465832950329,11.227469079597267,7.818265708462334e-05
56.91821324963949,21.959975811797122,12.415699018676438,8.706036858712242,7.506117468922956e-05
52.483965140021816,27.62019714283433,10.534706059196164,9.36104543369195,8.622425574001478e-05
52.520897478757675,27.158024561795862,11.53655961215801,8.784422475822899,9.587146555698628e-05
47.22424726474141,32.71286885002638,10.282343425781695,9.780442900461935,9.755898858473622e-05
55.30686030918239,22.271471785923282,13.539006271788395,8.882582598152274,7.903495365548218e-05
51.62278497463903,21.90054242790915,15.68202693367094,10.794567277102107,7.838667874184367e-05
55.613662026438206,22.001309981061333,12.011659369583864,10.373290287811548,7.83351050408778e-05
51.834362412229275,24.275608933034327,12.523275724021163,11.366663962416677,8.896829855587783e-05
54.66071801293222,21.354181339863903,12.907905131564776,11.077103737629592,9.17780095183802e-05
42.899012823802735,26.644105088813042,17.7184874410608,12.738300703399052,9.394292436283998e-05
57.29287568420832,18.724788830370823,13.493977003304922,10.488243944803003,0.00011453731294782167
53.8800862257905,23.788053618257024,13.168539046454256,9.16323389186726,8.721763094495962e-05
51.92600365350919,25.24561781121582,12.470451681755682,10.357821866184494,0.00010498733481583138
50.46999840730378,25.048911874660607,14.147211867575596,10.333789429741232,8.842071879887468e-05
52.77817412611583,23.13344550533866,13.44495295653525,10.643340651143212,8.67608670576346e-05
55.8741603735339,20.596565084301144,15.510688735015854,8.018498208341702,8.75988074001282e-05
47.25637250256065,27.03123099871118,15.900285202075029,9.812012619116949,9.867753617660457e-05
60.19314575457598,19.993578924160943,11.447418201854163,8.36578037279554,7.674661337832495e-05
50.2139691770249,23.349274746269465,14.285918426808589,12.15073789485159,9.975504544793472e-05
56.32407372180145,23.122877752287053,12.162604875886702,8.390370108274135,7.35417506542844e-05
51.60777658845074,25.44069820616134,12.32098885771073,10.630457356009925,7.899166724388019e-05
55.739490691452446,20.6618705046426,13.110074859659756,10.488465049257014,9.889498819843726e-05
50.188922538259604,27.80128748652893,11.807849967590252,10.201834651107676,0.00010535651353722377
54.9841047243825,21.185428456313144,12.898461496537372,10.931910100903277,9.522186370965039e-05
52.36447978694143,24.906241737686674,11.964947451844681,10.764247835514867,8.318801234820035e-05
51.117959528233804,23.72256388740886,13.303379721462038,11.85600816308046,8.869981482389529e-05
53.96479333789132,23.49082244192599,13.224853457199522,9.319456122034902,7.464094824972375e-05
51.845290657066236,21.240807959586746,14.418422142753498,12.495368177787004,0.0001110628065095801
52.24608433594433,20.822895325127845,14.77841094100949,12.152525188274566,8.42096437661384e-05
54.18948218079941,20.4963646798947,14.627043591887073,10.687010530145052,9.901727375457388e-05
56.08109403160528,22.261965881888063,11.008992016242875,10.647871717759134,7.635250463345312e-05
52.015025247697686,24.383657719974426,14.237502429457615,9.363736703538999,7.789933128884349e-05
60.092434980440565,20.103325548713773,11.235477456951628,8.568673560481063,8.845341297284805e-05
54.51506482639841,22.302526102408613,12.353636438343072,10.828650472736372,0.00012216011353344492
48.982581230910974,27.157642425171673,13.717582785996187,10.142116729890214,7.682803093853787e-05
53.32486353705711,19.926832179938263,15.40755087961353,11.340682123213645,7.128017745750793e-05
56.19982819262147,22.44556343966002,12.852864093871611,8.501652117381411,9.215646548741294e-05
51.091880958109456,21.856734819231107,15.965584124322904,11.085710352900628,8.974543590348975e-05
58.27158064986051,19.912903221676025,13.046419458127998,8.768990709329875,0.00010596100558577887
54.47316907031119,18.089263696571216,16.169373365671095,11.268117109413975,7.675803252799225e-05
47.63395704958588,27.208296197644767,14.10880389285674,11.048867616421028,7.524349159654529e-05
49.678810438853574,24.10732155979727,13.449367044516173,12.764400595192718,0.00010036164026242
55.76206159187518,21.73376836263484,12.272683415070901,10.231400565849738,8.606456935469346e-05
47.483918530397816,28.426964267191217,12.498416662359123,11.590617048743672,8.349130817045254e-05
49.725182474227836,25.596353028243936,14.471551262750776,10.206816072608655,9.716216879016356e-05
55.98745310447537,20.562665364703435,12.996033995326,10.453775063764596,7.247173059465695e-05
51.78000792964501,25.174592497252206,13.5229716855744,9.522351212072978,7.66754554100594e-05
51.23700880360246,25.505947180593925,11.809515970160888,11.447448847165138,7.919847759450387e-05
49.794163830836396,25.560217948992065,12.802805726893682,11.842715105170818,9.738810703267307e-05
54.64254429202936,22.215687049935166,13.830157715667305,9.311539925603837,7.101676435171036e-05
54.48664026000202,22.38577942721625,14.495355241781352,8.6321247045355,0.0001003664648896904
57.276350406934505,22.362330872528464,10.042450993991448,10.318795194644272,7.253190130494234e-05
47.05167057688356,27.44448631905642,14.506920109738584,10.996846663078315,7.633124312082212e-05
50.878884075714026,26.8433493111003,12.359332684667658,9.918353008947497,8.091957051743081e-05
49.41192200367526,27.277813344611758,12.748961666229533,10.561196983026628,0.00010600245683517035
43.073871492350094,30.110804563219183,15.333378278541367,11.481844218079798,0.0001014478095538098
57.69873252440664,20.6286024507697,12.19664289361936,9.475936901262077,8.522994221531354e-05
54.91392544294352,22.35905076506581,13.161631759192263,9.565297796485881,9.423631252729548e-05
58.14788800286445,20.79556231781381,11.552941004640916,9.503529393837969,7.92808428598137e-05
54.37699354951467,22.476839377138624,13.489735028149443,9.656355218372873,7.682682439400814e-05
50.074750872593754,23.648681463299397,14.29103235083658,11.985435726334009,9.958693627613821e-05
52.014765562315176,21.623837674307527,15.06060538425914,11.300708998762817,8.238035532655191e-05
52.508684586878985,26.60535225950047,10.441930216957745,10.443949974839278,8.296182352817809e-05
57.58277079340901,21.007626005534323,11.602105219109761,9.807424908064135,7.307388274897937e-05
50.68015408089828,24.964524964739397,13.585521514618454,10.769710835752818,8.860399104439347e-05
46.74190140602087,27.77792480946167,14.782591387676183,10.697487731768367,9.46650729133456e-05
53.88181342503123,24.95643868990086,11.610669327086146,9.551005884985557,7.267299621525409e-05
53.68639829020739,23.277576764042447,13.661232240915028,9.374719203601899,7.35012332525462e-05
54.52815210320105,23.69486608617771,12.606476641574279,9.170426276304875,7.889274207719687e-05
50.96595934138233,24.19397622420223,14.297320977699199,10.542653730410837,8.972630542021135e-05
51.732008078001456,26.372617019590432,11.46672072932031,10.428567954231593,8.6218856223544e-05
55.214697509717794,21.674438545330673,11.53884114748242,11.5719462113122,7.658615692596692e-05
59.63355605462479,17.645603507317915,12.995500631633124,9.725239185046366,0.00010062137778165786
53.3780353611328,23.68761330908031,12.537628664942368,10.396635187124248,8.74777202531695e-05
50.13438643441663,26.461948945976733,13.697516716725952,9.706059993167733,8.790971294653524e-05
55.845471892395516,21.59797746000298,11.249735643884842,11.306732986615632,8.201710102225669e-05
58.79061599644131,22.76912338050045,12.079476547809872,6.360713138124041,7.093712432927442e-05
55.09148584692273,21.613514377508924,13.095010276536485,10.199906470131372,8.302890050362733e-05
53.38671949115241,24.00714177380115,12.177107646284217,10.42893049273674,0.00010059602550040909
51.57102839159102,25.57944069029505,13.46014099442712,9.389297047968467,9.287571834173944e-05
59.2439049236014,18.08351371193169,12.840636542310719,9.831856102476522,8.871967969376796e-05
50.27941673569634,27.00036135447659,11.312873198400059,11.407257060284318,9.165114268712602e-05
48.02625088536572,26.44179670133337,15.789339442937496,9.742511459755896,0.00010151060753505655
50.78661739810414,23.63673926516709,12.898321363549266,12.678226000207829,9.597297166042014e-05
50.72267636480971,24.395933198459804,12.38130158461471,12.500007399058685,8.145305709704654e-05
55.64880829528591,22.729562436497343,13.063766111653402,8.557789970905558,7.318565776493484e-05
48.35699965126051,27.316306755655628,13.996998830233812,10.329611776437615,8.298641244346207e-05
52.41079689527681,23.71563817030963,14.036976894224692,9.836528589391522,5.945079733579099e-05
58.21059246235326,20.843981666099317,12.332698132952338,8.612644112850132,8.362574495634893e-05
50.73949729508873,26.025839299301545,10.149383793846939,13.085205815429749,7.379633305397051e-05
53.42423959013033,24.380415279042094,12.599164982156255,9.596078054707293,0.00010209396401082025
47.544924168594996,23.121243022413786,16.261983947323515,13.071749709318944,9.915234876163002e-05
55.85564080878561,23.345540836183474,10.624931728021444,10.17379663149978,8.999550968022604e-05
54.07112380959056,17.684433174341805,17.09444594533689,11.149884335433091,0.0001127352976400504
52.287735035896446,22.35698391072957,13.952223330817537,11.402983840448899,7.38821075545753e-05
52.87713279023545,22.878981734303533,13.21630287437002,11.027498649266727,8.395182427133176e-05
57.37366028757281,20.18740911050387,12.213377092693388,10.225477623248256,7.588598167804903e-05
52.234579577994126,23.253837183893502,13.14149861099762,11.370004356737166,8.027037760118326e-05
52.49683755573602,24.600820386012593,11.958413601986566,10.943838453594418,9.00026704140839e-05
49.29250598391645,23.163946485718963,17.789612614588883,9.753832123132797,0.00010279264291212974
50.612296264676125,25.05452668178234,13.159991389538849,11.17309633740904,8.932659362685921e-05
56.402892981749474,22.44614554812084,11.417114367666436,9.733771888427968,7.521403527074272e-05
59.36181047397706,21.566546730041665,10.871168919308252,8.200401944161793,7.193251123433529e-05
50.1134556585029,26.496490172655022,12.492815163018994,10.897139364505588,9.964131746996783e-05
53.54945696603893,21.085490431837343,14.1744522985699,11.190486609926324,0.0001136936274999531
53.08635037138788,22.463991279381805,14.37822921018698,10.071340288005898,8.885103743464523e-05
51.831268296700536,26.854730499139514,11.967351441193156,9.346559259381518,9.050358528287448e-05
54.541812306002136,22.446255638496634,12.064027457550546,10.947805168579372,9.942937132805419e-05
53.24197870182098,23.261109052662942,12.87583142647058,10.620974309218022,0.00010650982747978331
55.548007251885025,21.805199949928873,13.13976653366418,9.506950063703016,7.620081891399665e-05
49.06437029678357,23.491580165124244,15.48618277588705,11.957758367346859,0.00010839485826435898
46.699739863708814,23.38453736308599,17.048539694823976,12.867060735156441,0.0001223432247833916
53.394087595888664,24.79600987661925,12.127280999818817,9.68255414847979,6.737919349564187e-05
51.663855802450186,21.652897114199686,14.481201477937244,12.201956843343883,8.876206901459477e-05
46.825633122329776,26.801945303843173,16.314328798147432,10.05800057973683,9.219594277970052e-05
55.515229034768765,21.04279734232548,12.633603858533327,10.808290700084127,7.906428830932569e-05
56.56798921584024,22.121851800050056,10.902777951690698,10.407301879100807,7.915331820964412e-05
50.08021789290489,26.246283901586438,12.83630127305407,10.837109305458275,8.762699634156545e-05
49.67273662151095,25.20900628425085,14.177771251241388,10.940398025883983,8.781711282990685e-05
55.68902876690346,20.72697038937101,14.305133843608084,9.27879371993562,7.328018180555216e-05
60.282727748014075,20.69157035325323,9.962347972184766,9.063258990422383,9.493612554819059e-05
50.692214245365676,22.823145207979305,15.303913186758002,11.18063566556344,9.169433356262806e-05
50.291139957099965,24.556419008541326,14.780428866646588,10.371902472587271,0.00010969512486890821
54.03498912437864,22.448610418145048,14.211293062911365,9.305022996256463,8.43983084750488e-05
49.228030701895946,24.96816563461185,15.57156269647847,10.232150110809144,9.085620459137826e-05
49.82442298384073,24.652601828187485,13.622246834435508,11.90062807358961,0.00010027994665342169
55.208573698161736,22.692304996294943,12.0134333571114,10.085586720927921,0.00010122750399073658
46.93537175344148,28.20254465231123,11.937490623067307,12.924496601889574,9.636929041238323e-05
49.20913166081162,26.775605345771247,13.366612091403526,10.648542477170217,0.00010842484339943181
54.62692924773669,22.227787425434496,11.632972678696774,11.512235640707399,7.500742463751128e-05
51.812122377698834,24.600427038916852,9.92203133073491,13.665331309742665,8.794290674803743e-05
52.99903753307126,21.866984953537777,13.759580066200519,11.374305880538254,9.156665219014092e-05
51.74726669814992,23.647335868913668,12.258858064703503,12.34644706859332,9.229963958961633e-05
55.074681652168934,22.916934943157823,11.787347151701297,10.220961692273873,7.456069807231978e-05
53.68074711933977,23.29854899186698,14.716961141410687,8.303643016101798,9.973128077057535e-05
53.17288985874477,23.16236557413719,13.292407214904243,10.372253299245259,8.405296854232501e-05
52.252396303932535,22.401129579209,13.206913045704866,12.1394698058004,9.126535319057583e-05
53.29471416642754,22.479053539999054,14.597220303471808,9.628928949033668,8.304106793084551e-05
44.35676664185898,27.39032842281988,15.512045029831794,12.74073628242203,0.00012362306730356306
55.01695185518444,21.176052474648472,13.130889839988905,10.676025483106159,8.034707202889516e-05
54.3750610896375,25.82241947926624,10.51529404170278,9.287141469295667,8.392009781395893e-05
51.242456327262985,24.32389220896559,13.082625726289685,11.350905170436677,0.0001205670450563482
51.20216787996642,24.069360013702298,14.942967367712242,9.785432863339935,7.187527908285223e-05
50.28834582899868,26.169059909318054,12.543106504259974,10.99940074856752,8.700885575836087e-05
54.27479093958751,20.171404344723047,15.096528976995383,10.457192663929098,8.307476496485405e-05
51.968674378966654,22.334442412495083,13.21407980111933,12.482699359902876,0.0001040475160586045
54.15918306789382,21.524128214954843,14.412896421932691,9.903722448797133,6.984642151297851e-05
52.10773407087803,21.6586649562535,15.213525595728184,11.019971301675582,0.0001040754647161713
57.40128997607686,20.041787898231075,13.192652534885823,9.364201201564324,6.838924191817775e-05
59.593198969574615,21.534791544667563,10.518335524708409,8.353600176064765,7.37849846561297e-05
48.95326555614666,26.194950869421262,14.561238163455437,10.290458540632587,8.687034405326565e-05
51.872422489677774,21.354493204597762,15.28618757834384,11.486808353241422,8.83741391980511e-05
56.52792470135894,20.271418646533036,13.755164524635632,9.445416452111022,7.567536135024469e-05
50.83055339348146,25.752029759518447,13.114784752383462,10.302526911791341,0.00010518282530830905
48.05095005792393,29.03779161651657,12.320728823268915,10.590453661949569,7.584034100188816e-05
49.193439563650344,23.96745895433533,14.842118703976128,11.99690823102044,7.454701776959655e-05
54.264612716155845,22.40426751426175,13.452524220078605,9.878507486932193,8.806257160455675e-05
51.45399896344799,28.096305257419115,11.349062691341926,9.100546836628741,8.625116223470794e-05
58.21295178034433,19.914740333907805,12.835430353082453,9.036771862803656,0.00010566986174666003
51.1100779883622,24.676997803378654,13.955300015000184,10.257545988659343,7.820459962831408e-05
57.218511679130245,19.226965358398772,11.582069090123221,11.972368798307466,8.507404028653053e-05
47.41746712241003,25.0092748979415,15.38205260493021,12.19108793909568,0.00011743562258149072
49.31556518907886,26.527165638414473,14.28891582803946,9.868266160181847,8.718428535752992e-05
51.9340163964904,25.583769179937594,11.604857411517914,10.877274472312134,8.253974198084463e-05
56.244747955617356,21.31764907480228,13.356103359104326,9.081429961867256,6.964860877543818e-05
51.45723578988625,24.15611206013333,12.040505127370212,12.346046743519045,0.00010027909117720956
50.75920117812881,26.623863781312807,12.747936147597356,9.86889948788442,9.940507660710437e-05
52.278025213470826,20.55127480737694,16.97455801342526,10.196059093782933,8.287194404200645e-05
50.366509744536124,24.71757594659234,15.381793643459607,9.534028392321039,9.227309087827699e-05
55.58169806947293,22.04682822479147,13.037275745529906,9.33410728316701,9.067703869225738e-05
54.11584578157702,24.445401441761863,12.43635878178455,9.002323064880864,7.09299956949849e-05
52.59053321896118,22.78632868945553,13.207516802718915,11.415546600699,7.468816536696617e-05
57.58882002458536,19.42926917643183,13.09651562356171,9.885317163851632,7.801156945778878e-05
56.56970152225477,22.819621613484028,10.95046375958356,9.660136535956005,7.656872164629216e-05
51.06962748694929,22.78736615549038,13.892216332266733,12.250684178345715,0.00010584694789128212
56.15777124251887,21.146769445741352,11.967320539167178,10.728050931757302,8.784081531979948e-05
50.058937485255065,23.759649448061417,13.916583964351062,12.264708138928572,0.00012096340388295062
49.657637589884935,24.759117254589963,13.669012844761053,11.914121030886491,0.00011127987753784946
52.40197585106016,25.009166852887272,11.52418441302558,11.064554001507785,0.00011888151921808375
48.112769788058145,24.272744906305817,15.478574370288264,12.135810258525156,0.00010067682262913213
50.666138754384974,25.177234725716822,14.6546571256543,9.501887241240683,8.215300320974384e-05
50.26213665182255,26.875105871054668,11.117415404580166,11.745258893184133,8.317935845973287e-05
54.472700436414655,21.42784740981893,11.947281944892675,12.152092971623427,7.723725032310966e-05
50.48662825706746,26.29426830078629,11.848342607357829,11.370662278856122,9.85559323089655e-05
50.94434314405587,24.325019785069163,14.889022699938707,9.841526248572341,8.812236392359049e-05
50.378392381487444,22.711539908006024,15.43829185748334,11.471669164185885,0.00010668883731311131
49.39947362919278,28.042059096397953,12.04141877185826,10.516957051814279,9.145073673955374e-05
53.78184665040596,21.001692031868764,13.09474580761176,12.121628608423784,8.690168972769346e-05
51.938872278748306,23.920757141566032,15.86262797023281,8.277657505916022,8.510353684705302e-05
52.82101586659117,22.63724054730673,12.175486438018986,12.366181675971074,7.547211203194626e-05
52.67610647538563,21.05955212381579,13.263946199692139,13.00031207005716,8.313104928485753e-05
44.3389429551525,25.415388726110738,17.21134725545788,13.034194443582505,0.00012661969638938568
48.927446088733646,27.413059108313725,13.44609739858971,10.213308125873171,8.927848974808464e-05
53.67540467346612,22.99188075405858,13.521476943226766,9.811135534097549,0.00010209515098706785
51.31079403059965,25.14015958150868,14.473266952311006,9.075685798352184,9.363722847233458e-05
48.21520963364907,24.286197024418264,15.960719777108178,11.537767145593262,0.00010641923121935682
50.80035506245033,20.111903371131056,15.000256184813002,14.087378028315612,0.00010735329000139829
52.91017843641853,22.69717736002655,13.59556488364731,10.796988199112025,9.112079558942475e-05
52.034993076859216,23.329615470130697,12.856496206524076,11.778808640364655,8.660612133775842e-05
51.338344730181404,26.45941144832814,11.899711271887679,10.30245357451388,7.89750889079405e-05
53.338711797638396,24.052198260670508,11.070858117735847,11.538155923454305,7.590050094613364e-05
52.45909456353258,19.952915916606223,15.26042209623333,12.327482701705858,8.472192200994061e-05
55.031865088767454,24.52955802646836,9.824431440696449,10.614063619261623,8.182480611811991e-05
46.482723650203305,23.448959828724504,18.113260018983777,11.954952412374558,0.00010408971386889298
41.45553831332769,28.480016404041542,17.12669785101429,12.937623234233925,0.00012419738254952287
50.68638913079111,23.568178188531075,13.797855178906707,11.94748555923344,9.194253767456677e-05
49.52615394455091,24.66491806364981,15.69708624169412,10.111749536504755,9.221360038897769e-05
49.10020568554023,23.84118940225695,17.021937646170134,10.036575728451261,9.153758141649588e-05
47.52422194614619,22.56929578509567,16.31817612262352,13.588193454311817,0.00011269182280316867
46.17889776993059,31.10254027206939,12.585655750972041,10.132815610438094,9.059658990254357e-05
51.70621096329327,24.70102411640372,13.955860826547017,9.636804963990505,9.912976548096023e-05
54.54157115571954,23.400378818984088,13.032819258810417,9.02515347130108,7.729518487143105e-05
56.20747309955196,21.953957461690766,13.225472318042982,8.613006161929242,9.095878505055285e-05
54.76051825833472,20.708930439698726,14.478458770660271,10.052009179792936,8.33515133511586e-05
46.854432941239885,25.26331353887754,15.896511564920404,11.985632452384005,0.00010950257816490442
45.32385275214586,23.910311796396336,18.756236570068506,12.00948841781695,0.00011046357235228529
49.03069467016798,27.645676406897817,12.414705506493599,10.908840628498734,8.278794185203962e-05
53.05947043487008,24.43243520609975,12.524254177857607,9.983773367357108,6.68138154653951e-05
53.11181551313376,23.32330455612957,13.221142442870818,10.343666426915888,7.10609499494399e-05
49.15069783133196,28.77340934589312,13.496700092960435,8.579120930814405,7.179900006428231e-05
53.1385734058238,22.922174851396903,12.43388729025908,11.505280582083955,8.387043627566048e-05
52.255731644209504,26.470431640463122,11.163651273863861,10.110082638291033,0.00010280317248967068
50.223188572014834,22.149071696155623,17.23808688516105,10.389547007280589,0.00010583938789523922
55.219699388624164,20.231104284510312,13.552253556222515,10.996852299700208,9.04709428029227e-05
55.134723695961384,23.336465520714295,9.445665979147314,12.083060679674858,8.412450215623949e-05
43.813096727636406,25.078013966932854,17.082999628481694,14.025773860944838,0.00011581600423199287
47.604428207679476,25.567933819848637,16.269079230194347,10.558466463902082,9.22783754553714e-05
48.947526325422714,24.051486942583075,14.499524119913895,12.501366786910905,9.582516939622536e-05
54.14853069854006,20.264742828460978,15.382657395057864,10.204004069855493,6.500808560443089e-05
46.32478012978179,29.205941743854698,13.116514853907143,11.35264614637013,0.00011712608623270883
51.5619806820958,25.013131906675344,10.933284392248039,12.491524074733292,7.894424751512874e-05
50.70098222401742,25.83823468537996,12.680092919132315,10.780588326127418,0.00010184534287867855
46.84022286246585,25.717498714629965,15.869689595406914,11.57250218460739,8.664288987378515e-05
47.08776995292088,26.528662107172934,16.017854932024953,10.36562063196638,9.237591484295334e-05
50.01487785184865,24.73193273576422,14.34233812794796,10.910753557742499,9.772669665267685e-05
57.49185945984129,20.04634058083218,11.96003285403533,10.50167518511413,9.192017706394222e-05
55.0788593349862,20.254367724476356,13.708710997195993,10.957975877467948,8.606587351312068e-05
56.26094369454994,21.57899736710839,12.78778545012943,9.372187638934818,8.584927743614849e-05
55.531053991018965,23.58223406570715,12.802981840525495,8.083653624643079,7.647810528610469e-05
52.332563718399896,24.830623060397482,13.017366627074884,9.81934880289413,9.779123360218164e-05
55.26116507377977,22.598461063695968,13.134516810040465,9.005770887675977,8.616480781047641e-05
56.51242653079399,19.992198751207585,11.590604384462253,11.904664227724103,0.00010610581204613943
54.37018842867756,20.056909054378178,14.240325867811562,11.332502590241777,7.405889092204115e-05
57.87630124452128,21.43841844941729,12.01494223218132,8.67024482415603,9.324972407173848e-05
51.08563934863252,29.8757593189923,9.572207053705217,9.466318125231803,7.615343815100171e-05
45.49838029505903,27.3466791176681,14.444423381519353,12.710422850274277,9.435547923886685e-05
44.47305768663857,28.40952862167969,14.721104388438272,12.396201511071325,0.00010779217215481578
51.17839969309692,27.57838627053947,10.818385786851813,10.424738097244127,9.015226767195543e-05
45.59424725229765,28.518370221615104,13.32489999259244,12.56239569770941,8.683578540472133e-05
58.42683562397628,21.153740243823528,11.602145995531528,8.817204618660963,7.351800769979998e-05
50.739366765083226,26.048425199780034,12.551119071065456,10.661014376041265,7.45880300164422e-05
54.59309770369016,21.078794613946727,15.368798915321024,8.959225412649314,8.335439279208055e-05
52.61106792561486,20.046240863150768,15.92200288964749,11.420603720604042,8.460098284632074e-05
55.05334862480559,22.142358941451842,12.802768666803763,10.001421576463036,0.00010219047576462725
55.9407171343257,21.48211566546151,11.199416298601687,11.377673174273214,7.772733788744335e-05
51.217591545068096,26.607734136941826,12.530511123397947,9.644054291809056,0.00010890278307703875
48.558769951529,26.423012698842058,14.205345206092915,10.81277544569796,9.669783808048993e-05
54.31599472622297,23.120313145725465,11.670614243968043,10.892991008141136,8.687594240170872e-05
54.59163951074579,22.79557041245057,14.193694228329361,8.419027279789766,6.856868451148577e-05
59.06253524859607,18.93080936672879,13.680444376337352,8.326141603261647,6.940507612928132e-05
52.56528718217377,22.744723386312533,14.774078076080363,9.915809507129438,0.00010184830390736632
50.00608647570603,24.508313997707905,12.693331315853401,12.792164833635539,0.00010337709712622308
55.77980564986477,20.671426519527277,13.555661969871336,9.993030111050865,7.574968575507932e-05
55.433541580496346,23.54638596784346,12.474314251909794,8.545663234176784,9.496557360210621e-05
56.415945267000964,20.646430036788164,12.855073212877427,10.082485120249302,6.636308416927425e-05
49.35707379471653,28.488339462419994,11.49602009207282,10.658481868261191,8.478252948003054e-05
53.627229936588186,22.155917542417317,12.743267093768154,11.473500118931437,8.530829489815942e-05
58.44633061620943,21.55896659354395,10.5759774340495,9.418652196948972,7.315924815405652e-05
48.16991289579849,21.844959605038767,15.924550742338377,14.060477005666353,9.975115802440717e-05
50.50119808095872,22.26844860626557,17.326135753683864,9.904126616321756,9.094277008859302e-05
50.53555059966659,26.742030876984245,12.831348658877427,9.890995091619603,7.477285212026279e-05
50.012762311409766,25.38087352675139,13.70893123636445,10.89733979623392,9.312924048493212e-05
45.8827964164073,27.33927554826609,15.625416485491112,11.152422335500354,8.9214335139572e-05
43.44966146085927,26.207533250183783,17.836037964214075,12.506673528537393,9.379620548617066e-05
52.32529278909324,24.77159947823619,12.490187910293042,10.41284276618587,7.705619166845983e-05
57.02920172507242,21.556840407081612,11.964531628339575,9.449353830195516,7.240931087801737e-05
51.69600118669967,21.74589495786458,14.893291407041035,11.664690257667532,0.00012219072718759556
54.9785072851338,20.74374298928455,13.62911842263883,10.648552904302424,7.83986403798295e-05
48.53237324258965,24.0501021326268,16.45317492356816,10.964257439665674,9.226154969628409e-05
56.14053345546619,19.050699391861464,12.998800716123066,11.809891113871721,7.532267754539575e-05
46.696107222966795,26.88049795477986,16.433703120799763,9.98960683973185,8.48617217189617e-05
52.6487717486662,25.736183430793652,11.378270865836281,10.236689709684283,8.424501958663944e-05
57.51625305463022,19.369831667831647,12.910085112791137,10.203751778964103,7.838578290840206e-05
50.2581610964551,26.55143634553625,13.010460446586638,10.179850977810618,9.113361137846437e-05
50.5914349873508,25.607240073669534,12.966680929366278,10.834527516955546,0.00011649265782888294
56.13100135456119,22.549490526511807,11.598294118170317,9.721126667433884,8.73333227949089e-05
56.19546379677739,19.55596738385645,13.492955148986821,10.755531288539402,8.238183994939488e-05
54.1272901504645,22.807814713794304,13.590020733191041,9.474785761058438,8.864149171252591e-05
52.69395674129049,22.682905569310467,13.564124378169515,11.058941036779894,7.227444965145472e-05
52.49875125850691,21.835578146807304,15.998069729406183,9.667515152453571,8.57128260099574e-05
54.996794352358606,21.905887414530824,12.620707698245862,10.476527742855938,8.279200876439598e-05
56.643481639207835,23.555106671369156,11.288040702598026,8.513286109110675,8.487771430410678e-05
51.43057711839424,22.247212143526816,15.945356515142054,10.376783008881322,7.1214055556481e-05
46.114325365898374,28.50510781192288,14.345962398494116,11.034502799960782,0.00010162372385230457
53.79543644555363,24.06729110806813,12.795355949932762,9.34183537362023,8.112282524604614e-05
50.75380054903439,28.006157470066622,10.430366275384289,10.809592778087689,8.292742700468374e-05
47.976667167167655,28.19695976039533,12.547480961791365,11.278810994017615,8.111662803149172e-05
51.71463752938084,25.59685350228682,10.6017928164375,12.08663357531064,8.257658421092305e-05
57.60093152742295,20.06370895716416,12.322258719379848,10.013020588365757,8.020766728525177e-05
45.92586256855214,28.39686780961772,15.614675185115276,10.062496446223332,9.799049153937901e-05
57.3090061670907,19.801164583408514,12.664932380783272,10.224820015064989,7.68536525304384e-05
56.63069420509438,21.973514028195023,11.395566322997022,10.000142510604132,8.293310945051834e-05
54.48406620196633,22.994416050662217,12.805859524380145,9.715574665945477,8.355704583689512e-05
52.94937395962178,26.71423963751016,11.77203458602781,8.564270974040936,8.084279930587841e-05
54.48326434035871,20.479592145628946,14.725913549919392,10.311136752067327,9.321202563028316e-05
49.704926518385655,28.8996393888366,12.89312092293296,8.50222827042217,8.489942260572007e-05
53.09657504510979,22.881042717676426,13.71303812031462,10.309267926641311,7.619025786746309e-05
54.72697994664764,21.051052799959663,14.746830714764423,9.475067850760999,6.868786726654749e-05
59.11426576511095,21.889339660773942,10.326109105663615,8.670197722576328,8.774587514569545e-05
54.72652976399268,21.98788596167835,14.05009457733428,9.235395194947756,9.450204694407745e-05
46.699801890768455,27.193920660957822,15.388736702505781,10.717420777789874,0.0001199679780670231
55.06108360439468,21.625780351637335,12.749753902762878,10.563306840068945,7.53011361650396e-05
50.60735130318215,23.38569001714802,13.750936311640357,12.255934228743474,8.813928599203691e-05
55.383531428897236,23.965823257882292,11.060786540323047,9.589761743720953,9.70291764754094e-05
52.922015593154406,22.969106903689482,14.127995880131033,9.980783695957415,9.792706767321986e-05
60.7414622416031,19.327228527924746,11.627589655131572,8.303619804413863,9.977092672211669e-05
56.977878594786176,20.82706189599647,12.811538657047262,9.383444641004356,7.621116572679808e-05
55.150479155764046,20.734129252938686,14.35727555483892,9.758043106672751,7.292978559781722e-05
56.51766364767886,19.776721195713552,12.816002934379235,10.889521099413889,9.112281445485866e-05
52.78334908033223,24.978038582165183,10.07556826914765,12.162953696122567,9.037223237620592e-05
49.48856694436706,25.96609702063095,14.276052275867334,10.269189898687506,9.386044714882705e-05
53.45355761102527,20.523255478995583,16.287186535930562,9.735905763503073,9.461054552128491e-05
52.6854666143428,25.13614716850264,12.53583368251718,9.642453583100528,9.895153684473224e-05
53.83159135869643,23.44427416244911,11.705397471844494,11.018652414770617,8.45922393408704e-05
54.33488694061999,23.890322803647855,12.254410143333082,9.520304085329503,7.60270695812716e-05
51.991116843833765,26.85315213187141,11.305990907097769,9.849650649851336,8.946734572158159e-05
50.740757968507125,26.189678483897467,12.878763339020951,10.190726527501345,7.368107313747359e-05
56.83543865883767,23.316674071266263,9.916205071840691,9.931606600787823,7.559726755914247e-05
44.487485188011014,28.168706475078675,15.393192636863006,11.950522091673921,9.360837339432879e-05
57.15833966745534,19.318060073901144,13.267161579203485,10.256364203653865,7.447578616246447e-05
48.875135673909234,26.820166240709852,11.74711949544816,12.557503268570272,7.532136247016954e-05
52.40142650292932,24.574109735315833,11.731816998690276,11.292530304344794,0.0001164587197714984
51.64644837349087,24.94418673410973,12.057880254214217,11.351410979197981,7.36589871872585e-05
47.880915212945986,24.281328089242454,14.579672623394327,13.258011556908158,7.251750906925674e-05
51.117202427360965,28.41715943124606,10.912407858339176,9.553141499092344,8.878396146600347e-05
53.54429387137588,23.22709681485226,12.342934894465433,10.885589736788098,8.468251832618048e-05
56.98126939779955,19.73161009921488,13.436854146053289,9.850194189183197,7.216774909234088e-05
58.99306142596621,18.834062982642124,12.64617167534653,9.526615860470718,8.805557439554534e-05
43.596138808025344,29.731073358461934,15.177121302345714,11.495562197091793,0.00010433407520917996
56.202799595315824,21.537387255813226,11.854653723562535,10.405054844747003,0.00010458056142172583
59.77333097088875,17.87458692186399,12.52890188314846,9.823089074550124,9.114954866679798e-05
57.40289649327145,21.02837436437976,11.18336932254677,10.38526940070891,9.041909311920155e-05
52.54369626216746,23.20195381657934,13.160401670003852,11.093855162132336,9.308911699346811e-05
52.9400514468677,22.93694730574017,12.301479627162813,11.821445343551312,7.627667800703829e-05
53.78678577723343,20.690030895946887,14.142458201334552,11.380653528177632,7.159730749933917e-05
52.65205618278795,20.83650870151692,15.169558941691804,11.34176063378912,0.00011554021420158658
50.38626430035187,24.548229142598583,13.368984024924071,11.696451434197144,7.109792832376923e-05
53.96361583184156,19.760193861038967,16.209586716738176,10.06652643275144,7.715762984319678e-05
47.57215557797928,20.902336784893674,19.27914172761622,12.246283495911976,8.24135988324359e-05
56.76019565240893,19.671363964423488,12.811319007865713,10.757017586374296,0.00010378892757397624
57.65955675373826,20.401638976664977,13.138763439871184,8.799942269007923,9.856071765609447e-05
56.44090458109105,24.006660651253334,12.344769853031933,7.207596044323177,6.887030051126742e-05
53.432023910204265,22.733201952313408,12.197480706663415,11.637202152546765,9.127827215271508e-05
52.38857013990849,20.951553355120137,15.065065242853915,11.59471178304182,9.94790756315956e-05
52.83094758386384,22.603339544926143,14.35071963895285,10.214910333694913,8.289856226326098e-05
48.92288237306674,26.090567340370868,13.397353722478684,11.589104940706443,9.162337725102371e-05
54.55656725808886,24.244919090905785,12.878427608659104,8.320005789280044,8.025306623198666e-05
54.91198717312626,21.458680331630624,12.431492080832182,11.197754052426584,8.636198433356105e-05
53.5057166008777,22.20297331645988,14.461201893415534,9.829998840440682,0.00010934880620915809
52.86560997187654,22.111261379502366,14.230294065113458,10.79275836961957,7.621388806972077e-05
55.129129490925024,22.09891194609528,12.060227943289355,10.71165052902712,8.009066323220304e-05
49.23118295061066,23.57169243878196,15.481323578594855,11.715714843307024,8.618870551124335e-05
51.4505338194178,24.676062984788427,13.273363059053015,10.599950058944518,9.007779625891163e-05
57.27197732729871,18.84864985249491,13.04636054534345,10.832923178767595,8.90960953409637e-05
56.17955739638708,22.8988045525077,10.664453179568898,10.25710274076795,8.213076838851926e-05
50.655911986535784,25.46677061927728,13.486675813868413,10.390536364803848,0.00010521551467725298
50.96000207719913,24.6854546538757,15.105291498616907,9.249161938868202,8.983144005855562e-05
49.16113094114705,24.063704773035482,14.212110145123704,12.562958931170867,9.520952287531949e-05
52.937528443862945,22.56985364025995,14.564972909604618,9.927542242699252,0.00010276357322640783
57.4946336747198,20.767248248046847,11.38663258329016,10.351410885360691,7.460858250864466e-05
57.024784946946994,17.483652112912676,14.387298372386608,11.104169010285108,9.555746860307076e-05
51.86416719763775,21.92191325225375,14.634964994797173,11.578865730777622,8.882453370767868e-05
50.359408685471344,23.497219080327028,15.063404793511934,11.079898048824418,6.939186528413572e-05
54.60683988801005,25.52350395649795,10.153911109914944,9.71568099349227,6.40520847978001e-05
57.3266759274927,24.200309246275275,10.095254847081552,8.37767753073634,8.24484141372218e-05
48.27801456435568,30.3029415013609,11.65469945256835,9.76422809528624,0.00011638642880570953
59.95342085274942,19.880779714915857,10.323839835688005,9.841878096348477,8.150029824542456e-05
60.25287727377634,20.345510736423556,11.26649209260619,8.135037923764813,8.197342909183656e-05
48.77799473556227,24.17523656963655,15.032237995688169,12.014424770619076,0.00010592849394244407
59.793946134931396,16.854284347070656,12.974813027292386,10.376865322027868,9.116867771393343e-05
53.613848721363546,20.5768279243367,14.280855326517939,11.528392584628495,7.544315331227213e-05
55.051575243047836,19.01730481165911,14.675495662941392,11.255514676121315,0.0001096062303683291
50.12440994472671,26.733910375608744,13.56611873476677,9.575479261438982,8.168345880992022e-05
54.28968899523478,22.523542487742137,11.274985317882281,11.911693590763106,8.960837768542734e-05
49.16961727915183,26.262831606890614,12.28967261290804,12.277795131664604,8.336938489913941e-05
61.66442328906907,18.064618080118816,12.28408840824977,7.98679482244787,7.54001144559361e-05
48.84838807912915,24.738331872548834,17.391885977874846,9.021300536488532,9.353395864050064e-05
52.28728474786729,24.920411676556235,12.136398031973313,10.655801770561359,0.00010377304181978999
51.83832915166789,23.400200368378595,14.192214997391742,10.569185806784684,6.967577709366642e-05
45.90251978128575,26.763169589325063,17.215504594798965,10.118701254182412,0.00010478040782187906
52.74570443122799,20.438442843434892,15.227520886958695,11.588232542642512,9.929573590658639e-05
55.59138560565461,21.83023823129308,11.973557034004282,10.60473760056954,8.152847847998478e-05
52.49957769665634,24.845817433978574,12.84237107676158,9.812150039540464,8.375306305978635e-05
53.06806962337388,21.92610870458411,14.715955501011743,10.2897674700604,9.870096986412808e-05
53.11382018447134,21.65087396815547,13.274416402521668,11.96079177375244,9.767109906732535e-05
53.21151863337238,22.871971702786055,14.126788027092745,9.78961690045862,0.00010473629020433887
55.438371739996676,22.03886179825073,13.495717847012223,9.026978743565227,6.987117514547722e-05
54.76649339225952,21.13795346348875,13.284662775688455,10.810816510060429,7.385850284636566e-05
53.367083091467606,22.60598637732824,14.004219648722405,10.022622698301907,8.818417984314428e-05
58.5154695845979,18.97000145899152,13.708221964145562,8.806223426728424,8.356553657780723e-05
50.64702416466498,25.66254061523136,11.70637801992722,11.983973486611342,8.371356510561419e-05
57.47165784513574,21.98667866883331,10.588244480004223,9.953338317320966,8.068870576803364e-05
56.65420060378884,21.339209963691495,13.294826926702545,8.71168086315484,8.164266228591399e-05
47.98440806230078,27.14355504839033,15.31694293394607,9.555011452089762,8.25032730637419e-05
45.62640080486032,27.83247285184004,13.179785722579387,13.361248318748887,9.230197136563748e-05
57.6047389257468,23.176725784401373,11.06913701608714,8.149328744816522,6.952894816569612e-05
51.8726573269873,23.712011517603706,13.369924110798289,11.045323965027256,8.30795834595771e-05
53.967606913918644,22.131284113315527,12.64916516045959,11.251863500679669,8.031162655623528e-05
57.189615951006346,20.33657274041754,13.481750379555487,8.991960965964516,9.996305610883789e-05
44.17817802236729,28.849065753262433,15.334825301458647,11.637848457007017,8.246590461047022e-05
51.77952491183368,22.544665146841194,15.113938284350828,10.56178343112633,8.822584796199557e-05
50.777991447150214,26.283787465679058,12.054696310036379,10.883437859998727,8.69171356157788e-05
55.98872441190158,21.10023062781744,10.911044044651282,11.9999211952803,7.972034939910785e-05
55.04589775391082,22.921042975118603,11.26585132845747,10.767137593940275,7.034857283375292e-05
51.35916647115823,24.200240825953504,14.423255107764579,10.017226318437991,0.00011127668568367864
45.91013951040235,25.824562814657163,17.600246283587506,10.664952927908764,9.846344422527467e-05
52.20313813507206,22.233759779299834,13.795001460447573,11.768016583630283,8.40415502393729e-05
54.11518871985862,26.059378924862344,10.693886994328347,9.131448881459923,9.647949075782803e-05
45.92654088953116,26.524040367664416,15.007157218918632,12.542162258119582,9.926576621012217e-05
50.72110009210925,25.44294351322023,14.464824743066472,9.371042296135155,8.935546890391311e-05
47.639684960957155,26.737609628590047,14.854642474479279,10.767972655807172,9.028016633992306e-05
53.292492219457344,23.25309564337175,13.082245693189748,10.372069305362627,9.71386185202903e-05
48.15816951445688,29.015510110108927,13.453845316510412,9.37237198387003,0.0001030750537640725
50.059982242433406,24.64445570259072,13.028425973820914,12.267048570046152,8.751110879685137e-05
50.12574301519934,23.700029024103408,12.896272063503242,13.277866716113026,8.918108097531517e-05
52.360805114783474,24.419746820944685,13.883762649092349,9.335598768663685,8.66465157995068e-05
54.12706201122679,20.44661036877263,13.31814310347785,12.108095718301879,8.879822085093877e-05
54.26864292497401,23.08805004054538,12.62801172478247,10.015214153481425,8.115621673838629e-05
47.473027207368844,26.29891731983605,14.874857649017938,11.353078279661572,0.00011954411559306392
53.33508764368096,25.770199493219536,10.969053139449608,9.925579497000733,8.022664916590178e-05
49.7390348002455,22.035851283426126,15.824357473605005,12.400657347388355,9.909533502011657e-05
50.76501112882126,25.30496855330685,12.33016949471761,11.599747188366852,0.00010363478742865215
52.08662002321408,22.668735539703125,14.80669290237628,10.43788141370012,7.012100639347206e-05
51.03573860037669,25.564917162265115,13.464568631168722,9.934694556928743,8.104926072423078e-05
48.61090711171458,26.93107151323822,12.360223637362099,12.097689811214805,0.00010792647029966538
55.17601114453301,21.743214902123174,12.138439533842375,10.94224571709719,8.870240425510334e-05
51.768682509326084,24.495215892050354,12.366938734626764,11.369058405803,0.00010445819380963843
55.168000400169724,23.363911854674882,11.560772045951463,9.907223524073482,9.217513045540417e-05
53.66782876099775,21.712540100796392,13.340837594599334,11.278704531922463,8.901168407373702e-05
44.69460092889737,30.068571974759234,15.79250170692493,9.44424011071969,8.527869877256063e-05
46.47591574278344,27.544371761506785,15.831434711744546,10.14818340307388,9.438089136981677e-05
55.943506242496625,20.43343743621012,12.279866454206969,11.34309317878953,9.668829675704225e-05
46.780812246962114,29.54358542632647,12.50224242188903,11.17326476074571,9.514407669498761e-05
52.91413112722027,25.681503893327935,12.735553535791572,8.668717424109683,9.401955053131515e-05
48.98198680700119,23.715822259849173,16.15057732298256,11.151517515279115,9.609488794717504e-05
53.94647515804506,24.345135912581195,10.951155814603204,10.757149785261003,8.332950953533225e-05
49.79800554208815,25.304946679888594,13.707386965490803,11.18955225414509,0.00010855838735697314
48.85178717508486,25.666976807172144,12.957321542350043,12.523829392513058,8.508287987541445e-05
51.135050588960496,22.970135959443446,15.57745317549972,10.317267615143114,9.266095321618694e-05
52.51237089971114,23.52863603352519,13.669307866952938,10.289585941607472,9.925820327625044e-05
51.171964945830354,22.96182117389687,12.401022976942365,13.465113920074023,7.69832564009e-05
50.89320793500488,26.590372899019282,13.680566124487518,8.835778067390262,7.497409805927239e-05
45.010120316539776,28.263254624783606,13.967412979022054,12.759131038363394,8.104129116394293e-05
51.19095411026191,25.444266872474458,13.139384282369681,10.225314521616479,8.021327747539258e-05
53.782536219283614,21.133381090779974,14.116635391594187,10.96735061716758,9.668117464807357e-05
51.28618011855116,24.232182078428053,12.98920771183863,11.492344170944877,8.592023728526043e-05
47.20694564332877,25.455353510265756,15.967597793509707,11.370022165550493,8.088734526086008e-05
52.49367343530553,23.744536860263718,14.15058104652784,9.611118955292154,8.970261073066477e-05
58.2206274493339,23.608974719819244,9.445517312500455,8.724812574028412,6.794431797761703e-05
54.77429883270558,20.760537203772767,13.95872354781234,10.50635776524242,8.265046689577741e-05
51.00144398733423,24.96598979413123,14.316249418664079,9.716235048640298,8.175123014342694e-05
52.349733424749566,23.08966591065465,14.601789818094622,9.958707749308372,0.00010309719278036272
52.64979206765793,22.494213943287907,13.413258239064895,11.442628826352662,0.00010692363661183579
53.78588771857882,22.440924033699176,12.91497477349863,10.858116917620245,9.655660313019599e-05
51.993445165251515,23.92521514941992,14.70414676713639,9.377067048282155,0.00012586991002624552
55.05007256841402,24.003276226085887,11.889816390946258,9.056748563687588,8.625086624089181e-05
55.86850208856622,24.08862828266412,10.79264070790902,9.250139038379308,8.988248133881842e-05
55.49116747299831,22.80594227347458,12.296675027324385,9.40608891392875,0.00012631227397062134
54.32777052246978,19.769793944676497,14.168296234996584,11.734045045041308,9.425281582676212e-05
48.972197410472,23.499206485779997,15.50979301761251,12.018675967504088,0.00012711863138464103
46.33007007556258,29.806944763734755,12.188373827974045,11.67450940709507,0.00010192563355587902
52.693165246849816,21.767163710220537,15.594189247428522,9.945387366229571,9.442927155869513e-05
56.4806333159399,22.20935075903092,10.912319305228433,10.397621580375352,7.503942538606235e-05
52.6491556427383,23.861385364057895,13.321544763582938,10.167827242305076,8.69873157902284e-05
49.26753477347377,22.16799647458091,15.94978555723851,12.614588754847725,9.443985907556358e-05
54.30282171698346,22.97534279599478,13.437160720124162,9.28458281242091,9.195447667927326e-05
53.94347999796864,24.738374744636392,10.511045227888705,10.80699146864248,0.00010856086379288338
45.259505538628844,26.062548316926197,16.59119712178681,12.086635375803901,0.00011364685424772883
53.861955469626984,26.329967117592844,11.259708401172755,8.548282278881263,8.673272615526019e-05
52.02000522160621,22.581687912027277,14.53849028554766,10.859723204023675,9.337679516879483e-05
52.70098587034576,20.479941127609795,13.29638974094833,13.52258939351284,9.38675832731532e-05
50.29292444129593,23.412139595157296,16.44966263644433,9.845166876561127,0.00010645054133277387
53.87728942482764,21.71322729551122,13.387927996170298,11.021458382625282,9.69008655712468e-05
52.51542941317834,23.894398588716324,14.378197556609576,9.211881452005654,9.298949012203756e-05
45.922600009432394,26.89161202430652,16.357401035118695,10.828288230002165,9.870114022799271e-05
52.37141794813617,21.981697951931142,15.724129749820712,9.922653051396182,0.00010129871580074298
55.40435107087417,22.205954169372106,11.57313709506878,10.816484988798889,7.267588604582347e-05
55.141576993476335,24.610590379457005,11.625219803401427,8.622533446681144,7.937698411850459e-05
51.987899568259756,21.091451244281807,16.585067155405543,10.335490097138113,9.193491478759537e-05
55.08191653518022,21.204957170309054,14.333606004261867,9.37942584077546,9.444947339383722e-05
55.139439915713325,24.174926369056386,11.181473853229338,9.50409176326863,6.809873230925121e-05
54.59609235144214,24.66844324839774,9.87395907829816,10.861401680461501,0.0001036414004655293
55.38860959340286,25.032237998523694,10.047820819062583,9.531248232125456,8.335688541365156e-05
54.89903508900783,21.71495701375002,12.55792202065185,10.827976850644829,0.00010902594547074932
44.82688943599016,29.238647319481505,12.983960339230743,12.950393722775802,0.00010918252177276462
48.33916045657575,24.48063158902504,16.255868778142432,10.924235176135323,0.00010400012146351962
52.536565441291785,24.82914799738765,11.968962518604162,10.665241630372185,8.241234422322681e-05
52.92062307208,23.049853331828405,13.580267798377532,10.449172756902442,8.304081162195418e-05
48.17324991563689,28.56251238124548,12.916474648209459,10.34765200983445,0.00011104507371319406
55.189759690809396,21.28332575252524,14.113575634639137,9.41324314509607,9.577693015395516e-05
50.275302826255576,23.86896926312028,12.535130903071934,13.320507888929246,8.911862296738817e-05
56.73798381184184,21.5245432185719,12.680511173446817,9.056873431179852,8.83649595911618e-05
46.89691450580732,28.473652521524873,14.368205932331216,10.261131219931649,9.582040494358294e-05
49.35821699083498,29.80476315022595,11.749228770443223,9.087689534614611,0.00010155388122895014
52.84159149589651,24.35819204375515,12.702407677579266,10.097727848003245,8.093476582029919e-05
48.905467535244,25.108434499742096,15.63388281529824,10.352111257454158,0.0001038922615049165
53.40315544933654,25.46344101427067,10.537058952008403,10.596254177921969,9.040646241766841e-05
46.898264726073805,23.227404662425318,16.552472873502463,13.321741968519385,0.00011576947902383939
54.490400796955676,22.72007538512284,12.684812547374271,10.10463070567394,8.05648732679911e-05
53.29476851969489,24.161274833660695,12.185650888338705,10.358228976025787,7.678227991099974e-05
50.53493760517216,24.68174448349685,13.410418980295397,11.372810882951187,8.804808440850111e-05
47.04959760897867,26.01037989853314,15.549704756689392,11.390227834117157,8.99016816386668e-05
48.95264449326826,22.410145877640478,15.519882605329979,13.117235192890975,9.183087031860964e-05
54.12816226400592,21.122148212448,14.529743573192668,10.219857942375853,8.800797757011237e-05
47.88124996083628,26.975780698409636,14.186574258009513,10.956304738578286,9.034416630630713e-05
59.0218310076286,21.404369248679465,9.696810361082523,9.876904973953478,8.440865592908861e-05
47.67094936619047,24.61582794506965,15.721470910242566,11.991659896370866,9.188212645655343e-05
59.60643631367455,19.232381969309863,11.477581018107605,9.683527224000974,7.347490702693783e-05
50.97041643629125,27.267721114578446,12.379403702437571,9.382371311163004,8.743552974140411e-05
50.00528367307503,24.5029595060697,14.458850672961995,11.03282299609777,8.315179551149215e-05
52.882299427588855,22.568849896771198,13.249542993563693,11.299205578258704,0.00010210381754428574
54.597797511846025,22.11586532205644,12.737579995564019,10.548654635013273,0.00010253552025030008
53.39320667034026,22.85956641781625,14.44225051400147,9.304887225510791,8.917233121617685e-05
55.765557615467124,23.810608007155366,12.07449949151146,8.34924974241047,8.514345559407831e-05
54.560898305953586,20.986327512028698,14.745892379586396,9.706762388154141,0.00011941427717544426
54.72926184734304,22.891587698795895,12.875802458013894,9.503264803572698,8.319227447668023e-05
53.79703668333925,21.621958908378165,14.2762705560086,10.304655514922928,7.833735107065007e-05
51.99267569988641,24.98311282154264,12.044503746032989,10.979626971121943,8.076141602235721e-05
51.72334649000992,24.466783137218325,13.57590673659457,10.23388203470342,8.160147376521511e-05
43.793187329904,28.60898720596842,14.721061192492686,12.876662451758984,0.00010181987592765415
53.07867200047419,20.224697748366573,15.43781666679212,11.258725782968408,8.78013987089585e-05
48.640498909414724,24.74637768922191,15.481861251294882,11.131167929053428,9.422101505167283e-05
54.40017809758167,20.13631187799217,14.402051938709906,11.0613645420594,9.354365683315585e-05
50.973414424998985,22.538637621471132,14.522536308101653,11.965315092519862,9.655290836750535e-05
59.494675038408374,19.048479347952423,13.076786001278462,8.379988355526097,7.125683465074495e-05
52.14594136968429,25.831024857101788,11.74818952024186,10.274766594046227,7.765892586532541e-05
58.86751801169166,19.520543663422064,12.883191702184781,8.728671709135705,7.491356579307097e-05
58.51905515154734,18.888275115066953,10.450490185981415,12.142080451360943,9.90960433567819e-05
55.19538710299295,20.2943210831986,13.411103181811871,11.099115728167366,7.290382920931902e-05
50.178950041146486,25.974618414513902,14.942272500195969,8.904044758680982,0.0001142854626694468
53.28677063054611,24.399807947765662,11.145057193662256,11.168273935322414,9.029270356523154e-05
50.56686663085823,22.549425844055314,17.083100325081414,9.800514371925484,9.282807954813021e-05
55.38135926190605,23.252992000812668,11.827875883540932,9.537693052814038,7.980092632272347e-05
47.603536661070436,23.777788077652705,16.64960306926976,11.968968584139954,0.00010360786713018943
48.554457343086554,27.63992531528076,12.271610383190582,11.533911925304864,9.503313724229089e-05
51.05627648906973,26.680928230262552,11.765416361065547,10.497279225188834,9.969441333476668e-05
53.33356195994197,20.888297382319035,13.817354999231208,11.960678751891193,0.00010690661659399478
56.03976512376615,18.69318535535891,14.459107584991576,10.807844839109555,9.709677379856531e-05
53.37632899189857,22.028214092263795,12.725115233286177,11.870264300175833,7.738237561484641e-05
50.68723313351274,25.411395045182484,15.095811507088843,8.805475705886485,8.460832945668748e-05
51.00463903820652,23.886185077692474,13.524697370009866,11.58437136647298,0.00010714761815553702
52.12048141740251,24.419150317453774,13.954763522637181,9.505492777327055,0.00011196517949902182
47.57993073192585,23.687880408675834,17.471093306948013,11.26100123957482,9.431287548966553e-05
50.27111009268055,26.449790913147325,12.01202497841742,11.266970726908738,0.00010328884597157538
50.60956725399775,24.73364230141915,13.644003178752412,11.012701812824867,8.5453005817759e-05
53.42689658569009,22.40400529081332,13.259339461988187,10.909662547233948,9.611427445117684e-05
53.965531224089005,23.59995388232625,12.257755611822455,10.176668623817314,9.06579449668503e-05
51.59200622969911,20.260993459961234,14.578230998925479,13.568671942196927,9.736921722798198e-05
55.47666648695378,20.962544211828412,12.794868085075745,10.765814555743326,0.00010666039874783632
50.65978640426507,22.969184661903025,13.651586743674477,12.719351625333578,9.056482384949331e-05
53.61366123244105,23.53629428979986,13.016002543016636,9.833953276441155,8.865830129747286e-05
54.92698690593563,23.54677769273444,11.730784126942861,9.795365132193774,8.614219332316801e-05
59.78156998810389,20.6878010002937,11.235916915399866,8.294629006636015,8.308956652236434e-05
49.55118742370869,24.101029382253305,14.77866208515784,11.569026501182254,9.460769790818343e-05
55.411005190320765,23.648841204834095,12.663717040626658,8.276350968491423,8.559572705806819e-05
56.60769794165882,19.434265676483726,13.083747434326787,10.874216459881838,7.248764884920817e-05
52.72597743884512,24.508696678732004,13.997377178663934,8.767847186303433,0.00010151745550439233
48.958816368656386,27.57464986259091,12.179023007136498,11.287415843009093,9.491860710308673e-05
53.30686351208549,19.810620890068325,14.405530568667432,12.476892563260115,9.246591863255544e-05
50.1873866329602,27.427916204983067,12.293225112873966,10.09136038985189,0.000111659330892072
52.89843148566204,26.44594646468425,11.58901794764921,9.066501943260054,0.00010215874446223567
51.048060907125695,21.111145463207002,15.965238763239537,11.875467795711879,8.707071588385903e-05
47.77821058914123,25.517895253316787,15.245835880455939,11.4579731678752,8.510921083638734e-05
47.79646836459079,27.84579221692741,11.848321424117467,12.509313077498001,0.00010491686633273521
55.475384496120625,20.590948826240442,13.09452498856174,10.839038490753964,0.00010319832321501072
47.315762896785316,30.63392006278174,12.361943828297838,9.688288117013332,8.509512178819975e-05
53.57412351280545,19.033093450592062,13.986258957707742,13.406417434690548,0.00010664420418911983
50.695976883275776,25.77319457149505,14.045795886874831,9.48494873826849,8.392008586555444e-05
55.64838884603782,22.880924021645605,12.72640694789628,8.744215860029554,6.43243907472444e-05
56.45078849726028,18.798657600146107,13.407088161786627,11.343366663389649,9.907741733969484e-05
56.10683904207837,20.590815734811436,11.885453327868136,11.41681268615596,7.920908611504497e-05
49.62239828506277,23.682319121922603,14.575524069022869,12.11966232080409,9.620318768302171e-05
48.022227772682605,25.432355900474214,14.72474292080663,11.820570864801283,0.00010254123527817652
55.6540619522372,24.148655588470174,11.284710499973016,8.912486329211974,8.563010763032107e-05
47.21590220564714,27.052282682637458,14.346195025860386,11.38553402215447,8.60637005643195e-05
52.80734201896592,24.54291991684459,11.75742741386498,10.89221130490673,9.934541780508924e-05
55.21553158169211,21.67066453625934,13.120686134975884,9.993029174523068,8.857254959457935e-05
51.05954921996637,21.003407695856737,15.422535870574293,12.514421633442277,8.558016033192364e-05
51.37142073625234,19.48038597672212,15.122101216091682,14.026007591556109,8.447937774868085e-05
51.706806580685814,22.888621083088033,15.410038475223518,9.994436666168607,9.719483403036287e-05
57.21751012699039,22.66234454652921,10.689472472019686,9.430612780809836,6.007365089133668e-05
49.40899585192961,28.52157952129067,11.986531847160977,10.082815768754063,7.701086468789827e-05
55.03572349967645,19.374927365890034,15.531243598147192,10.05799843955635,0.00010709672998848771
45.73712702208556,29.70561969604324,15.100077526824904,9.457083177356703,9.257768958955234e-05
49.89971336129898,26.42726514579403,13.074444235255575,10.598486302545165,9.095510622452145e-05
51.342225784966836,23.048834832859853,14.240208278509956,11.3686424770679,8.862659545909839e-05
50.87358470920679,23.97261970126121,13.87653311914063,11.277188933734125,7.353665723227383e-05
48.418705356151456,23.23615509232147,16.794581401643214,11.55045167512815,0.00010647475571037505
54.39396781745393,24.22465804170164,11.573608388450142,9.807630550355311,0.00013520203898496772
48.21292339200964,24.015674293814122,15.996807889606156,11.774500020568945,9.440400112334583e-05
52.33078222247842,27.181483597900524,12.777865480609552,7.7097905844295544,7.811458193918216e-05
55.65013917635944,21.98773529110168,12.14918431952486,10.212842001446862,9.921156716678973e-05
49.61209424324948,26.73384470053976,14.265604949586615,9.388331862419133,0.0001242442050012888
54.991130757489955,20.980330331846105,12.979012886580458,11.049435240229027,9.078385447520923e-05
59.110386025187225,18.723755637145313,11.87399908717449,10.29178709385822,7.215663475982144e-05
53.93531547229766,23.77956130374275,13.581768873348024,8.703278209094767,7.614151678956062e-05
55.20955615648753,21.362565669916698,13.094824934901208,10.33296487730836,8.836138619452007e-05
56.74029131153646,20.43747489086926,12.43229340740182,10.389865056845808,7.533334666464845e-05
49.182964244961944,21.609353777000713,18.495611070430574,10.711988373199317,8.25344074441428e-05
56.93672228038007,21.12632175441568,13.494656595272051,8.442224743443488,7.462648873339654e-05
48.67990713078554,27.772562979972836,12.170930188086352,11.376507254791797,9.244636347926244e-05
50.10154678649719,27.39806001610516,12.150113566659469,10.350191384812772,8.824592541659124e-05
53.92706948445258,23.003319121778922,12.602526722337645,10.466992082833412,9.258859744974708e-05
51.247161103712834,22.105809193073757,16.55649253335302,10.090448908669847,8.82611905585716e-05
54.145130717250865,23.312239679610975,12.844068076784723,9.698481292257592,8.023409584162403e-05
56.34513492150134,18.84950532818581,13.363469570395688,11.441817330042726,7.284987445625833e-05
52.273161460364335,23.55821460027402,12.326943992894575,11.841595300864718,8.464560235148141e-05
53.403625562225564,23.579810680868295,14.181674211122717,8.83479078123925,9.876454417819401e-05
55.83186397199519,22.40237428325916,12.794463498627914,8.971211597623153,8.664849458139616e-05
58.22255596430518,19.20306812981866,12.1778671432455,10.396438947831728,6.981479894726736e-05
50.18831394422979,22.522691038328478,16.43872114559587,10.850148159924938,0.00012571192091584332
50.540679326581895,26.601642396579656,11.644787483454316,11.212791519648428,9.92737356947069e-05
45.621075659464914,29.198962868086465,14.675453202253763,10.504423589081867,8.468111299086739e-05
53.268999261932734,22.298254439826458,13.646471069622795,10.786176046548132,9.918206989288357e-05
50.98013867333165,27.66599365039954,10.998384188800644,10.355407877744398,7.560972376149289e-05
48.58233479948632,27.333479591751015,13.525474834931984,10.558629598539536,8.117529114229984e-05
51.773858509055124,21.64120771076198,14.558685970451846,12.026154705406636,9.310432440235282e-05
55.35972044529455,21.868244776727966,12.156448570850612,10.615504208661406,8.199846547106434e-05
47.03775185195646,31.113883681532872,12.550757748644504,9.297507656696586,9.906116959161757e-05
55.765938813530816,17.79280739026464,15.088982437459396,11.352177977478613,9.338126653955623e-05
51.45868432407422,27.129515897087646,11.007715282312116,10.404004036382453,8.046014353390248e-05
59.84166694183267,20.29842430806991,10.285855985907322,9.573954644457663,9.811973243318068e-05
50.60855255453589,24.381077125338553,15.495155658962071,9.515113187809106,0.0001014733543786204
55.69158544721774,20.024630429152605,13.713154802428287,10.570538829602281,9.049159908005459e-05
48.19720324222683,28.021865923134087,13.420006917667335,10.360818307702063,0.0001056092697032462
59.208590362221834,19.588575982271447,13.931789284114055,7.270963213096499,8.115829615687155e-05
51.80951195496729,23.293482806755566,13.967556819117599,10.929324225119288,0.00012419404026184022
51.99314048735055,24.917318529760575,13.192289773062097,9.897177517152597,7.369267419028346e-05
52.44938554587145,25.456682181564616,11.800674681925615,10.293168293533608,8.92971047278193e-05
47.91075425062055,22.766337077347227,15.777701646027747,13.545094829152593,0.00011219685188938248
55.04991769819627,22.998581502685024,12.802987950931064,9.148406156210404,0.00010669197723941935
51.694671331212525,25.89426308564458,11.800584630692331,10.610399037497743,8.19149528123256e-05
50.15215594850717,25.40638206088949,13.287692920005473,11.153678357863086,9.071273476864749e-05
48.27472032102153,24.769753920256907,16.577541556624226,10.377897689901419,8.651219592138948e-05
52.765485588150504,23.558984181477637,14.350136724084885,9.325305457171645,8.804911534558514e-05
49.90509407473419,25.56354977755053,13.568625573351062,10.962629620710427,0.00010095365378405025
56.43744797838751,19.4187689621541,12.930512089937968,11.213191455799574,7.95137208494612e-05
48.9943766419021,29.419678249277403,12.269710369047484,9.3161429091007,9.18306723146785e-05
52.55582033277987,25.921809373509845,11.67047172858074,9.851808143143483,9.042198606221689e-05
56.14494947078336,18.510439045241785,15.008857072497433,10.335678587466129,7.582401129752396e-05
56.69224748966367,23.235341531047364,11.64150627287234,8.430826291811695,7.84146049229482e-05
52.080203499476774,21.888555157385962,14.517257732766412,11.51388214330945,0.0001014670614038716
46.154778202403705,27.884200853135514,16.09551389410365,9.86541221129697,9.48390601532527e-05
46.19502505696791,30.849595095968407,12.308348150723056,10.646932023052871,9.9673287745655e-05
57.333501513910214,19.81562744940778,12.380446171185708,10.470339555017553,8.531047872542612e-05
51.28605575306226,27.10843115899881,11.956238332675955,9.649180569323336,9.418593964948576e-05
54.21360516383918,22.43233620253756,13.769352730906345,9.584617697526882,8.820519001822769e-05
55.59643720694848,23.115065682947733,11.49871533836393,9.789678500184468,0.00010327155539192568
45.86753667310236,28.076983784960202,15.515149351563265,10.540230881548194,9.930882597394963e-05
57.12632217761341,19.37749973614199,12.691266959690118,10.804846034610808,6.509194365897921e-05
48.49694562178253,25.441913814545476,16.536493579409385,9.524569280782602,7.770348000783468e-05
50.166863147743015,21.782758769586682,17.0225785260361,11.027676959208575,0.000122597425619986
51.89169562531458,27.0862364012886,10.483361590803986,10.538618438041441,8.794455140713992e-05
50.617158685895284,28.690057597972707,12.006425428949902,8.686275412301665,8.287488042775457e-05
45.771539971853876,26.364613700282096,15.722393687692202,12.141345520356065,0.00010711981575324699
50.128707608090565,25.015606078178777,14.049030414930252,10.806566753546146,8.914525426820446e-05
51.56461221088091,26.635282256746486,10.2526264587184,11.547390794466896,8.827918731859046e-05
53.845784246846016,20.41110840183917,15.18013777280503,10.562873220120537,9.635838923870155e-05
49.590632130897966,25.814289624575427,14.550714149891379,10.04427790451235,8.61901228827605e-05
51.995967275447384,26.578922958805702,11.29796863317933,10.127032941262557,0.00010819130502311969
46.49837180329493,25.267183712032104,15.846066167153378,12.388251197235897,0.000127120283701868
51.70518213145813,20.979461544751782,13.94976110149648,13.365506322088091,8.890020552537376e-05
53.54326759169743,20.965080583121985,15.207072127154357,10.28449040302248,8.929500374252871e-05
56.054690697535534,20.70444653785373,13.000802340422366,10.23995409289679,0.00010633129155839522
43.996811406712,31.854654965143325,12.733608888927108,11.41482520042884,9.953878873877878e-05
54.45955445655639,24.291387955245497,11.499540185549009,9.74943083496073,8.65676883701295e-05
51.4098008393149,24.3394555241147,14.866826157765397,9.38382771207451,8.976673049399894e-05
50.69073447541322,24.380381340275843,14.223113076571082,10.705684391981993,8.671575784721078e-05
52.43321114597039,22.88439713362984,15.395413417750037,9.286881865164574,9.643748516062695e-05
56.391208267165304,20.813464078711107,13.690065758413342,9.105180583493429,8.131221681094291e-05
47.166512911074236,27.019608685375324,14.285212142095242,11.52855734335323,0.00010891810197159216
52.33894115996242,25.418043467346763,12.174622413677278,10.068320729388462,7.222962508724571e-05
52.350389884941336,22.120176249326338,13.487385429712017,12.041972561609155,7.587441114701227e-05
52.16640928666014,24.416810065964757,12.949890297760449,10.466791551389328,9.879822531625698e-05
56.81719189403873,20.399538094114796,12.889863722140952,9.893312334667362,9.395503815931919e-05
54.17478859563275,21.4302187420751,13.673007995484971,10.721878518266163,0.00010614854101889959
54.730078449320885,20.60334332588524,13.107397073076182,11.559105789992621,7.536172505225372e-05
47.518585213687295,28.76545293622248,13.390136891485446,10.325751673850048,7.328475473470126e-05
51.44125461406467,24.10510548349111,14.376897157354229,10.076630190131999,0.00011255495800782023
54.87763568668132,20.371034296048215,13.276671101804588,11.474578476595566,8.043887032195256e-05
48.93680361508635,26.43203276225336,13.800739880545743,10.830336068540428,8.767357413340214e-05
47.38771398511186,27.141515363757446,13.027080845574204,12.44359430768197,9.549787451639342e-05
54.02901897021276,20.390145098153198,14.126333955061787,11.454407829291986,9.414728029063585e-05
57.439141532301164,17.699022862954287,13.700114748676178,11.161633869853002,8.698621537529095e-05
51.031068189771254,23.779852215379897,15.432320706394636,9.75666902946706,8.985898714896711e-05
50.4586334969678,23.877889772473893,13.473156797973282,12.190233219280307,8.671330470756209e-05
47.861466758228225,24.627890880140594,16.98703560186925,10.52351761890035,8.914086159479268e-05
53.86160007815759,22.496126607153386,13.450912300720999,10.191260461180287,0.00010055278773539485
53.49038597473993,23.462011255784095,12.985715484400885,10.06181160246487,7.568261023063729e-05
52.98529350810429,25.312997588621805,10.937279923643317,10.764347086930771,8.189269981614192e-05
54.79279428465943,19.512486269049635,13.85838601868511,11.836233740395041,9.968721077979573e-05
51.591192539534305,29.24462038061284,11.2315747271054,7.932525685502924,8.666724452259701e-05
49.82684921993998,25.22914048419321,14.77218434247322,10.171750650167057,7.5303226532241e-05
51.04804957345229,27.23060700827747,11.0260092930472,10.695243779205892,9.034601713515444e-05
59.45812542780017,20.34764040389504,10.927825011563435,9.266340540003286,6.861673806485699e-05
53.66719513853063,22.32821455376814,12.420198332363888,11.584298150437592,9.382489975743951e-05
52.818212461970894,18.482395494401086,15.642189157732933,13.0571084033183,9.4482576772466e-05
53.18915784364246,22.98791904299686,13.504408935079375,10.31841827272244,9.590555887118919e-05
55.24965556700364,19.453485092290666,14.26308454464023,11.033688998093316,8.579797216017202e-05
53.8619351880492,22.993201811057975,12.655734695812212,10.489051040560195,7.726452041309143e-05
51.69479944284863,26.00117125749338,12.19538444880625,10.108555362060057,8.948879168923409e-05
46.89548319151359,30.511479716084196,12.724045276594332,9.868873668268893,0.00011814753898416568
48.01708668475908,23.87071584818581,17.098691400079858,11.013401294011055,0.00010477296420427158
55.60463479874351,20.77459989420013,13.41484685822757,10.205832198557504,8.625027128115272e-05
53.018534418543126,22.301184609129283,15.241277073545739,9.438913153840865,9.074494099288332e-05
49.66146088187464,22.967263575254155,15.144570071061725,12.22661587530843,8.959650104470528e-05
53.88408012111289,22.42507880716367,13.743621756910523,9.947123589673472,9.572513944360218e-05
55.365624286191505,22.45890577293122,11.418051752447935,10.757329437082653,8.875134670667505e-05
57.14673235788867,23.010474939624466,10.399873964921737,9.442850203514913,6.853405022055015e-05
57.49671875715057,19.67210965614841,13.289168326532947,9.541909560432297,9.369973578221676e-05
54.83311824539244,21.695858738874165,12.559722331265617,10.911207165905449,9.3518562336494e-05
51.46569041978676,21.623915848030506,15.834925644659037,11.075375659974219,9.242754949602796e-05
53.375250518143666,24.10947379632277,11.495943925659196,11.019231402568257,0.00010035730611525068
55.48281465043362,22.965488959930656,10.84318469355727,10.708435880793568,7.58152848884259e-05
42.70749283293869,31.886696082851852,15.662603989236528,9.743112188644746,9.490632817439432e-05
47.66843376583885,25.0953885945074,14.878204147786628,12.357853329054542,0.0001201628125780444
49.87363706301241,23.865429156677852,14.337043216099326,11.923812380360415,7.818385000218537e-05
56.370342224581464,23.541571985426398,10.561404210582305,9.526612859950086,6.871945975738336e-05
51.46542785277165,22.51858521181262,15.50097728516972,10.514915136734935,9.451351107335606e-05
52.57545115344765,24.45820065144536,12.425198237927296,10.541071438431857,7.851874781417562e-05
54.720040457494164,25.511343438407945,11.891458766033356,7.877067293113052,9.00449514810279e-05
60.38885976416159,16.00100445956865,14.13988876032276,9.470166788000853,8.02279461539276e-05
57.20226891835083,23.18190914865565,10.206435265192757,9.40930007261369,8.659518707014682e-05
50.28742672207218,23.439237595132397,13.926565627846674,12.346688276303318,8.177864543557742e-05
49.47186542907749,27.053772315065487,11.889681412854666,11.584591855105577,8.898789678092744e-05
51.33449224126919,24.51308317841805,12.557971731399562,11.594361511903726,9.133700946232385e-05
50.44614955596243,22.83234477165179,15.342772517090742,11.378637088343408,9.60669516450716e-05
51.55383533103961,28.19998371146214,11.995062358658677,8.251027779184305,9.081965527144884e-05
50.033079179816944,22.947785687355573,17.379992673504002,9.639052978303495,8.94810199718127e-05
53.96853829054823,22.376539184419116,11.95971075418859,11.695103077152305,0.00010869369176511403
50.30637199524449,25.741858255266237,11.842920736875277,12.108731512644463,0.00011749996953344198
51.10172813820417,23.33854391850963,14.802303713083134,10.757335213263177,8.901693987747769e-05
54.77555533699818,19.123158252872102,14.064913432324646,12.03630297860843,6.99991966367195e-05
57.395945939033375,20.698126038155714,12.17533822952972,9.730510178098568,7.961518260903674e-05
50.041293279254475,23.983468914170814,13.809092423644401,12.16605225108636,9.313184396511584e-05
53.16572184359376,25.23934495078326,12.887455764524908,8.707372429834614,0.00010501126344423568
50.81986041012091,26.50651867306188,11.756345605541174,10.917182108592753,9.320268327924977e-05
52.66970689624117,23.971025788608245,13.4120280198818,9.947160498863319,7.879640545274505e-05
52.89281333314754,23.969388641965768,11.68675078817364,11.450955104324507,9.213238855622815e-05
56.27834107044466,21.477194072249723,11.635747937990772,10.608638773285948,7.814602890135952e-05
53.44671718791012,23.083657734573496,12.903359966165107,10.566185667527053,7.944382421424967e-05
55.819356554377286,21.508294921637404,12.99003924964566,9.682207554772805,0.00010171956683530865
50.62154629857994,25.31579026685209,13.757760065430832,10.304816257083528,8.711205362055701e-05
53.41127181002765,23.828724563889143,13.1192751983434,9.640645384198685,8.304354114782265e-05
48.45724711349419,25.149393353669147,14.80111316262823,11.592181090864088,6.527934433769994e-05
53.56341953339218,22.26536371804287,13.98339983528705,10.187719964904721,9.694837317450845e-05
50.96809287930733,26.536626827161243,10.946603604144741,11.548571667244588,0.00010502214210238533
53.74218462428664,22.328578316280545,12.212683390695027,11.716467792805913,8.587593186755464e-05
50.01747959513193,24.948583505271728,14.618523933818206,10.415331865170929,8.110060721372466e-05
53.56686565720139,20.921669145349465,13.67425162149741,11.837132385494181,8.119045756058816e-05
56.88687210828676,20.454756044543892,12.58792181085977,10.070365564701579,8.447160798161645e-05
45.47110153735792,28.335103308985865,14.195291233683696,11.998412465084634,9.145488788310173e-05
54.213983063437844,22.613034130663777,12.36393488067419,10.808962621394903,8.530382929748758e-05
51.45126139012759,23.58391832812601,14.388179306042684,10.57656391331768,7.706238603792044e-05
57.93309249566345,20.023977289282747,12.421960637874449,9.620889225310494,8.035186886557258e-05
49.97326957097425,21.912578320470743,15.41992626699781,12.694140409967375,8.543158982626094e-05
55.35144758196869,18.32535992450075,14.282497299382541,12.040615320508733,7.987363928611764e-05
53.14100029376928,21.755602667387187,14.046965175222642,11.056297586207977,0.0001342774129008999
48.7831399873204,27.938561912530744,12.007580600213883,11.270615850717629,0.00010164921736703667
55.439556993225395,23.632562463518795,11.983154322333156,8.944630120653633,9.610026901344302e-05
47.727552752157784,23.559135189155516,15.923756695618293,12.78945300027032,0.00010236279808180124
53.11113030344371,23.641094202958197,13.59465047901709,9.653042468373796,8.254620721904189e-05
53.48209520299404,25.466242449078987,11.188013587124518,9.863555286530575,9.347427187362845e-05
55.856788347879636,22.37807236048046,11.413492477165436,10.351563851793948,8.296268052007264e-05
50.61997481560267,21.115047331187515,15.145293968004564,13.119597437019706,8.644818554853848e-05
53.425725411631944,23.908051686105278,12.671366485149186,9.994786449134683,6.996797891438311e-05
49.594980011193144,28.814634330827527,13.23802447409324,8.352258683690286,0.00010250019579357134
53.8563931655566,21.86843525490835,13.662016103157177,10.61306042101907,9.505535878041193e-05
51.99358233554167,24.24655475272343,12.99678193667099,10.762993565838155,8.740922576414176e-05
52.18134403043349,24.254250290709656,13.904588888064465,9.659740132773337,7.665801904665493e-05
51.88666997923001,24.26265050893002,13.11563729869443,10.73495102903733,9.11841082203823e-05
58.158303650136865,22.848639930492528,10.138764981473484,8.854213596196454,7.784170069339194e-05
56.22718101737527,21.339051865523803,12.484442608796046,9.949239696287574,8.48120173211862e-05
49.57257365649184,27.004954817249626,12.06110985086592,11.361248752327487,0.0001129230651034413
55.66365819981811,19.819505588709355,14.677267952549863,9.839467560671203,0.0001006982514577055
47.34425747831623,27.490356917433058,14.547733660228108,10.617560322901348,9.162112126812217e-05
57.75948750564407,20.744682245994163,13.321045665960863,8.174695799535673,8.878286524772764e-05
56.92824219444114,20.39904891306453,12.858626349119529,9.814015462760928,6.708061387247022e-05
56.36146705810642,21.629864703278752,12.011598830299825,9.996982683117277,8.672519771603307e-05
52.14742088267842,20.614666615073006,15.50009212381164,11.737718451118532,0.00010192731839441855
55.65895965904999,21.900364589616995,13.189220921108008,9.2513695907083,8.523951670303546e-05
53.9882373154675,24.215232501975134,12.711511281544253,9.084930224656764,8.867635635193069e-05
48.26374331945878,26.5709581685617,13.630827745764654,11.534375082042164,9.568417270841436e-05
56.61299906831996,19.266216997787268,13.28210167854991,10.83857941148782,0.00010284385505363
53.61390871252506,27.619432841352697,10.04466456162685,8.721915594435977,7.829005941797508e-05
53.863772336537274,19.044507742368122,16.495232950821904,10.596418851747833,6.811852487362032e-05
52.92003551671094,24.12422556134309,13.231878972039556,9.72377717414415,8.277576228042667e-05
53.023327420235255,25.21427909355125,11.528639176906033,10.233666171287,8.81380204576458e-05
51.89745249296769,25.4513218496744,11.667570003067555,10.983578327252369,7.732703798788617e-05
55.13720358694639,23.464807643615323,11.124896087020042,10.272992668837915,0.00010001358033578125
54.49386026881785,21.89674958699023,13.372710723633475,10.236587404704393,9.201585404715428e-05
53.333401377401444,20.7799642997752,14.521384384369105,11.365154288201134,9.565025312484261e-05
50.329578922280746,26.74182882355682,14.073514555962936,8.854994256973557,8.344122593324344e-05
58.12012775746817,20.09419579678311,11.388581388704818,10.397011244907935,8.381213597599948e-05
51.48355419080824,22.71339582264413,14.484155709314726,11.318807309151662,8.696808122737786e-05
55.17658847414009,22.379519059502154,11.499834314815478,10.943975475327376,8.267621492059996e-05
53.33095487520774,24.17959695059446,11.243946848432094,11.245396196378422,0.00010512938727857525
48.67304457645168,24.908346755295447,14.971207224280706,11.447300807498,0.00010063647416365379
50.08292099354876,26.773529816288704,13.128735880307843,10.0147325202798,8.07895748785464e-05
48.21850080380894,25.8776564551912,14.062669135761045,11.841062522136701,0.00011108310211270685
45.13588943740978,27.908888454295,15.536715290644967,11.41839925801586,0.0001075596344016824
49.086179878999346,27.697858067655446,12.602587811028673,10.613276759400945,9.74829156052535e-05
53.4403474858577,22.47264368022135,14.197223359139278,9.8897009526387,8.452214299503571e-05
49.03997198931588,26.774291392888994,13.8906179212161,10.29503025870269,8.843787633520717e-05
50.126340231227026,26.044870323630725,12.881523914450119,10.947172693878885,9.283681325979495e-05
54.83879690498109,22.035481086038853,12.110402896351175,11.015229225309858,8.988731902083621e-05
53.72830704426168,23.611321569779832,12.638063246140455,10.022215347177939,9.279264011078431e-05
49.28087014832974,24.0525517094383,16.143195746348827,10.523296150136543,8.624574659086651e-05
54.30391152817001,22.617919080239062,12.977784104773804,10.10027556601633,0.00010972080079035933
51.13747504264445,22.109755413819908,14.755910560075359,11.996735643372308,0.00012334008795001662
55.58203537482517,20.134648897181112,14.826110625428774,9.457090544542906,0.00011455802202762279
51.66985576928139,27.55114781767631,11.382208889320525,9.39668908230099,9.844142078053826e-05
52.542059386739226,25.86385125855054,13.117473428181484,8.476527184807795,8.874172097066084e-05
55.394780299646094,24.129877250864066,10.19565285892615,10.279620651494776,6.89390689143976e-05
50.552321946093194,28.509098646717078,11.033390193074183,9.905130815518227,5.839859731716343e-05
50.75256381836213,24.759699796026315,12.50205864212405,11.985574857083737,0.00010288640377266121
57.02742777892885,20.312806783953206,11.911495599937638,10.748187577713457,8.225946683493991e-05
55.50388980341114,20.27415679777672,13.45232607159794,10.769540233376711,8.709383749446712e-05
47.89386235467826,26.191909202336923,15.830768877669124,10.083374331326397,8.52339893050388e-05
57.97251805640945,17.874018788148383,12.819171014384692,11.334212438998167,7.970205928871512e-05
56.87448788081307,24.264971479665455,10.09628235374554,8.76418351111525,7.477466067124705e-05
58.73557751547146,17.60783787060909,13.62173314164866,10.034767308899168,8.416337162933947e-05
48.44591350981193,27.53568718232534,13.056872003446948,10.961446242842435,8.106157334348833e-05
50.13692028963989,27.125157224909756,12.653221543598974,10.084597166103276,0.00010377574811352882
49.801839180198435,23.974710755491444,16.453168836535152,9.77020661300933,7.461476564337727e-05
54.60696708963665,20.65246044021574,14.55982496039693,10.180656156707514,9.135304316764247e-05
44.01923541878537,29.698777144232274,13.3302156154118,12.951676123550207,9.569802034531944e-05
48.40029993651613,23.125837846274987,16.39118214304556,12.082589081155112,9.099300821519021e-05
50.72712275663709,28.95760767599336,11.676946138957264,8.638226821737634,9.660667464907099e-05
50.952412831083585,22.47417236261947,14.166674207848448,12.406633895691959,0.00010670275653194886
52.73464289331461,23.582171220504726,12.947942428184245,10.735165416335466,7.804166096706016e-05
45.86994912108998,27.469360637060053,13.141721222468858,13.518858767156805,0.00011025222431726507
56.63711207662225,19.027797316311688,13.826720119085481,10.508300018531488,7.046944908510799e-05
49.5569235468411,23.70622451648111,16.19446783715893,10.542290613134378,9.348638448733736e-05
48.33988272577102,25.08028339046445,15.843757738275482,10.735970637248723,0.00010550824032903164
53.80565085815494,22.861430628477574,14.466277076613768,8.866552033219245,8.940353445692122e-05
53.48587548183145,22.522246247283366,12.25770161953993,11.734088102717536,8.854862772107139e-05
54.898587288300604,22.76095895526151,11.061304801409639,11.27906146355459,8.749147364833665e-05
48.51771155947009,27.120418827286784,15.034285138276696,9.32749153545656,9.29395098949237e-05
45.562563536095624,29.40110576916985,13.616740894139554,11.41950538610791,8.441448705973836e-05
55.0133381821464,22.090435047518913,12.820134513980003,10.076007919015868,8.433733882535483e-05
57.83962112043775,24.540225983688803,9.621646830263511,7.9984292931523635,7.677245758741902e-05
51.101216177188945,21.75077977839669,15.485723640802698,11.662190438898817,8.996471284769932e-05
54.89540799726732,23.404002143557744,12.18196716941266,9.518525645006742,9.704475552986967e-05
47.66879642985615,23.707829972056967,16.751511508312543,11.871779587058873,8.250271545336663e-05
54.9972603595928,23.939914112314636,11.464121683830887,9.598610136609189,9.370765248554968e-05
49.05727807417979,24.026734923946805,16.667608608695534,10.248267376012562,0.00011101716531370837
46.01916346116201,28.368310691910555,13.648363070160356,11.964066425954757,9.635081231128406e-05
58.879673684606615,21.075850073029965,12.362611130380385,7.681765273251877,9.983873114834647e-05
53.493510689980795,23.14898986316515,11.770502600544605,11.586889170298804,0.00010767601064940347
46.741854846229614,29.50826534194943,12.893764441850653,10.85601820161412,9.716835618239932e-05
46.749938975939955,27.221190321640037,16.470908214370485,9.557865884906674,9.660314284690754e-05
49.78210485061948,24.83901249268028,11.823996654527368,13.554788675139012,9.732703385548596e-05
48.559509536693135,24.981521492839768,14.865471412684633,11.593408379075305,8.917870716071525e-05
51.558678063396776,25.63872998104053,12.571093190404545,10.23141588494109,8.288021705348192e-05
52.70477003841183,23.99829388581097,12.576899902142788,10.71995016262089,8.601101352927522e-05
57.715361277225895,17.084814136473756,14.718994708596153,10.480739209343314,9.066836087560961e-05
55.26852439917758,26.09133777507018,10.118681126780553,8.521379634637558,7.706433413644001e-05
46.637633803099746,29.73521018286811,12.208041094898139,11.41902825094549,8.666818851947337e-05
54.62167216659357,23.631637329407976,11.128989485704778,10.617594381242629,0.00010663705104934764
58.930926145745566,19.649354075624835,11.494953070856804,9.924699461609098,6.724616371144449e-05
54.60420032344875,21.028612099671143,14.754933786145813,9.612155217274482,9.85734598252486e-05
50.76184451340091,26.174650901843677,12.05895459427637,11.0044627702368,8.722024223725198e-05
49.07662650241823,28.425737652560407,13.05134405953557,9.446175409598402,0.00011637588737940563
44.89131328353994,30.259598006132364,13.79029811613886,11.05869783970942,9.275447940926339e-05
52.83633299115351,21.349323040973538,16.737977472947687,9.076274998945332,9.149597993895731e-05
54.37133539869451,24.016266517057996,12.074822152329599,9.537487210007257,8.872191065824163e-05
51.96900908638871,25.31822836958075,12.336244452092632,10.376422119837136,9.59721007787663e-05
55.65059152795242,22.913569434155885,10.458727496588375,10.97703496108097,7.658022235008827e-05
49.119040365261036,28.540860685612607,11.594411390451317,10.74559473698159,9.28216934762257e-05
51.48235048662334,26.496631893236923,10.983665711419793,11.037271745771736,8.016294822277407e-05
52.7731960367654,24.25280268520728,13.125225397149487,9.848685512347297,9.036853053094243e-05
48.39048130611598,28.121611382257466,11.537758833193742,11.950054421469751,9.405696307181977e-05
43.78354903443808,27.371143021915863,17.905613945511526,10.939564163041311,0.00012983509323479526
52.85242765346146,20.73147793913731,14.219699901980768,12.196296720840664,9.778457977407517e-05
46.589424168027946,30.732859237638184,13.064960179953545,9.612656153000293,0.0001002613800240269
56.59392511963043,20.16353157440959,13.379014578232104,9.863449644911878,7.908281599630332e-05
53.08813558679436,25.05709712064183,11.8213655340877,10.033289837026238,0.00011192144987417998
57.91979213074392,20.617400726238845,11.37949638928667,10.0832315255438,7.922818676146851e-05
55.69480877334366,22.887241590043864,10.969343184002335,10.44851968131139,8.677129876554415e-05
54.67651843980113,21.316558964226466,12.401867570430195,11.604964903931068,9.01216111428051e-05
47.01688432175453,25.97926514072321,15.475644614491992,11.528114176906467,9.174612378979544e-05
53.95393317308334,23.688267769117353,12.13726604978173,10.220439829105752,9.317891181994569e-05
54.55886132616544,20.362644840052532,12.147826843308518,12.930592472219024,7.451825449788848e-05
50.849207882029866,25.830348148280358,13.222258465625035,10.098105395973468,8.010809127271588e-05
53.459633057303776,23.37280886069538,12.888120560759193,10.279353300400174,8.422084145814005e-05
48.4471237890841,29.636282485661575,11.654183185573325,10.262317608449441,9.293123156580571e-05
52.275563892737445,27.206695107450724,11.324805683644907,9.192834438973957,0.00010087719297275175
55.33260904430817,19.960343584210623,13.717076717267403,10.989884209879609,8.644433419506656e-05
50.27203398991266,24.2380520795714,15.199374551635614,10.290458566315536,8.081256480085391e-05
55.523572571075775,21.020305075541902,12.050870645609526,11.405168195619822,8.35121529603618e-05
54.22305246044507,27.210041528373946,10.54723874332498,8.019572812614292,9.445524172421827e-05
51.65796327913841,23.742624742541693,13.87679651053187,10.722543755761984,7.171202604415988e-05
43.9795088377761,29.37257461174894,16.26989062931653,10.377925049447434,0.00010087171098940055
49.22714195431624,29.862946462791545,10.512031306246564,10.397767643789287,0.00011263285636889455
53.80952699876613,23.013792491339885,12.39123528420016,10.785354358290162,9.086740363845583e-05
54.51900480529175,19.889881479115004,14.269487552344232,11.321526806949807,9.935629918851586e-05
55.35389022915813,24.497854481230483,11.909738783675982,8.238441859241966,7.464669343849258e-05
53.44841482791293,23.579134842380174,12.944842512135674,10.027543033654087,6.478391715921929e-05
58.50931288768992,18.2435462714943,13.76628582131979,9.480785921479598,6.909801639490908e-05
53.91110890448111,21.84168916471547,13.74787102708735,10.499236751284654,9.415243140803494e-05
49.926338931001865,27.41227846412635,12.119621552381988,10.541695234282027,6.581820777584976e-05
49.06555557357092,27.503599338039596,13.456279054123268,9.97447098507017,9.504919605230997e-05
50.93883237179059,25.905371420230335,12.386399588528963,10.769312673284738,8.394616538234647e-05
44.001416458627546,30.066237163473396,14.356703983492972,11.575535971796414,0.0001064226096721729
51.77757825916994,26.113695509862595,12.583412903037017,9.525206177282934,0.00010715064749892121
48.08037389024505,26.62692129327162,13.582603016194165,11.70998956620325,0.00011223408593456408
51.6121725048405,24.519383826616938,12.846343275921301,11.022019656554106,8.073606715911946e-05
53.34711327478821,22.63883048681051,14.052220976751848,9.961731529359508,0.00010373228993670602
54.2933507895401,23.09780615464461,12.58507849302346,10.023670218203002,9.434458883373624e-05
49.591126940707944,26.893155704632843,13.535387870240639,9.98024681978045,8.266463812979723e-05
53.30287173587111,22.312594833709024,13.007624740157297,11.3768262924271,8.23978354679012e-05
52.17578054817583,21.081661624596666,14.066779265016732,12.675679813601109,9.874860965830965e-05
55.94116100684951,22.082061094173675,11.724914030091204,10.251802822198615,6.104668697908969e-05
54.561756590849875,21.541709513829627,13.14020299740229,10.75623040977175,0.00010048814645531023
52.749272017253276,26.722657814350615,10.229567746627463,10.298432540163065,6.988160558621639e-05
53.8210382481803,23.766169046493125,12.093762862673577,10.318954854979857,7.498767314589804e-05
50.04167155323338,28.063544590916962,11.297248910855778,10.597456256828824,7.86881650688043e-05
48.94479974756646,23.533838405039365,16.93460755650577,10.586666880915256,8.740997315433109e-05
52.88349798743736,24.17158203842851,12.308533519376379,10.636284268752666,0.0001021860051064677
49.81505481676105,25.69117169532358,12.805828861779872,11.6878499079274,9.471820809103709e-05
48.71066306547762,23.961454131663743,16.429920169384246,10.89786123882209,0.00010139465231973998
52.23814231651771,25.791417496838427,12.17795312530837,9.79240616024774,8.090108773458078e-05
43.2173966573645,29.29051597014703,15.028285847358996,12.463714851463427,8.66736660372902e-05
53.88754456061147,22.81566450560106,11.245488847128252,12.051195418603283,0.00010666805593689254
46.98656890565228,25.848959923605637,16.50910023879536,10.655261973060822,0.00010895888591308273
51.60095252380835,25.610205301925255,13.256254665969019,9.532497418204073,9.009009328610857e-05
52.794250183946026,22.5631123113121,13.911351308451897,10.731201898682375,8.42976075984915e-05
47.902288787302616,25.718414308776282,12.413874568556405,13.965339638595692,8.2696769003913e-05
52.581639188832405,22.56143280778855,12.517215843263486,12.339626760555236,8.539956032959075e-05
53.914507916440776,21.62780867793822,14.160559864899078,10.29702826740624,9.527331568740502e-05
53.847782748386784,27.031575487095605,10.425013725279358,8.695568044594994,5.999464323831931e-05
46.52568900715211,27.502724647856162,13.556445985269635,12.415034333306785,0.00010602641531630961
53.41661615523652,22.91317889878752,15.069440208627515,8.600681397844898,8.333950353025067e-05
45.97966299107222,27.331821940989283,15.267992229878994,11.420402056896206,0.00012078116330607494
49.60227577315847,25.30170760753779,12.749074050075931,12.346881014119852,6.155510795644668e-05
52.75655041957277,24.771930737444954,11.951115303855273,10.520312726912548,9.081221443954382e-05
51.61587658137614,22.27576391570286,16.079637627290623,10.028634611520125,8.726411024553e-05
56.93015949103077,19.984146132582207,11.4980232985174,11.587596353701391,7.47241682487209e-05
54.84295784734644,21.700678247436482,13.412986978562966,10.043290317479013,8.660917508697409e-05
48.95698058954145,25.255956761155584,14.444523218459675,11.342446776315317,9.265452796581913e-05
52.922413458079134,26.2107809233799,12.135182692387662,8.731535069488357,8.785666493877156e-05
51.67317889347858,24.579030554362326,12.461882202097103,11.285788550101035,0.00011979996095501934
45.62189316988113,26.707449888518497,14.906814140962203,12.763732241677598,0.00011055896058491063
49.68252105167439,27.23162115285983,12.347527481428859,10.738226418768226,0.00010389526870010472
47.79107044759642,25.705812767901477,15.668494912577923,10.83450873653483,0.000113135389342592
56.61309382136801,19.71363851980054,11.185533317786918,12.487632594409517,0.00010174663500616035
52.92448520138201,24.74458521205458,13.616147238197945,8.71470773665426,7.461171119032828e-05
58.781774867830784,19.4715418447331,12.291026957476872,9.455574586918184,8.17430410587062e-05
59.07554489005305,19.10920403191266,13.090251399741781,8.724916888204142,8.27900883668535e-05
50.238159722818075,24.05888023411412,13.185573634369188,12.51730465981948,8.174887913777143e-05
51.13579221339063,25.278774024622408,13.86341566910797,9.721898211612409,0.00011988126657946696
57.650686676191384,20.89009902117099,10.90991458680125,10.549217948650858,8.176718551505242e-05
54.70237687294552,21.507904268753503,13.401743121581456,10.387906429608828,6.930711067821717e-05
57.04123791708802,20.13676119533904,12.353123007345577,10.468792351035656,8.55291917071327e-05
50.5204899834072,25.233020512974324,13.101626594364408,11.144782485753485,8.04235005787211e-05
48.56462987341051,28.32291663303637,14.107306497505459,9.005066781404505,8.02146431613965e-05
53.06888301613274,23.766920012774218,13.741902859307425,9.42220390631318,9.020547243926504e-05
52.469137486963305,25.95895527644856,12.577321665779548,8.994495964855005,8.960595358508152e-05
51.60016173661756,24.32894185136017,14.622067272698521,9.448732626032035,9.65132917224394e-05
52.0283909425595,19.69893876859862,14.276978901276232,13.995590483345099,0.00010090422055610136
51.62981296242026,25.091607158600098,13.243972169945831,10.034529751257223,7.795777657966932e-05
49.70442649621464,29.273032509998444,9.023917382549861,11.99853321626873,9.039496833527786e-05
43.121336733489855,25.959498013347098,18.621050995881895,12.29803091222667,8.33450544947443e-05
53.61430396387126,21.55538898950214,13.967585355165513,10.86263291466381,8.877679727462225e-05
51.49252035855102,23.746618083157315,14.434595742065405,10.326180833016041,8.498321022703127e-05
49.32444448975981,23.55638485726626,15.64035624429327,11.478711964080908,0.00010244459975465426
44.67502073505556,29.781276619498648,12.957151828929813,12.586460834286758,8.998222921338614e-05
49.72204868212742,25.92998216127114,13.293122885120635,11.054759091040772,8.718044004070854e-05
53.733595160658474,21.62671234115418,13.792086031467576,10.847498415626944,0.00010805109283086112
54.698558152983864,21.867088776623067,12.43786919966072,10.996400265007946,8.36057244062015e-05
57.0254559219503,21.91058834667967,12.744287219427349,8.319589494330975,7.901761168920178e-05
51.08758927180504,26.818960726605077,12.381591256109905,9.711765919071894,9.282640810047573e-05
53.90266035610804,20.541145926109973,15.195380109525425,10.360717757747938,9.58505086287332e-05
59.20299019909181,18.325029893988347,12.994937514973806,9.476954121604788,8.827034124782718e-05
52.99679026297833,23.380506566320555,12.391689739206887,11.230923875262807,8.955623140499818e-05
49.7532492802915,27.428495694122194,12.310621544320167,10.507528166230422,0.00010531503570126931
50.00259142898214,24.69978331188245,12.934905855618425,12.362635856014263,8.354750272411568e-05
45.35118331493864,26.46106758843998,16.495207296784372,11.692444884232312,9.691560470450635e-05
51.14546800188343,22.878265428906573,12.95758362308038,13.018602798136142,8.014799346103646e-05
51.63960549061919,24.86184292698938,13.743927812918425,9.75454984128128,7.392819173221962e-05
53.13239873699569,25.84541870411542,10.455767976445964,10.566313220727338,0.00010136171558828243
54.766029848611666,23.06079480786144,12.095580241112762,10.077492128791867,0.00010297362227036848
55.854104976368355,18.92277386483552,14.07005766495127,11.152969766242817,9.372760201787565e-05
55.437651620252346,23.214313127874465,11.17736853288419,10.170591208635452,7.551035355984252e-05
52.32971422703182,26.206971425637104,12.973020293739737,8.49019454086922,9.951272210839121e-05
60.15705044492309,19.608757140933648,10.604386908182084,9.629727162135593,7.834382558801544e-05
56.395498209851056,17.500599538597886,14.680496185189742,11.423320609734919,8.545662639522902e-05
50.52151500753921,21.264192944164332,16.511887572644852,11.702319151068027,8.532458359168984e-05
55.27698070868291,20.763874750614526,13.907819423799936,10.051238604906281,8.651199636039288e-05
51.004150479880174,22.336354911071528,13.72450258986009,12.934896450425054,9.556876315229307e-05
48.36752066038454,25.44849320699151,13.947596157910693,12.236294443338572,9.55313746883225e-05
50.96979628375262,23.540543768226488,14.395422032039217,11.094154760205392,8.315577627969311e-05
45.24281800516249,28.8531594739732,14.286741445886584,11.617162374375877,0.0001187006018304306
58.95390302804883,19.36785585892154,11.349584606781388,10.328589507559775,6.699868846329825e-05
50.069779814265615,28.0863688318428,10.92427004957988,10.919494156316022,8.714799567652238e-05
51.55895110988955,24.615255952752587,14.203089213531614,9.622613962364147,8.97614620895525e-05
46.09871813271136,27.14677644451951,16.00474398906814,10.749680187407087,8.124629391076288e-05
49.566770238151555,25.354765067756247,13.291977115441501,11.786416600381866,7.097826881622389e-05
49.300111877619265,26.825861049381494,14.349608167658886,9.52432661992703,9.228541333336195e-05
57.67202808395938,20.334602920949287,12.193683498481962,9.79961494624882,7.055036055240668e-05
48.852002875937835,28.713358814945995,12.362181902173477,10.072355712810884,0.00010069413180364899
50.46659732414349,25.9437130816904,12.957053585962926,10.632533486074038,0.00010252212914842254
50.36056956001191,24.06051763763613,15.143797773032583,10.435016654673252,9.837464612973514e-05
51.144083517400794,25.16004847403067,11.933044835180443,11.762748483652414,7.468973568032531e-05
51.256804326726844,23.138977050776347,15.48626993849348,10.117852835388813,9.58486145072877e-05
58.44934499761075,19.61881533957044,11.58977425098802,10.341983546116822,8.186571395894913e-05
51.76104247986034,23.744923012067368,14.196948295927173,10.296992425535933,9.378660921147291e-05
47.32915039203501,29.20194693697337,13.842120100190689,9.626670817666708,0.00011175313422035129
59.37939511522394,16.89143002122337,13.679999421789049,10.049069520305052,0.00010592145859129362
53.62374350625014,21.415013315698296,13.486408515703246,11.474739917970837,9.474437748107801e-05
50.67397318056602,23.81659235297429,13.295389921733891,12.21396177230113,8.277242468016458e-05
55.05353114967397,21.55887852386814,13.433886443432314,9.953631895485891,7.198753965274403e-05
50.01563098362498,22.326907004730828,15.827966387669187,11.829387171268365,0.00010845270663449405
51.227148606001,24.740918203492743,14.394314031211794,9.637532335724051,8.682357042143893e-05
50.70505772084619,24.60239953987486,14.41963381671274,10.272813142566832,9.577999938257517e-05
49.30140007954492,23.51666979646632,16.350373346178305,10.831470132869839,8.664494062900431e-05
54.815596576099225,25.66842152141202,9.673734598125607,9.842168014326202,7.929003693804603e-05
56.67906223921998,23.745396706106312,11.888877548542041,7.686569561571719,9.394455995848222e-05
52.12340646192053,25.60482836100601,12.538788059237351,9.732896278122583,8.083971353090071e-05
42.848647903021444,28.846475958880234,16.82321905761499,11.481541580140773,0.00011550034255713118
51.93853091606195,24.654460732840956,14.260025002785815,9.146897919433732,8.542887755218544e-05
52.56871446250464,21.929250260476564,13.584430962035054,11.91750865125923,9.566372450475618e-05
49.52589389888511,23.29832745898677,16.851416483610567,10.324251643115415,0.00011051540215512281
51.59239182708214,24.413247776134366,14.508726338896924,9.485547129971158,8.692791540273529e-05
52.59474416505947,26.54130177575005,11.130131994816079,9.733757761670567,6.430270383625266e-05
54.04584440066108,25.33397531757901,11.288882852411426,9.331198720427519,9.870892095094873e-05
49.96533277613393,27.627148510076786,13.679990596191166,8.727436590310727,9.152728740534425e-05
47.72801699969526,24.321420250721555,17.003786091539936,10.946671903125358,0.0001047549178790874
47.790873116455465,21.788206977138156,16.96006106965106,13.460755254954698,0.0001035818006368097
50.77634911738353,23.099196695100968,15.237718385667442,10.886625753990495,0.00011004785756285275
53.698436200436674,23.39172214626108,11.949228520543187,10.960543415539911,6.971721915399172e-05
54.865304432304676,24.475271790697985,12.655161398688014,8.004188909859824,7.346844950281954e-05
53.191608935241476,23.988324692686273,12.541256911666135,10.278718910262006,9.055014410364485e-05
52.0509129521585,25.77542949818077,12.724562542623573,9.449004894904443,9.011213269601587e-05
48.40008765064272,27.168997349818074,14.839312320993095,9.59150351750138,9.916104472733221e-05
52.71376163772356,24.178439541225618,12.335497319324874,10.77220059351556,0.00010090821037609922
53.098759243185434,22.72085993705347,12.75516073532803,11.425132997741184,8.708669188610968e-05
56.55615938178974,20.617893463987617,14.598404336346244,8.227450558381399,9.225949498805248e-05
49.10797434999297,24.99551301483617,14.41889891694812,11.477499107857305,0.00011461036541647933
48.086478595930465,29.802702473990728,11.667901557901002,10.44283214942839,8.522274940599253e-05
50.185846172891125,26.435380861103425,13.052987171398126,10.325690654649518,9.513995777696039e-05
55.61253737834231,22.392455844741182,12.411564408608466,9.583347046280757,9.532202728703002e-05
47.112806497145534,28.280150829171525,13.996266837706422,10.610672855144076,0.0001029808324451437
51.91952343697116,21.97835341072017,13.358806411159394,12.743210706473773,0.0001060346755177502
54.188125213469384,21.495618789677078,14.193689418064558,10.122463310728547,0.00010326806045329451
55.95721318368497,21.755716170212537,12.63608314772868,9.650910648842084,7.684953174450622e-05
50.19044392480975,27.966930818236918,12.838499329009242,9.00404576600813,8.016193597356059e-05
53.12327679231852,19.12415598292421,17.89838169121436,9.854091932465352,9.360107756671451e-05
57.93719750464241,22.357201538244816,10.529880305125456,9.175648155316273,7.249667103801052e-05
52.78159472737693,25.606556506874544,12.079808181931519,9.53194208634879,9.849746822890608e-05
51.24872611457306,25.101258346208866,14.574463520990982,9.075461516115672,9.050211142456881e-05
54.123398756296545,25.36257856044047,11.00888124848237,9.505053726186034,8.770859458063648e-05
53.696067354720434,24.776944887519903,10.361940605738193,11.164962595235366,8.455678608959612e-05
51.823754012543255,24.792732562178422,12.218275057054216,11.16515610702184,8.226120225670982e-05
51.20099815630192,18.370166302006073,16.77168108508601,13.65705036780643,0.00010408879955244033
54.35541787489379,21.893365343185447,12.338633062911493,11.412496928271887,8.679073737770837e-05
54.388140952400846,19.649985743934657,14.554438502407397,11.407352139854291,8.266140281540333e-05
51.80525683997439,19.916324210734437,14.525220937894057,13.753129903469418,6.810792768152261e-05
56.36089525459236,25.109865421934135,10.626628460980173,7.90251698651799,9.387597534396734e-05
53.446462189855446,23.15061767894838,12.872745438124827,10.530081148724223,9.35443471180671e-05
47.827676442846254,28.949679908288275,13.911280551900902,9.311254030979219,0.00010906598535659043
45.867242801080735,28.455087383747053,14.344437097870918,11.333144838860255,8.78784410442997e-05
58.011038203850696,18.869455375189787,13.466842398211215,9.652585672613231,7.835013507911939e-05
55.740397173351774,22.5694644727985,10.886600182955322,10.803441419020062,9.675187433937368e-05
49.52333747446552,25.795358149673742,11.534629606977127,13.146573542877189,0.00010122600642710231
51.09541925740736,25.134618006076604,12.88283138171164,10.887048843355053,8.251144935328856e-05
51.02976409737108,22.810852337164388,14.349193857032924,11.810095979612873,9.37288187338784e-05
52.56029440680249,24.861853880462405,14.465984522281532,8.11179977767919,6.74127743802156e-05
48.46711375806388,23.285148843377044,17.087005781718744,11.160639281903762,9.233493656759517e-05
52.167492137884395,23.36578907289468,12.787909561519802,11.678738466799473,7.076090163090479e-05
53.71563484015306,23.295387268715192,13.061784008790292,9.927106498187808,8.738415363217045e-05
54.61828160017762,22.950711662018797,13.527944257166707,8.902989620946258,7.285969061184106e-05
60.99805907014415,18.2018982470381,11.941957176398331,8.85799968220188,8.582421751834077e-05
47.97396432279857,28.86554063068938,12.22799791742746,10.932391086468362,0.00010604261623615931
54.55267814580193,18.686243886705917,14.700249706604108,12.060744618603367,8.364228467681468e-05
46.728728167569386,22.547640131566162,18.69910457361278,12.024416945102088,0.00011018214957372311
51.19760551486275,23.11631197165082,13.557907588112977,12.128075946449474,9.89789239714181e-05
51.23338227909044,24.207819732983776,14.331289768200033,10.227404929059919,0.00010329066583189093
50.2596613158107,24.80674302434147,14.886120617579488,10.047387504821941,8.753744641358238e-05
58.457816082372894,21.018448679285168,10.939641867420892,9.584016764910022,7.660601102919857e-05
55.13412773261695,20.604481336157477,13.780813532715264,10.480492116749097,8.52817612112769e-05
47.17285696692486,29.966942806595487,12.025368645132492,10.834742820545019,8.876080212985918e-05
50.7748434009055,23.23129448601265,13.71715735211248,12.276608992898238,9.57680711207737e-05
51.605065459983635,25.42713214296249,13.084109044253134,9.883601734856166,9.161794455589749e-05
51.633894190114084,27.206823598446146,11.236926878967543,9.922277782723809,7.754974841844394e-05
54.440398168831294,24.036980486166364,11.76236172913112,9.76017388291833,8.573295287684686e-05
55.31666644997747,22.336205978599587,12.589222752997411,9.757824589162414,8.022926312921477e-05
48.29156227687922,25.65197050225565,15.770118792563848,10.286272819230426,7.560907084744185e-05
54.162454335679335,22.003056887988482,14.42791545167129,9.406492701157445,8.062350344160453e-05
47.22463986041798,23.230847840162667,17.693092175937917,11.85132100615677,9.911732466546475e-05
47.96897517669571,26.08912151165541,13.951540867129342,11.990276487940282,8.595657925597037e-05
56.29917482712104,17.62197383065382,13.507394256393612,12.571368849884465,8.823594705314981e-05
53.436347051681324,24.85343168877273,12.393649126993225,9.316483915955285,8.821659743978967e-05
58.20331761673848,19.844006717101156,11.668969629483707,10.28362481437321,8.12223034486375e-05
49.60577190642282,24.133031099450967,12.728098014623898,13.5329886702448,0.00011030925753171693
51.08908708651675,23.982322995594014,13.960498200127013,10.967991228775976,0.00010048898623768769
57.14035957524261,19.98808492456721,12.733734486192406,10.13772957784168,9.143615608790537e-05
50.8059867471356,30.611752370563387,11.050262002914312,7.531915273385419,8.360600128266741e-05
53.10458958260485,23.83999479443953,12.437998083940226,10.617328345014315,8.919400107284566e-05
55.863554490674375,22.714015188177076,10.937956535749063,10.484385303373744,8.848202574704013e-05
51.66256720236759,26.376152120540798,13.000326884373713,8.960872393457622,8.139926027525022e-05
53.13716751629399,23.870503925754655,12.108303033111307,10.883946557348455,7.896749161346843e-05
55.9798683019186,23.753409076669307,11.543396710392,8.723242423962576,8.348705750493397e-05
46.164292163150336,27.240281896980438,15.252108163158992,11.343219539364018,9.823734622143072e-05
53.02611838890998,25.598268174670807,11.681674821986444,9.693848117214344,9.049721842864069e-05
52.37817190089964,22.514185125269652,13.425408029345878,11.682157416621331,7.752786349604709e-05
50.33549235523736,23.667401593928172,14.59807467532363,11.398926470003863,0.00010490550696797289
52.71503960735359,23.193757300380092,13.337949754384908,10.75317493074043,7.840714098630665e-05
54.265459172938925,24.285472251037735,12.424763102994564,9.024237108241978,6.836478679975341e-05
55.10707758692711,25.00951577275702,10.109660649551486,9.773671142818095,7.484794629265511e-05
50.94862886609267,25.538899107841857,12.31158183110179,11.200829024171597,6.1170792072123e-05
55.00485450027385,24.000458374281173,11.211193946845697,9.783426632132995,6.654646629144316e-05
55.16835585094603,21.709329715155427,13.817779519063347,9.304450150914306,8.476392089608428e-05
58.27988259678143,20.970623230140955,10.83228821176554,9.91710538834317,0.00010057296891291285
53.71421272442576,27.39611779241559,9.616489628728745,9.273065802023858,0.00011405240605683543
57.44266527737031,18.887658777554186,13.104073934567456,10.565526439936402,7.557057164799196e-05
55.46280249637465,22.100206520860688,12.677433584221012,9.759477953870881,7.944467275345918e-05
54.5069799870457,22.928170565379492,12.533769126575772,10.030998878920947,8.144207807770902e-05
55.21094400865927,21.2949138604159,13.100834922562754,10.393228984781636,7.822358043844716e-05
52.64181599790898,21.957623139404685,14.452532776830044,10.94792458766596,0.00010349819033700904
53.23781577995875,22.010471686332284,14.300354085586765,10.451275297474579,8.315064762452968e-05
52.78222536345945,24.328627574492316,14.097211211104524,8.791843125328663,9.272561504730007e-05
55.00590757829467,19.817855488993228,10.779461473092912,14.3967056648574,6.979476179095119e-05
51.62126201890178,22.50696884666781,14.152361165109772,11.719324253607848,8.371571279707795e-05
53.76909107784213,24.03449323416515,12.048108113675923,10.148220702302412,8.687201439792649e-05
53.41412187378282,22.314489937856212,13.182634839975787,11.088653545656905,9.980272827500762e-05
50.38115933948143,23.12247241477931,15.196958232016499,11.299325118654819,8.489506794489505e-05
51.115034481403534,26.635755037237747,10.283797704268164,11.965317336366335,9.544072421666623e-05
48.42919388703728,29.221646790882,12.400875707704216,9.94818300255423,0.00010061182228073842
50.11043458317717,23.51104732662693,14.75834669919293,11.620094375891748,7.701511122808401e-05
48.8834808022073,24.4519023912697,16.26778139874577,10.396736303598225,9.910417901046828e-05
58.0088176297902,21.008947216428545,11.421976754855955,9.560189754075603,6.86448496823917e-05
50.994054572259174,25.834245635701542,12.478435653448795,10.693178791908247,8.534668225458233e-05
49.54472122846584,26.493312039280408,15.086119156084948,8.875761232750897,8.634341789660904e-05
49.77685430350488,23.029952744286035,15.383046487573285,11.81006452553539,8.193910041852918e-05
53.25149078040931,22.361745065094794,13.3736528441909,11.013026523961862,8.478634312443414e-05
51.969628410646564,23.85155908902752,14.097631690882451,10.081107524037785,7.328540568846847e-05
56.10692340040939,24.03992883068012,11.974509609483984,7.878547539989275,9.061943724786222e-05
51.284843673609956,25.293271828800084,13.841522854803031,9.580264532399662,9.711038726984183e-05
58.458962696886864,17.09876310104457,12.554424226389902,11.887785098401569,6.487727710491513e-05
55.40020439985391,23.707459209519683,12.080887119494054,8.811369191018818,8.008011353820139e-05
48.83854655065353,28.51774010043308,12.393282040978614,10.250347070765663,8.423716910454429e-05
56.01030359894628,23.024088891259737,12.462491116860425,8.503022984282607,9.34086509415966e-05
50.970593647317905,25.46786371256824,13.616326235097315,9.945116808606025,9.959641051199812e-05
52.43681467565554,22.31952437118842,15.832599595899675,9.41097007712857,9.128012779435228e-05
54.955324108729954,22.90790874856353,12.855799665814544,9.2808736595149,9.381737710349654e-05
46.077342150258055,29.04887211370347,13.99631145888943,10.877357664325285,0.00011661282374976357
53.82022367367859,23.442710255924286,13.065706299149454,9.671282720822717,7.705042495404296e-05
54.86681065287026,22.905673289494004,12.460199525466797,9.767227231479941,8.930068903222744e-05
49.04038856372522,28.62077957553379,12.289149162238864,10.049602542979876,8.015552226428998e-05
53.04596005204871,21.996626762059314,14.935415161309551,10.021904161657785,9.386292462528391e-05
48.45033565422365,27.291200281779787,13.204965454355152,11.053409815857849,8.879378356545777e-05
51.97785428603493,27.6514023359906,9.907755253294331,10.462907773357118,8.035132303321604e-05
57.6763625906382,13.930264086532231,18.125693358365798,10.267575176810476,0.00010478765329918882
50.627846921162735,28.07588543394475,12.753362839508481,8.542829819887048,7.498549698356652e-05
54.24523915655393,24.045726312588293,11.655361478825766,10.05359717058788,7.588144416074693e-05
53.94333981632875,21.74969779471112,12.144127568853037,12.16275664458325,7.817552383038155e-05
52.975007523293236,24.57923680487279,11.547767403821958,10.897904450518386,8.381749363724909e-05
48.466224737950085,25.424111918819424,12.894329530031701,13.215236227989546,9.758520923316948e-05
52.705578455775125,21.854982541028903,14.080932253056869,11.358431784764958,7.496537414585698e-05
60.03180496764215,20.6413536464218,10.606490206382505,8.720270407817427,8.077173611862248e-05
52.8868137096418,25.65571722445569,9.85301383678395,11.604376589473413,7.863964515110346e-05
50.47659502545624,24.580424814080907,12.553360108557813,12.389510356279478,0.00010969562556236685
51.9382309532316,25.00578522751503,14.023755598401088,9.032152721855226,7.549899706088969e-05
53.739056384928304,24.38426800390692,10.469434577535626,11.407149913779966,9.111984919278221e-05
57.85407064231581,20.906779701689032,12.004680315938367,9.234396961248112,7.237880864633512e-05
46.97957482068819,28.153611580706738,13.877275682482477,10.989429950495401,0.0001079656271972063
51.62570057480272,29.256164224926874,10.987740464931157,8.13031581911893,7.891622032224168e-05
46.734289226024046,25.012369732270855,17.18656079074919,11.066661104609448,0.00011914634644748367
53.16352006768563,22.99924974542858,12.837279475994167,10.999871529458416,7.918143319920818e-05
56.73460712611942,24.233196634003953,10.14844560576856,8.883664165915366,8.646819271909966e-05
50.88327298671278,22.16707070148896,17.25078666300979,9.698773576327092,9.607246138073577e-05
53.05585291057204,22.011544854011955,15.149537645255986,9.7829666927101,9.789744991245545e-05
49.17538029589963,25.744894997120532,13.043723582113875,12.035918846737594,8.227812837061686e-05
55.17345554597238,21.767585633314365,13.159092244856035,9.899800340211936,6.623564528436456e-05
48.29195667702187,30.126844302894195,11.42803496683547,10.153057453042265,0.00010660020618682715
44.67435079037406,27.756574777687405,15.922032329140276,11.646947855221423,9.424757681937543e-05
58.372541502567465,19.122655241143242,12.042139849397001,10.462599077899863,6.432899244893527e-05
52.07900676023842,21.18396643635581,14.764432710958495,11.972496676189937,9.741625731430833e-05
46.99601364147366,28.98298580305882,12.96154930561468,11.059359340244775,9.190960807403563e-05
50.28518093837933,25.57108284780761,13.418570233203347,10.72508015646525,8.582414446772283e-05
51.23490032436455,24.11357167719356,15.102212815058259,9.549224259195617,9.092418801996757e-05
48.12160907649303,24.288226948190093,16.079239130952576,11.51082751762066,9.73267436393528e-05
47.21416336757947,26.655381575942698,14.82241415701725,11.30795421419588,8.668526471829473e-05
54.0480183848165,22.36848220509359,12.20498541278974,11.378408578331591,0.00010541896857414707
56.03859611230063,19.155346601789567,15.772251361169017,9.033737112349316,6.881239146362167e-05
46.634698741014454,26.21410633720328,13.615387630563655,13.535683540551089,0.00012375066753587876
50.85669740863926,24.702348447921153,12.944023193739609,11.496822012172753,0.00010893752722762975
52.713661108763546,23.090169491177154,14.83421511247697,9.361859211593716,9.507598861564517e-05
56.05458225061566,22.477771969153107,11.788939771024785,9.678634657462421,7.135174404247073e-05
54.28048102606587,22.02120201421763,11.99838627430528,11.699844025329318,8.666008188289296e-05
56.61811069076547,20.91845043398187,12.655008564743941,9.808357628741483,7.268176724245165e-05
51.84337646552307,25.916938981952665,12.391152991413803,9.848435673136542,9.588797391446562e-05
51.00091609357692,23.663622338057273,14.24940578367757,11.085959743959743,9.604072848371256e-05
50.322292724690065,25.43395851936926,13.509045387770168,10.734604123092623,9.924507789476207e-05
48.32176182365994,26.130524558328016,13.41857454860448,12.129047117332075,9.195207547963261e-05
50.52903599582268,26.39752381461552,13.3237941838628,9.749551385088699,9.462061030828873e-05
53.218744105080795,23.428578891303214,13.768429576342772,9.584152234725227,9.519254798897979e-05
50.780897285227496,25.296030138767062,13.316520340866422,10.606452608792635,9.96263463810146e-05
52.37793548296787,21.413482661175525,16.261692115117903,9.946803304091894,8.643664679244316e-05
50.67362690322188,23.40432039825008,15.907186251570153,10.014752918406126,0.00011352855177792812
55.191140732627645,22.449404405326913,12.633220959759775,9.726150669979129,8.323230654926054e-05
49.26506612776322,25.367590203466765,13.3382982093644,12.028962432747928,8.302665768833724e-05
55.93730290673927,20.79382436223777,13.230062714242214,10.038718808713892,9.120806685738895e-05
53.30124771642624,18.99070707747614,15.333915151454539,12.374039362664242,9.06919788496149e-05
46.19350091031076,25.65667917702555,16.489544697701426,11.660201051361673,7.416360058716574e-05
50.11521276144767,22.38874998543817,15.098168840055642,12.397760044198346,0.0001083688601607794
55.95417228054534,21.432035160156595,13.184504627407941,9.429205437033673,8.249485645657485e-05
53.84839369881569,21.2569131192412,13.154154766352693,11.740452239967997,8.617562242766603e-05
51.327081083918735,22.343354515400165,14.595258480311177,11.734226455797508,7.94645724119161e-05
51.67411648528043,25.365516082846977,13.964035744361414,8.99624698916027,8.469835089932696e-05
52.999064229833046,24.87973439398289,12.234281635574463,9.886844187051892,7.555355771466528e-05
51.84911485774556,24.49179982117108,12.894699631816767,10.764283856617704,0.00010183264889887236
53.40617685024195,19.758345386705795,15.193110113254315,11.642270951057661,9.669874027508222e-05
52.06173498685378,24.440197994137176,13.292541557030955,10.205427649655032,9.781232307111282e-05
49.12277833931215,24.99031736385014,13.09693114713447,12.789873523342333,9.962636092391007e-05
52.1730594285708,24.04109251513692,12.630933238815553,11.154838258462874,7.655901384836524e-05
55.128167108646075,24.077062447189938,12.20414361518145,8.590551162977714,7.566600481515558e-05
50.53783431269663,25.329382002050416,13.248162092415452,10.884536004616715,8.558822078191603e-05
53.39166753491288,22.279072552422637,13.153189487705774,11.175977510966236,9.291399248416264e-05
52.867922169044576,22.003410598820146,13.696768707879588,11.431810630917646,8.78933380507496e-05
51.06839116262264,27.27674694097374,11.200599527545663,10.454181452598606,8.091625936309267e-05
49.33414844436302,24.663770446832643,14.478139160928702,11.523841588649868,0.00010035922576356989
50.76362361393769,25.366213598509148,13.562740259554051,10.3073230473703,9.948062882695859e-05
52.04150262869596,28.052143575520468,10.376202666230771,9.53006003132429,9.109822850782302e-05
45.965556309970005,29.876835930099848,13.257903937829434,10.8995963634077,0.00010745869303353127
54.753844279367236,23.101387025638754,10.826935652385515,11.317729211315266,0.00010383129323434756
49.14134350962775,25.04560727086672,14.414820305178743,11.398129297031472,9.961729530309719e-05
48.24322070701024,27.580049296365093,12.666840000735736,11.509800406847843,8.958904108631294e-05
55.01119501010348,20.304706139645546,14.304022431250404,10.379995320659985,8.10983405962367e-05
54.173565839298085,21.83521038488707,12.462839687304998,11.528303141647957,8.094686189258419e-05
57.13925171997185,21.678215907183112,12.185419868067235,8.997039838334029,7.266644377478371e-05
53.24979348250236,22.213032686257407,12.86020927788279,11.676851551645113,0.00011300171234771154
54.67281166793173,22.106673319220334,10.764972809466222,12.455448907283587,9.329609811768476e-05
46.94580338240157,27.49620272440187,14.109107607835913,11.448801996352357,8.428900829499757e-05
51.44938764402668,22.04149932593834,13.924396657869998,12.584628431984408,8.794018057689304e-05
52.58439918501367,19.809199829058926,15.413677973168094,12.192650300145493,7.271261381194922e-05
50.237897649743765,23.537762684310838,16.14232173610432,10.081905655704274,0.00011227413679874016
51.455928968498085,21.16774157061393,15.354773773725618,12.021446561719607,0.00010912544277175495
38.72541652970219,32.691523921175694,14.827561464200992,13.755390280947532,0.00010780397357735317
47.85910305324273,30.759965898596082,12.197016638636523,9.183830295098225,8.41144264422397e-05
52.513045328584894,24.698142238653777,11.531908317605769,11.256819854739,8.42604165475781e-05
55.19860342214968,19.384890720955454,14.645240931557712,10.771174608368488,9.031696867834181e-05
53.52016033714514,22.053686838224763,14.622033866284148,9.804027506274911,9.145207104216891e-05
48.523656728789156,25.34252122845136,14.745019982767198,11.388696784857164,0.00010527513513040158
51.84394392556402,24.74165367050072,13.030651374994948,10.383657731340048,9.329760027152063e-05
54.76505183774746,24.056843866615605,11.202279672879566,9.975730855951294,9.376680607355796e-05
56.187111999704065,23.057473063066684,10.422770871790755,10.332567040185461,7.702525300824379e-05
53.33170989885291,25.6228013021279,12.952295161560171,8.093114794462492,7.884299652050727e-05
46.329727785463724,29.61769151199488,13.63174780344486,10.420733366520558,9.953257597248845e-05
49.834289995499134,25.198494055945886,14.293359839084093,10.673772264236794,8.384523406330095e-05
58.13986806157878,17.51152348196789,13.786243328371784,10.562268958647056,9.61694344909317e-05
56.59667948166953,17.46030823296009,15.51054759372934,10.43239043261231,7.42590287299484e-05
54.4352120441841,24.948153723174375,11.746682606045528,8.869874816074628,7.681052135699947e-05
56.125845697220235,22.977549743069495,11.272174625619266,9.624356751643926,7.31824470879044e-05
51.198087039377896,27.294123395937486,10.750275524848227,10.757412871707325,0.00010116812904786284
51.71783831257207,24.99612801823463,12.623445282695634,10.662510107772826,7.82787248304603e-05
56.80418668241375,22.172977013770485,10.773171132826239,10.249579352466805,8.581852273255326e-05
50.14123955143472,20.921043196971905,17.009128481347844,11.928501075948912,8.769429663144778e-05
50.83603045977533,23.933897632085284,14.757291819545326,10.472692318401567,8.777019251723361e-05
54.130058615493596,23.469232608700157,14.137386031793095,8.263233071720387,8.967229277935378e-05
57.43354718712169,21.881901465477412,12.486925719618577,8.197550311128516,7.53166538071347e-05
53.50579580598335,25.116694169416654,10.56674759202194,10.810673437410003,8.899516805635744e-05
47.753956871719446,25.528415312830532,14.549167180880154,12.168354420365665,0.000106214204200711
50.05948747388565,24.2811881995208,15.754315432186228,9.904897250167533,0.00011164423977931197
49.102711844735325,27.031471243837746,15.010899925124994,8.854826647062815,9.033923912273582e-05
55.764184447102636,19.66358234288731,14.287925429787842,10.28421492609766,9.285412454975879e-05
58.50839234320906,17.87810389175886,14.281353978787878,9.332070002004102,7.978424009248113e-05
47.90001126325569,28.779089536578407,13.218889468389586,10.101932372082295,7.735969401752443e-05
55.6850074078526,21.11159560320488,12.955982281979983,10.247340667192104,7.40397704134652e-05
49.62160758326905,24.63977552207887,14.724922732204618,11.013585599004989,0.00010856344247721868
56.2908830332424,20.148817600880083,11.70554595099816,11.85466565259172,8.77622876482895e-05
43.23519371017209,26.93714475936678,18.883267052940674,10.944281899262895,0.00011257825755376405
51.86593725530911,26.822147203184414,11.400939450503115,9.910876490841439,9.960016192842718e-05
47.611678352057716,26.78109998623921,13.607624442888602,11.999508133159077,8.908565541195923e-05
49.53778464455073,24.36864043295693,15.072103707514925,11.021384844059378,8.63709180321118e-05
55.26494574119474,22.252176816567616,13.893643393001243,8.58913979311374,9.425612269632649e-05
49.793871622705346,25.388643078725252,13.19445008603067,11.622948595937636,8.661660111812228e-05
51.36201705198751,23.113884213054543,14.212692964803844,11.311311970157664,9.379999644636367e-05
47.39816917299195,29.629055134076822,11.115851250448086,11.8568549637955,6.947868764549454e-05
48.770606521852386,23.616891458973182,15.306002605387523,12.306395136634618,0.0001042771522903797
53.157222038683436,22.73008403512846,14.036946048490325,10.075667555046449,8.03226513314103e-05
54.4455944359866,21.58627274819257,13.710344983018985,10.257686493706956,0.00010133909488307063
52.286201535899444,21.567762306354375,15.096947786487478,11.048988822512426,9.954874628163578e-05
54.794975437155834,21.335439428909943,13.459997187731604,10.409502436563054,8.550963956876542e-05
50.4056241698106,25.47569531158364,12.648318799040783,11.470275320382012,8.639918297242162e-05
48.24989750981428,25.94163540721687,13.539468322362255,12.26891690462857,8.185597801234888e-05
50.67308032402937,22.636811029595687,14.903339813918748,11.786660499932259,0.00010833252392632435
52.826024155770426,23.077544287383343,13.708712507827736,10.387649546906049,6.95021124405589e-05
55.58827072885275,23.492609657008494,11.501057371388567,9.417986502889693,7.573986048740411e-05
48.370183465948294,27.288476525911744,11.979245675041478,12.362016272042501,7.80610559830551e-05
48.03616067455733,24.139631705110908,16.69531379317769,11.128800869417372,9.295773670093147e-05
46.86772181286904,25.797533366962096,15.116012463154222,12.218660887621628,7.146939301768983e-05
54.31648365035262,23.647999370559962,13.18422070160213,8.851208999543141,8.727794213893653e-05
54.31484109000076,26.695570871409963,9.65676302619823,9.332734328729748,9.068366128795345e-05
49.83724937195378,22.22329280477685,14.595512922162236,13.343851407382168,9.349372495931188e-05
53.83860629728219,22.289293760697166,14.371514836672594,9.500501691432191,8.341391586539022e-05
53.04631485828354,24.560109191904463,11.82415754793261,10.569328583380099,8.981849927089442e-05
49.52327119635809,26.451482965716,12.914085949364285,11.111062785547372,9.710301424977758e-05
49.47356463049914,26.679273394189217,12.588200974859326,11.258874991166829,8.60092854877161e-05
57.933883942004464,20.759829287204862,10.697178454876852,10.609036472229791,7.184368404431392e-05
54.757220374046376,23.34948401704966,12.027574932723164,9.865622304314181,9.837186661724513e-05
57.56841608612703,20.451548795233677,9.593462822673187,12.386488864102411,8.343186370758186e-05
54.59378421226503,22.419128712177507,11.186039218707203,11.800956337050222,9.151980004701113e-05
51.57298544819816,26.308446003150532,13.483238349778329,8.635254265579945,7.59332930228447e-05
52.8798756620653,26.808267235518322,10.89950086815758,9.412256821830537,9.94124282477563e-05
51.348769457069324,26.4025306368097,12.561804358973172,9.686813083591844,8.246355596179689e-05
51.33765858063468,27.104161599418457,10.97571220451473,10.582376878471845,9.073696028347716e-05
51.06569599854795,22.207262544488668,14.22457289817515,12.502364556584602,0.00010400220362179291
45.71700109218247,26.466797043484565,16.07691489262985,11.739199571745763,8.739995734469428e-05
53.512630900462334,24.26801784940893,11.474440135020995,10.744792656399081,0.00011845870865742918
48.29525606959872,28.96527367530068,11.401357823829951,11.338017871637268,9.455963338527709e-05
45.46734806582603,27.919696012490792,14.263667429756765,12.349220898802553,6.75931238495586e-05
50.84641953230078,22.195277692896298,16.74459050329911,10.213602604070548,0.00010966743325716125
45.47568193149225,26.600123936493546,16.30551498080925,11.618581954572637,9.71966323069532e-05
60.98493980601114,16.559301068242203,10.71155904592259,11.744101300195391,9.877962868995848e-05
51.9697399391733,23.243102163908443,12.876308771816378,11.910760860467121,8.826463477463035e-05
51.3985634841334,24.48138338251394,12.530159351438133,11.589796053962509,9.77279520048331e-05
53.34086044429503,23.160515848761758,13.33041005674346,10.168126355249473,8.729495026888109e-05
51.26509565615566,27.54789231019586,11.631125820049204,9.555806927504976,7.928609428604087e-05
52.32202720941596,22.699144738516324,14.321772335939986,10.656977557294415,7.815883332905818e-05
51.24942009981801,24.679137052373314,12.815186432567248,11.256167621553468,8.879368796585564e-05
52.43144988504677,21.825980204466767,13.07891051887794,12.663565174741448,9.421686709362758e-05
48.770801978037134,25.8161927807019,14.687036902623754,10.725875633140324,9.270549687270989e-05
49.9262846389411,24.988984174164436,14.733546048066529,10.351076790919981,0.00010834790796365204
54.6997996385575,26.06355586951411,10.871884500886688,8.364658367878402,0.0001016231633019882
53.621533398867406,21.295804591790098,13.3735023477087,11.70908278793276,7.687370104746465e-05
45.32467582790138,29.147260478614502,13.539496117075458,11.988470343265185,9.723314346166744e-05
49.76778540914287,26.603970160116642,12.987320188037607,10.640843091045262,8.115165762534801e-05
52.8039066803066,22.65229717498239,12.830966304358112,11.712721088411556,0.00010875194133592665
47.755573241454016,26.85348554355822,14.564961788579907,10.825861700542951,0.00011772586489751383
52.290322035310666,25.436039537935844,11.354999147138054,10.918551696137904,8.758347754187642e-05
55.423571891313664,19.37694740534648,13.736644957118804,11.462756213874444,7.953234660932629e-05
54.97080833579792,22.202053329755252,14.055833335738027,8.771205316408759,9.968230003821229e-05
54.62033686985559,22.670406795236538,10.511188929407684,12.197963883847248,0.00010352165294199884
56.208390339418635,23.865111753738905,10.244774679851227,9.681632068623307,9.115836791114939e-05
50.489589256474446,26.313071279273554,12.959897571355814,10.23734280700691,9.908588929223044e-05
51.550369152834094,25.863250927488313,13.056232504000134,9.530075079446972,7.233623049296932e-05
52.95923857319782,19.408635109453872,16.436981511970732,11.1950516689929,9.313638467273004e-05
51.80216675284323,22.63817989751757,15.368246236940717,10.191331609111327,7.550358713927891e-05
47.06360616784677,25.085117536240958,16.009823888170395,11.841365115574359,8.729216751926489e-05
54.74386087280233,19.842679639157122,12.875931639825705,12.537438343766208,8.950444863255904e-05
53.08929836052666,22.5334838952444,12.4771693445167,11.899935427268108,0.00011297244412815713
54.382697932642984,23.040242469309877,12.834222637301677,9.742752192348977,8.476839648446044e-05
53.30304461132383,22.458209592325513,13.754172409493512,10.484493549910315,7.983694683771475e-05
42.807534623510996,30.180209692001768,15.381260148551604,11.630883405425124,0.00011213051050506002
54.00294937028263,19.420113540181845,17.392222378753527,9.18461684469021,9.786609178131425e-05
51.915012852365614,22.124282212507566,14.406970142702736,11.553640324570683,9.44678534087053e-05
46.38204344304017,23.920999712103026,16.93427456259354,12.76257812232596,0.00010415993732024778
56.32883442400542,19.528282243430926,12.639106847516793,11.503689299906213,8.718514063788303e-05
53.13865379887235,23.679235009876905,12.7194900561714,10.462536313036571,8.482204277677193e-05
57.522938196677444,19.773849315873218,13.10882453670848,9.59430621219972,8.173854115044002e-05
53.34408962837244,23.784843554404926,12.740004902802593,10.130980046453677,8.186796637096983e-05
55.4529741279402,19.29058157632787,15.046402473271945,10.209969136536374,7.268592360693552e-05
48.03117832539577,30.88638665326589,11.335884202627142,9.746461769141396,8.904956978448493e-05
51.43650668429404,26.256943028616913,12.745505177973165,9.560937758160675,0.00010735095520056051
54.61094065976124,20.203910884530217,14.290438076358594,10.894607383137307,0.00010299621262444
52.97073594578552,22.90532277830917,14.16458469515533,9.95925337220941,0.00010320854058617414
53.522627033995064,23.227983400940992,11.499445893549181,11.749860386917568,8.328459720518103e-05
54.13955818787485,20.131894944782914,13.572133758716543,12.156334365033345,7.874359234361168e-05
50.91891257741319,21.850300618682667,15.451076918207054,11.779626888566224,8.299713085563831e-05
51.674015467375234,24.13832661090129,15.077209698124408,9.110358179194968,9.004440410541935e-05
54.07176702051589,18.805010395349473,15.546433993339475,11.576688264241767,0.00010032655337880578
52.56459914328079,22.62852888998936,13.96460549142972,10.842185552350164,8.092294998110407e-05
55.29537021016059,21.604693262899854,12.399177211028075,10.700665244374086,9.407153740748516e-05
54.286900333667944,25.46271957025957,11.431260873002131,8.819044405163659,7.481790671194107e-05
53.601587744679534,26.445241137411813,11.3955996959635,8.557477803378118,9.36185670323886e-05
54.55900652552469,23.051010641389468,12.927740185954494,9.462150835874535,9.181125681906561e-05
58.521448617617565,20.782876064692907,11.118552201564418,9.577044624302406,7.849182269903695e-05
53.66416620523148,21.950405369769342,12.425693089100262,11.959637469475027,9.78664238804926e-05
59.77009618165593,17.95631801246381,12.881881333766371,9.391638286781404,6.61853324784576e-05
48.90942444090275,26.496484532247134,11.318241245012201,13.275758587226527,9.119461139369412e-05
55.07072924266018,22.563990666783187,11.689839743058261,10.675344605578337,9.574192004101027e-05
56.33875905022744,23.590672572244276,11.392891124974636,8.67756204323481,0.00011520931883673281
54.754340114215815,21.842600742317185,13.10270466495049,10.300268899926664,8.557858983491684e-05
53.23273706129522,22.920984065123896,14.712215516003061,9.133973368329002,8.998924882778191e-05
52.10964347422833,21.59950762374566,14.413156476493839,11.877607070684704,8.535484748230872e-05
52.58522875034309,22.400935354093036,15.842887866588672,9.170871518384168,7.651059102116906e-05
51.721104917408724,25.053516151961126,12.597023496155096,10.628279833558164,7.560091688875387e-05
46.390805990744376,27.755558858887326,13.935113614805198,11.918427658356796,9.387720630380237e-05
54.03837720047328,21.592823200410262,13.56709101723563,10.801639904006636,6.867787418587796e-05
49.388168723632134,25.019117340217566,13.903767112831957,11.688855853996081,9.096932226165668e-05
51.49695611828417,23.763282740763966,13.041014684734344,11.698657539631387,8.891658614762629e-05
54.99224802090925,21.410468451082988,12.661804525649659,10.935387667213215,9.133514488449136e-05
51.87308530898035,24.00934817180728,12.58832988397654,11.529157600104028,7.903513181027059e-05
52.536607782235514,23.828574136140837,12.068418905958765,11.566315122331309,8.405333357583296e-05
53.87134912452931,22.57078606569626,12.912398449292093,10.645370991643356,9.536883898036248e-05
44.77136442184122,28.50792074699207,16.60630664996047,10.114302145238838,0.00010603596740247804
50.389876995493324,23.241498966684865,15.100939961987493,11.267579045207855,0.00010503062646947745
55.93562982447043,20.4696250708222,13.321448658335438,10.273189732636375,0.00010671373556354105
53.999789441516036,24.54674219070639,11.88306007118094,9.570313473191899,9.482340472889272e-05
51.03212319512372,23.72177364322313,13.601642072581473,11.64436609546645,9.499360524323955e-05
53.37731555931946,22.985168390197295,12.497909771974784,11.13953091727153,7.536123693093115e-05
50.34194874779971,27.421441760488985,14.070302289532766,8.166214149464855,9.305271368339694e-05
56.46887448992462,23.892558295113727,10.568215647266957,9.070272216091906,7.935160279081664e-05
55.30828459664085,24.3953495383049,10.547079009075674,9.749216325933574,7.053004501577624e-05
55.82175617263812,19.66473996881283,13.462253596063306,11.051163509859816,8.675262592290632e-05
55.00301884755081,21.626302464027887,14.089155170193996,9.281438543936272,8.497429103843904e-05
46.76926205203023,25.67731212976203,14.62585380223637,12.927479287298752,9.272867260965613e-05
43.02764362876126,29.504708268253506,14.646035375174977,12.821517104830097,9.562298016197627e-05
51.26350221029866,25.947851401920886,12.898409607704304,9.89016426261798,7.251745817247011e-05
51.82774104098071,27.71104065678039,12.283157508265125,8.17797378295646,8.701101732311749e-05
56.67681740760463,20.442559361004605,12.81846152123832,10.062072655147512,8.90550049250541e-05
53.9534006466492,22.015400154508935,12.39261315499828,11.638512023076162,7.402076741497895e-05
55.74643201995225,21.839167712734326,12.77398961404536,9.640317275782861,9.337748518918874e-05
56.46629150994319,18.57369039911442,14.608832802870971,10.35110522070075,8.006737066395914e-05
54.51789589380306,25.84575812584798,10.962300107646719,8.673962313113849,8.355958839767415e-05
54.430908759066135,19.27441167580037,17.312939825753656,8.981638156208787,0.0001015831710402145
51.31144576946591,26.010646577496637,12.86933701994667,9.808496076187156,7.455690362256376e-05
53.210510594632254,24.579889844824756,11.898231175769672,10.311281311054367,8.707371894900283e-05
59.522322331355596,18.75813567850646,12.448186166603415,9.27127113312438,8.469041016056688e-05
47.24120035833175,27.41454913191317,14.311779702004227,11.032377865016771,9.29427340691319e-05
54.3759862448414,23.913170815942458,13.526321125069025,8.184446853607364,7.496053975696573e-05
56.39392711962168,22.887956943977773,12.131103032531044,8.586928612016692,8.429185283116036e-05
53.67104382031744,22.12496402546952,14.035997669672826,10.167910121357865,8.436318234155949e-05
44.44346651048201,28.264063435275144,16.19104454216215,11.101332706917544,9.280516314347879e-05
55.51747873685298,22.46736190184118,11.091769111097886,10.92330872734111,8.152286685333358e-05
52.0774408921594,22.044169602043244,13.39605898590329,12.482240513685602,9.000620846088167e-05
49.743525718720974,26.572899655558054,12.85300831590229,10.830488670780165,7.763903853502598e-05
45.77873349794766,31.574400591004455,12.176220970317848,10.470552636745225,9.23039847950132e-05
56.4731904191914,19.43080288918629,14.975386313515221,9.120516724710024,0.0001036533970742523
51.58407395089656,29.25423239020431,10.056162151230552,9.105430317476925,0.0001011901916458403
52.66137714780451,20.9765624726196,16.355556759532657,10.006399609901099,0.00010401014213194662
53.52559181352385,22.15102461314465,12.43118387425845,11.89210268477688,9.70142961754462e-05
52.049468638670426,23.06184352720385,11.05284886758504,13.835732032026963,0.00010693451371782773
47.16787185932716,27.477422284611507,14.475082909776058,10.879534682156185,8.826412909988654e-05
50.615631510438476,25.53458795255813,13.097137947670461,10.75254912314806,9.346618486430987e-05
49.95301380422453,26.58771745783619,11.942481615703288,11.516705908442768,8.121379320894678e-05
51.13326294583898,25.828098262119976,12.376548823758917,10.662001695972386,8.827230976104828e-05
48.28726165431231,29.800144195763963,11.647825635299752,10.264666675256972,0.00010183936700870606
56.44483909439491,19.063373976197724,13.507578619138872,10.984131965818822,7.634444966182073e-05
40.97122791758138,31.868952606117347,14.754111540601569,12.405603893283963,0.00010404241573555058
56.80308559190309,19.713085445518207,12.879795980319392,10.60395408824272,7.889401659127838e-05
47.8295442844417,23.760100448951576,15.665255765454255,12.745010262352816,8.923879964605232e-05
53.787269618708244,21.53559316346694,13.089580042268183,11.587460819043963,9.635651267308032e-05
54.66327533175419,19.642136756784822,15.113008099708965,10.581493824740758,8.598701124892958e-05
54.114344477275345,24.756430784944857,11.939615075441273,9.18953138162006,7.828071848454854e-05
57.574369145037764,20.90276252204029,12.170079598987707,9.352694126398584,9.460753563352999e-05
47.28779749921434,26.551667789362753,15.239881845035613,10.920559550333973,9.331605333092872e-05
56.85968639641007,20.17355483529803,11.432366580208834,11.534313168065953,7.902001711471619e-05
54.46740620386946,23.820536372838873,11.499163960648302,10.212807324987757,8.613765561261462e-05
52.69946486506725,24.50965448609146,12.949717694302034,9.841075545693352,8.74088459026918e-05
53.02870232876656,22.07717470063457,14.736247873127143,10.157798085097186,7.701237454787095e-05
52.81825972978332,21.29505184361031,14.25160563492226,11.63498539686656,9.739481754429356e-05
52.30071772720931,21.556717059459597,16.133067443329967,10.00942532803098,7.244197015406813e-05
51.731536996112105,24.78942280751916,13.07043023036481,10.408543438542452,6.652746146419241e-05
47.1196260717206,31.15911151151,12.997681636712352,8.723493342917292,8.743713974514271e-05
48.207284099551394,23.174047949392985,16.447729005430148,12.170827735682774,0.00011120994270605699
55.16017117470368,22.119887776455734,12.697744221514352,10.022127316319407,6.951100682554061e-05
49.363865655042886,25.13487057953509,14.542822841526396,10.958355642517747,8.528137787102162e-05
53.434164809567065,23.951828185209553,12.064428444693547,10.549497752700669,8.080782917035068e-05
50.8089762014745,23.478993078560997,13.981682827979508,11.73024888539161,9.900659338391188e-05
54.53709956909283,21.214216726091287,11.90482541201198,12.343771709532465,8.658327143872773e-05
51.94032857263655,22.98020947524328,12.98830050569486,12.091073431426743,8.801499855987834e-05
59.170779716644105,18.494061419479795,12.490117537080145,9.844954585725601,8.674107034803156e-05
49.43330408424573,26.990969384949704,12.436450348069487,11.139170875612027,0.0001053071230554344
56.322623080648135,19.731085570953006,14.539602094345222,9.406591590697323,9.766335632117275e-05
49.227880178408874,25.400705457670885,15.353908184504414,10.017410566760567,9.561265525763115e-05
53.17410451042086,22.676962310303356,13.245141220092457,10.903695973331574,9.598585175123364e-05
49.73051596761373,23.21223631813773,15.976815846766904,11.080334813691845,9.705378978355017e-05
52.1212150991497,24.276066191703542,11.619746343274002,11.982879277795663,9.30880770834948e-05
51.18112562170353,23.461240215388383,13.545398887196528,11.812142955640983,9.232007058006173e-05
57.276682062875054,20.509995584061198,12.417472089180631,9.79577148087354,7.878300957410658e-05
55.96612004212756,19.09169212505371,14.519476557253435,10.422615740698973,9.553486630669283e-05
55.02669898773279,22.4960502628866,13.845568777509387,8.631607281195418,7.469067579352224e-05
55.730071036765096,23.236405084467343,11.777880350279982,9.255572581359283,7.094712829181644e-05
52.17880281195569,23.32233186872751,15.93019890660267,8.568550281795558,0.00011613091856790359
45.06371629773886,26.052065024295185,14.859783733737498,14.024338332770734,9.661145772836231e-05
50.28597254974332,21.9335104609927,17.18461708836178,10.59582956984523,7.033105694210055e-05
50.63730569062043,23.05267732105241,12.60652039297921,13.703400833760584,9.576158738511477e-05
50.312477679966086,25.474520621805702,12.526788877612171,11.686134935083112,7.78855329121511e-05
47.069969940518895,23.029742928523795,18.04236557300691,11.857816287976636,0.0001052699737592501
49.9364465472118,25.37524536473878,13.514408112798899,11.173811544624348,8.843062619090777e-05
51.68512038476757,19.08234736134058,17.151079977605484,12.081367189488505,8.508679787857527e-05
54.61167589270919,23.6573775847522,12.856826098703793,8.874012963532179,0.00010746030263102823
53.97910192673648,21.037334249751645,14.591510471222211,10.391970671567451,8.268072221043547e-05
46.81553497893981,26.266662695649696,14.365108944932803,12.552585753335627,0.00010762714207350692
54.55238603960677,21.390487390429506,14.604002724632833,9.45302679818369,9.704714720219989e-05
52.79796515159197,22.840098125911098,12.986645126903829,11.375209803173673,8.179241944448794e-05
55.55479037800233,22.84605531152782,13.105984440870852,8.493068724629088,0.00010114496989682183
51.44922050882236,23.885746554810485,13.738472277793424,10.926434989869248,0.00012566870449799591
51.41929574727845,23.62065666263628,12.715615547438436,12.244357439794927,7.460285191946142e-05
51.54346205864848,25.27590467755349,13.187381884294247,9.99318178097278,6.959853098801551e-05
55.152173909478094,22.953930292016192,11.506229757911253,10.38756297889372,0.0001030617007557038
57.10239643759656,21.47600391141032,11.029607441588258,10.391901126119773,9.108328508966258e-05
46.77381267054942,24.968086215852587,16.37471984156744,11.883266318329346,0.00011495370119505072
57.549275467437035,22.796292705195402,10.864546622356562,8.78981642922252,6.877578849013089e-05
47.91187279895074,29.274696448558267,11.204435757031407,11.608907660347446,8.733511211641986e-05
53.649009308147996,22.888321074398835,13.443403220090055,10.019173973887764,9.242347535049819e-05
43.868479973663334,26.333688553259726,17.727149236948968,12.070600995879069,8.12402488917114e-05
55.47998450373153,19.63016673211144,14.155916061486492,10.733839910847266,9.279182326463737e-05
54.2758415892327,21.896884382051745,13.763085481971594,10.064098640776583,8.990596738687476e-05
48.12345822382511,27.575352084736267,13.427071822631481,10.874005546477314,0.00011232232984520959
52.75071489503041,21.668662059848426,14.26348794979398,11.317009427535032,0.00012566779214253623
52.12405405050383,26.43570158832405,10.792773081469072,10.64738463760103,8.664210199754523e-05
46.772528938459494,28.699387324646775,14.1287275625648,10.399255991624614,0.00010018270432081925
47.07728500798021,30.14120189907364,11.718157044378295,11.063260999684632,9.50488832332926e-05
56.88397343975026,21.747841180484503,11.735334724527508,9.632773788821352,7.686641636002468e-05
56.9605433694407,18.761650768161967,13.437158634197088,10.840569187119478,7.804108078728789e-05
50.80224204076992,25.700435319307,14.231679954924259,9.265542857218133,9.982778067948555e-05
51.91939848597714,25.433875008521312,11.849536600601873,10.797115250671927,7.465422776270188e-05
50.346688266168904,22.35865772262233,14.362485954704063,12.932086677376883,8.137912784592773e-05
56.91899198572863,17.465325862646242,14.05717451233312,11.558424211125567,8.342816643323586e-05
55.849146427223154,21.407891205946218,13.477289823592182,9.265589739102115,8.280413633488066e-05
49.31569275400033,29.2911373019041,12.417999852937326,8.975079339961159,9.075119706189058e-05
54.57902392231178,21.65815982633246,13.703868107484604,10.058866751386791,8.139248437197654e-05
52.14540063342985,26.434362584829724,11.615434688201098,9.80472680997209,7.528356724195651e-05
48.12342548527055,25.304598531388358,14.174534463380764,12.397355398207894,8.61217524332938e-05
50.88436147788118,24.995326728053044,14.621093177716105,9.499117757855785,0.00010085849388675989
50.14317704116852,22.68136737578245,15.048462537406614,12.126926018863665,6.702677876457879e-05
56.00162311585807,22.287587600471216,11.935647112442759,9.775042863474216,9.930775375296647e-05
50.27633732718025,26.600095614884907,12.594166901472805,10.529296503265147,0.00010365319689437261
50.28021984201837,25.783564318299156,12.328800460509902,11.607337271786147,7.81073864243624e-05
53.19353983408981,20.041691053875272,15.045026805606296,11.719647380387176,9.492604143409664e-05
51.38802553755053,22.054873371919758,13.995135055392153,12.561880676042838,8.535909472844593e-05
55.125044463874126,18.893846754451737,13.607752661758163,12.373280617210774,7.550270520847818e-05
45.657429321966504,27.541163847722782,15.735147999944498,11.06616356281118,9.526755503612201e-05
53.53752051793703,24.344244522804072,12.465133264497453,9.653019681365066,8.201339638376833e-05
49.89921042524179,27.99098882995886,12.257863296272035,9.851850783306492,8.666522084242232e-05
52.465638495677126,25.51179474965456,12.377980820215612,9.644500412923747,8.552152897179712e-05
53.51743283304907,20.11758104811399,14.377465609959511,11.98743000579395,9.050308347013571e-05
51.881861175385104,27.942046117053447,11.511190710551663,8.664816077891375,8.591911840333511e-05
55.21190453809043,21.031015074488597,13.751495284462736,10.005505480965656,7.962199258789233e-05
56.38249265060015,23.02241524631385,10.69702265924562,9.8979799953819,8.9448458496209e-05
57.833929880940836,23.144539650573577,10.397906355744967,8.623537553679931,8.655906070801352e-05
49.08754568255729,27.322707804579093,13.705289876378773,9.884353072655944,0.00010356382889468044
53.92464704089851,26.042241743701993,12.280628591738376,7.752406347089989,7.627657113925744e-05
58.73217070251451,21.4246311255773,11.518337325254855,8.32478058011681,8.026653651068468e-05
55.05524639635001,21.51863786857686,11.972360955552352,11.453652500803562,0.00010227871721428317
47.43450544001775,24.591509875593466,17.446376921359743,10.527521330939056,8.643208999003471e-05
56.545863824041874,19.747238162805953,13.645106062689615,10.061707421997818,8.45284647386786e-05
59.943922999511024,17.899112441948944,13.45968515388895,8.697204153720586,7.52509304979522e-05
52.78970103840472,23.713517003726896,12.853565911807122,10.643136987129761,7.905893147972177e-05
48.24382130121707,27.098712637416366,13.479455901821991,11.177944952369065,6.520717551962546e-05
53.3437668263159,20.73510046498833,14.310218774398,11.610842082366858,7.185193090435206e-05
48.92248305782167,22.371591333741417,15.238366724719468,13.467462786822203,9.609689524126476e-05
51.33611611634768,25.577096792844383,12.87950632098658,10.207193994608929,8.677521242617342e-05
53.07905744677598,20.881498389436477,13.68974084014854,12.349622533543522,8.079009548587756e-05
55.337358082826235,20.620328039867,14.167797631171936,9.874396776777054,0.00011946935777158869
44.618906355297625,24.31890316156049,18.813661381437516,12.248423174215677,0.00010592748868140996
56.48859279906618,20.075984694888398,14.04713914543918,9.388209164985634,7.419562059542408e-05
51.977721436474944,24.055806108294945,14.809578118535713,9.156805859681256,8.8477013151877e-05
50.26742484469826,25.75125479805072,14.849369013372712,9.131858003586062,9.334029224725185e-05
49.45767358574834,24.446527590919796,14.628559446636174,11.46715268914071,8.668755497370613e-05
52.82949420538866,24.419064577645454,12.303665593246308,10.447682194371641,9.342934791665077e-05
55.72648798317385,21.383853339860952,12.959741923933333,9.929846697658162,7.005537368406894e-05
54.38302432374608,20.355718051149367,15.743012355164653,9.518167954784012,7.73151558820097e-05
52.82296355424732,25.624478963188047,13.1095932682533,8.442864302418359,9.991189295739925e-05
53.5059483037458,23.044663434117588,13.3093560797967,10.139929055598195,0.00010312674171594874
54.2045658779457,22.9543504287302,13.055642581471572,9.78535431007357,8.680177897627328e-05
54.32212622867664,22.2720603647613,14.07631660746146,9.32940846673069,8.833236990799179e-05
50.47003067539768,22.842139751912292,14.71281116055518,11.97494534255437,7.306958046573048e-05
56.33673439581579,19.082280221045238,14.928384977703887,9.652526663224197,7.374221089053573e-05
55.85285468024153,21.878753995355726,12.883812291726093,9.384503511944978,7.552073167510998e-05
48.75257041719966,24.347578265909846,13.87027646987073,13.02946584979024,0.00010899722954464132
49.50096249227918,25.995038959786854,13.568064593535171,10.93585574534295,7.820905584424153e-05
55.0899806038117,19.607752906347503,14.28012783292824,11.022053886924283,8.476998826584233e-05
53.3951101203846,25.64470150889927,12.288349178766639,8.671734355030216,0.00010483691927299756
44.424245442552404,24.912951202921686,16.608643494101898,14.054052692012833,0.00010716841117159985
51.99205733178647,25.315557810525384,12.01315309227214,10.67913913060675,9.263480927768234e-05
52.69488865595952,25.848335280514878,12.134023713885226,9.322648505042048,0.00010384459833647789
56.707867087330314,21.626236006184126,12.080245359661975,9.5855801390975,7.140772609453319e-05
51.92078916845164,23.7021202859092,14.611970900667663,9.765029995196507,8.964977500723533e-05
47.93320349188461,25.648155106600175,13.866897158018793,12.551625437635124,0.00011880586130610542
53.32131528211275,22.23828072415865,12.95659835295267,11.483718429801817,8.721097411536528e-05
54.458498658622446,22.790397410518516,13.805859749162911,8.94513718344828,0.00010699824785959039
49.42890122384513,28.0474653716131,11.03492272526629,11.48863690907771,7.37701977587366e-05
50.99327215320595,25.750135324171264,13.203493658144872,10.053002252071886,9.661240601829925e-05
54.72796906765468,24.363665548774726,10.938275231687062,9.970005371311382,8.478057216137299e-05
47.63583506229105,26.13730911242456,15.315698885882039,10.911068253959904,8.868544243532982e-05
46.41583071455553,28.510650503980617,13.330134608438149,11.743285600146116,9.857287958334174e-05
54.397754376167306,24.006006418890912,10.930325406880687,10.66580939510834,0.00010440295274484188
51.249926168313976,23.38226964348267,14.091064580997914,11.276634265282919,0.00010534192252032797
48.09588790620411,23.060248690609264,16.326608736442076,12.51713355874649,0.00012110799806272569
58.36431865811685,17.994164589577704,13.351945236052497,10.289515005286038,5.651096690773933e-05
52.88744577492659,24.123938772086404,14.342480200409957,8.646061752219197,7.350035783843522e-05
51.17772538723663,25.254357914749725,12.290357546528417,11.277466643105367,9.250837987801708e-05
49.88969433795741,26.51330801880664,12.5631652835744,11.033728618606412,0.00010374105515141719
60.53015907232028,15.453303315567366,14.75881169305247,9.257617013707776,0.00010890535211241345
52.07949346510875,24.176660600147564,11.939664383569873,11.804096187914553,8.536325927362209e-05
58.65040556258696,18.634939265568725,13.49973019682888,9.214851078718198,7.389629723404879e-05
53.76953128177308,19.63313746787331,15.568767870936846,11.028479387474949,8.399194182892946e-05
55.83038407862778,20.4869051471229,13.990741697133775,9.691886797904173,8.227921136239963e-05
56.38470999763832,21.215538898953735,13.39182530889303,9.007836570709138,8.922380579328146e-05
52.94120758989425,27.649228548616644,10.237753645196177,9.171718321509747,9.189478318610749e-05
46.23431690674209,25.641782446124317,14.480142034707132,13.64366220301648,9.640940999779859e-05
60.29401622245722,16.45128468555987,13.302642697665377,9.951970011680075,8.638263743158289e-05
53.16046850710842,24.04284484051012,13.52407356788028,9.272521315436007,9.176906518290274e-05
54.311770308037865,19.671586953361277,14.188388713067084,11.82816312338921,9.09021445801793e-05
54.05149247723969,24.29716927288019,11.301343455223002,10.349907469765474,8.732489163159524e-05
48.42512581096009,25.843429838283647,13.406630254877031,12.324724146165183,8.994971405739587e-05
47.154730758497905,30.315715090459605,11.716683380050096,10.812763489932403,0.00010728106000248313
54.969692157109485,21.058505878527598,12.754629039894505,11.217081713129074,9.121133933090801e-05
54.172622135823154,24.689313448718522,12.133052986066883,9.00492642035257,8.500903887750443e-05
52.83022343106687,22.85804670690938,13.420047122761606,10.891567539803129,0.00011519945899683633
47.58635651155685,25.55783132002456,13.76223210824895,13.093496986948933,8.307322071027809e-05
51.14513368867394,21.721116427178654,15.187767660266177,11.945871951685362,0.00011027219587822972
49.31941416707543,26.315800449502767,13.234809980874235,11.129901881042493,7.352150507046863e-05
48.272955520867306,23.478929192368316,13.859367153009897,14.388665754474738,8.237927972380749e-05
50.254584910862846,26.60113968657968,13.131881203344287,10.01230049192228,9.370729090872813e-05
54.631483378308786,20.806574335731217,12.152949155969136,12.4088675483216,0.00012558166926277827
57.56704491250028,21.034926065664408,12.162700014152964,9.235236149136508,9.285854585713494e-05
50.80491130879563,24.894520013250215,14.848117625203011,9.452346048251448,0.0001050044996892432
50.216408393120126,25.35446591312126,15.276925578962757,9.152122266483971,7.784831188430243e-05
51.315830903317305,25.47363016135548,12.887124781034167,10.323323458733782,9.069555926978551e-05
51.273483086477675,23.499395987876014,16.366424656220374,8.860589318330153,0.00010695109577806586
52.924899210652946,20.216800976071923,14.014552874101621,12.843659738625288,8.72005482184138e-05
50.261815868499994,25.647451687237265,13.360755147085573,10.729891826925469,8.547025170425539e-05
53.54173057162694,21.622960089129492,15.7942602833406,9.040957914481119,9.114142185359745e-05
45.22946697608887,27.540623854525254,15.076107420764401,12.153670585538322,0.00013116308315360795
53.87292842269705,21.036313738577956,12.833820623380564,12.256843367139865,9.384820457563226e-05
50.89579920157923,27.680927812113758,11.950681257584648,9.472520410344238,7.13183781248442e-05
59.96141111470947,19.662384908570708,10.661943993650363,9.714171165406722,8.881766271839501e-05
47.663867149703336,26.42635310207121,15.304665810801382,10.605015927026338,9.80103977214457e-05
53.86001865964335,24.687835869773185,11.497249873102804,9.954812409309199,8.31881714465666e-05
50.473598653350635,24.711012825458496,15.019057399779149,9.79624079772234,9.032368938726075e-05
48.84740279432167,27.489855150945523,12.979739205531429,10.682857345334824,0.00014550386657781678
59.57599184678379,20.58793321705497,9.728926637957885,10.107069757825109,7.854037822645903e-05
46.7651361716414,29.60512443170364,11.633888957092887,11.995776494792295,7.394476977079966e-05
46.12218708742616,26.6444438329997,15.732602486414473,11.500662969226862,0.00010362393279277604
55.97651746876634,23.01400408019797,10.147361975217999,10.862048429315887,6.804650179777546e-05
47.85103192505741,26.51983330654965,13.91210340450924,11.716923208090183,0.00010815579351127585
46.35015853263686,26.14173361886814,15.779217701552911,11.728801279896238,8.886704585677143e-05
51.21224500310494,23.96206331815134,14.741588452219908,10.084006110224163,9.711629965006448e-05
58.98247072335979,19.20382735486282,11.667187724554227,10.14641503949095,9.915773221449143e-05
54.283536079544646,22.973963471755635,11.866695037536717,10.875709672663323,9.573849966893437e-05
52.349464839832585,22.944289359868154,14.53944879020446,10.166708093591225,8.891650360744001e-05
59.31140278171666,20.15732166574736,10.307853633197048,10.223346779430411,7.513990852398033e-05
53.78856517689014,19.938838814917215,15.026346657612862,11.246170694556461,7.865602332376531e-05
55.17678083193722,22.022049014340116,12.814605891740058,9.98648885542654,7.540655604599419e-05
52.47713704702297,25.054039542836797,12.223829626073583,10.24491435967761,7.942438904132601e-05
51.54319289112237,24.24987090110388,15.002104580572217,9.204747435487935,8.419171360559995e-05
52.19644151451027,24.08312962549863,14.777720045164209,8.942602395889082,0.0001064189378136961
54.93201496335974,18.923553583486726,13.970021546184208,12.174328159959003,8.174701031747917e-05
51.400608579214065,28.049596198253546,11.873237956054032,8.676473492731741,8.37737466134895e-05
54.77912321669187,23.81793928542812,13.405941827930373,7.996920182090897,7.548785872541204e-05
46.68980471174063,30.58563341585986,12.177237660019449,10.547223664449604,0.00010054793046741226
56.66425566764835,22.55684113294965,11.339515838796004,9.439318940798225,6.841980776848364e-05
52.06405275916162,23.3944526038138,14.25296411574849,10.288454972837249,7.554843885222638e-05
50.22406111576261,24.42811987308431,14.580709511280551,10.767025956606782,8.35432657455494e-05
46.58161969117457,26.137721922509154,13.74463616769763,13.535913545495587,0.00010867312306038501
54.14851827181361,19.690187514830367,13.601123368209933,12.56008760876077,8.323638533781484e-05
50.096248246270235,23.418859856864863,13.959286797109247,12.525518131934978,8.696782066247853e-05
54.89263830048186,22.270746063500194,12.869752648375146,9.966797115944857,6.587169794935546e-05
55.09877882197921,21.64829595994785,12.32767527331003,10.925155247703719,9.469705918516455e-05
53.558464500489364,24.69742741560143,12.3111602554177,9.43286462948757,8.319900391895578e-05
54.11217023109797,24.862741512868723,12.143587644465967,8.88140767362786,9.293793949553693e-05
48.2849069800469,29.42892167744633,11.04743248396046,11.23864050400751,9.835453879598815e-05
54.660790054001986,20.940576767953218,14.689981188279718,9.708549973835966,0.00010201592911982413
51.78512809262734,27.35438965474173,11.615949744454387,9.244439893569275,9.261460726426552e-05
52.74200715093731,23.781442420333363,12.303084689521864,11.173381345349595,8.439385786719784e-05
51.34518046930647,22.847093357948363,14.763909182007673,11.043718522535437,9.846820204750803e-05
54.31540297359771,21.953952838872922,12.605442714314789,11.125110550251668,9.092296288222095e-05
48.577317296686736,22.90695515536863,14.910376661583403,13.605247721862582,0.00010316449864055352
50.13548925861715,22.755014136486,16.393310693846473,10.716086556537924,9.935451246054268e-05
49.15753002733401,27.694273410452734,11.272596779865381,11.875528998831777,7.07835160778339e-05
54.86221929048324,22.038093993702525,13.07203653590249,10.027564182300361,8.599761138069498e-05
51.11956455932325,27.002985533153158,13.382187646825741,8.495184241884052,7.801881380000899e-05
55.859946552781636,20.636932506837134,11.614787237181117,11.888240997667769,9.270553233649589e-05
46.72719856146644,24.807269762098148,16.094534622937637,12.370893378807517,0.00010367469025820442
53.511911554730126,21.74932085514855,13.41879943787301,11.319892651368031,7.550088027111142e-05
54.1391045409354,22.625221800679128,13.215373434446617,10.020201921247605,9.830269126354411e-05
55.118436715628995,19.254215254238108,14.689648309459322,10.937602365528038,9.735514552860698e-05
50.15253046592556,25.824248542802565,13.668100665251506,10.35502404265429,9.628336608767488e-05
52.41934515586825,22.86336508826097,11.095688259412109,13.621506694285074,9.48021736013228e-05
55.55719355195694,22.571420276463332,12.946081159350403,8.925206171133262,9.884109605703953e-05
54.548014119213406,21.484827215796077,14.555638254464967,9.411425314321429,9.509620412851396e-05
45.666143755831854,29.26293496517391,13.835515705812352,11.235325042698081,8.053048380640729e-05
49.84494544175097,24.144690405537464,15.19003319462288,10.820234369355882,9.658873279553078e-05
53.10793241326384,22.609824550426268,14.947960524423817,9.334188505547095,9.400633897516137e-05
54.318789675342884,24.799873101643044,12.893052971578427,7.988195860395021,8.839104062349658e-05
52.15265521672381,21.57811021824741,13.481743752220469,12.78739526023851,9.555256979155557e-05
48.38265717774169,22.038393872869257,18.041604765659564,11.537245686179313,9.849755017391093e-05
57.08185738861602,22.2157145273727,12.202301313269878,8.500030274154893,9.649658652131596e-05
55.01678858143239,23.22056496024163,11.980265944021061,9.782298860239703,8.165406521919626e-05
51.84503482521391,24.86663060235992,12.711418260246719,10.576828753421935,8.755875752116685e-05
50.753665231120614,19.815219516227216,16.202068123344297,13.228965537618134,8.159168973207748e-05
56.19651477307887,22.823546287025767,10.861495528418077,10.118346581635492,9.682984180663673e-05
57.067009070584206,20.80093545122572,12.74855492707458,9.383430706709985,6.984440552445353e-05
51.57684955403822,25.90703373520403,12.292170995893322,10.22384875716412,9.695770031552583e-05
55.47218357599121,20.052110871269143,14.97084393449316,9.504768343163315,9.32750831696319e-05
53.1803224695784,24.08823163157135,13.01002469621827,9.721336111693955,8.509093803705034e-05
48.37504168790294,28.387880299563196,13.134143401107371,10.102835926313688,9.868511282866703e-05
51.31611059366137,23.959256398017555,13.397560943898812,11.326995401307842,7.666311442707104e-05
56.50007209445075,20.55270923044642,12.312313430390502,10.634821559075448,8.368563689189271e-05
51.53680143662297,24.87668859689894,13.547576575476203,10.038849502604707,8.388839718295298e-05
53.78818218172472,22.98148921603974,14.387634568690673,8.842606310321848,8.772322302609931e-05
52.00101886619706,24.627332458472296,11.801669995110517,11.569876479337408,0.00010220088272707804
49.52777692319934,24.76288957314267,15.324729474959284,10.384479236530456,0.00012479216825832425
50.05407502010869,24.264181531454664,15.189093188066566,10.492551546736411,9.871363365493088e-05
54.12790508292841,23.527390342396767,13.035191058177814,9.309437590609667,7.592588736403334e-05
56.87427718334759,17.211518507738983,13.566293339361724,12.347842127123746,6.884242794849157e-05
49.68902809347158,25.931655805426935,13.01125042543986,11.367966409446455,9.926621516276546e-05
49.55682878255699,24.355702898193726,14.495340312268345,11.592024140487693,0.00010386649324909462
56.188099803909054,21.703452322221573,12.348864424256748,9.759492890036773,9.055957587389435e-05
57.513955268030095,20.450307585469872,12.209237347086912,9.826400557153475,9.924225964123346e-05
49.40290574322273,27.409054394004063,12.812868474345262,10.375094662175123,7.672625282370403e-05
59.57824903064839,20.43506932020725,11.634938770981126,8.351647624509614,9.525365362865784e-05
43.84526141204001,29.66151118907919,12.844177363862446,13.648974289259808,7.574575853463246e-05
51.96141420382592,25.105424190139665,13.665265863604304,9.26781627585559,7.946657452535366e-05
55.03005999162971,20.556427319612126,15.260061911783357,9.153371855859744,7.892111507128162e-05
51.41609822250256,25.649905435236192,14.351411451398215,8.58248580168476,9.908917826653699e-05
54.56417263637441,24.934442120541732,11.432967323538582,9.0683384517087,7.946783658614399e-05
58.489380934852996,19.702758272886605,12.590293060926552,9.217489000515421,7.873081842474546e-05
50.47017617650437,24.84283106971732,14.197164117174971,10.489716208614192,0.00011242798916544176
53.54086327150864,20.470366742844266,14.551218798549606,11.437465187661084,8.59994364114692e-05
45.39455639636157,28.677988311263185,14.478510377056358,11.448855300874817,8.9614444053621e-05
50.654682011305006,23.837578564294258,16.549818660675697,8.95783521665283,8.554707221759898e-05
50.06733883712655,24.348855849707718,14.047697438116838,11.53601224964965,9.562539923530743e-05
46.13420856351555,24.992901765725087,17.025271162908634,11.847508503286154,0.0001100045645858743
60.10701911163929,19.283632907860046,10.12669040923727,10.482561149840006,9.642142340237607e-05
51.54629838654241,23.595851875585687,13.744285989635237,11.113478375643997,8.53725926655383e-05
48.334798232555706,23.38510871993381,15.94256649500474,12.337434208034527,9.234447121174303e-05
52.60922566778152,21.872010926449118,15.015864462616339,10.5028110401274,8.790302563620048e-05
55.561959346576984,21.454587974471416,12.259117922166322,10.724265088752896,6.966803238743483e-05
60.69053364837787,19.455660759456393,11.64031626566585,8.213405587597903,8.373890197888872e-05
46.52647868522247,26.725523843953088,14.687123715184958,12.060788281258215,8.547438125982506e-05
51.22377520746008,19.881816449977542,17.015725348878867,11.878581232831692,0.0001017608518212233
50.18568612160955,28.201846190721135,11.243941664679689,10.368424726101228,0.00010129688838765604
52.501591996338846,18.852614161425045,16.849913519917635,11.795786240861819,9.408145665669015e-05
52.28301735417503,22.153481402510415,15.042036947980526,10.521370655298314,9.36400357151318e-05
49.57474881161293,26.046277503497496,14.651950674994433,9.726928040601107,9.496929404139924e-05
51.376680483981104,19.951660477358175,17.590573169243072,11.080998325780241,8.75436374116928e-05
50.175130462753536,24.752711541603475,13.688329462747895,11.383754627734751,7.390516033478885e-05
46.20023864133608,29.160199903030836,13.015929662196626,11.623536419473936,9.53739625263773e-05
56.27470894037601,24.32732728654938,10.76462315724968,8.633257079943188,8.353588173165643e-05
46.92792514984087,24.126343708398764,16.688020464727472,12.257611538145548,9.913888735715736e-05
51.88752256215149,22.800070161173167,14.101808460518479,11.210520526239804,7.82899170631971e-05
52.070909437838594,21.42271634875856,14.955439792850989,11.55084503306089,8.938749097275445e-05
51.81081322487415,22.705028827548514,14.763661304637724,10.720405268280778,9.137465883015841e-05
53.524167963451774,20.91680546465036,14.340989458049327,11.21790556021299,0.0001315536355492272
50.40165518690868,24.563725016659372,13.878115416498982,11.156400457281586,0.00010392265138729224
50.67145000686699,21.48503453780967,15.515986205612203,12.327445211053128,8.403865798862486e-05
55.74055501598224,17.57345230679875,14.929000576561666,11.756886622779282,0.00010547787805112698
49.21471328616992,25.063946393031557,14.198648771096076,11.522600535852197,9.101385024933608e-05
51.25171062622849,21.024575168495357,14.602550560209703,13.121070540932674,9.310413378064133e-05
54.55843613777045,22.43508712405639,11.528663260794117,11.477714819760712,9.865761831716579e-05
56.042297806094886,22.038892013243032,11.173653842079418,10.745056268443214,0.00010007013943474627
51.106598328400295,23.02789696531738,13.831817913478178,12.033595899988347,9.089281578457072e-05
53.129189105692475,25.784105290872333,11.538467347860653,9.548136362379907,0.00010189319462000905
55.649672281442975,19.977584295569915,12.559691700016618,11.81295943213639,9.229083409585292e-05
53.000742591142725,20.54856412233391,14.697281377513708,11.753318196975501,9.371203416577362e-05
53.92438173343651,21.680817949087604,14.004299584488427,10.390429475734535,7.125725291557786e-05
51.336206390681994,22.287088546481456,14.308475912604488,12.068137685344633,9.14648874334496e-05
56.10314839239323,22.094260152755723,11.91289866414996,9.889616336170949,7.645453013564346e-05
50.11754167558232,28.59843365132321,11.348403828688902,9.935524288482913,9.6555922638626e-05
55.15604767016106,22.85778237058052,12.935301719440172,9.05076922549324,9.901432502390239e-05
58.284289015156645,19.88476717965191,12.617144347287795,9.213718956137331,8.050176632707792e-05
53.33712375863612,20.513889294527132,14.279636385125013,11.869272567620756,7.799409100247307e-05
55.9922822202565,22.016196149011176,13.047773686114805,8.943671820692153,7.612392538557331e-05
45.202647086429025,27.577510730091316,14.056847158516856,13.162879039803451,0.00011598515935143618
55.356146759620906,18.626003277970106,13.888121904204514,12.12963737404285,9.068416160367753e-05
46.76747576786238,28.186532666732255,11.470147946612034,13.575755614698554,8.800409479797922e-05
53.02899753224817,24.149717858384108,12.630942606198081,10.190250154274452,9.184889518435863e-05
54.33690048530787,21.38170063683083,11.75011326610083,12.531208782514907,7.682924554946639e-05
52.78359797797677,23.692858664324213,12.259362517694516,11.26411079840878,7.004159573254302e-05
51.938592694293625,22.649110611502397,14.354325211007238,11.057877914071376,9.356912535521617e-05
49.71476810928417,26.16099378176107,13.29812056511279,10.826003593754033,0.00011395008794017983
47.79622494051628,30.00729400178229,11.675217494946818,10.521159832360741,0.00010373039385539658
46.78019473898517,22.37557631713455,15.339585807342909,15.504520222919705,0.0001229136176745705
51.19874732410437,23.53329513747752,13.739222223779496,11.528639578474907,9.573616371562791e-05
52.826634393171325,23.774921539100706,12.509978943760085,10.888382189425668,8.293454223054604e-05
52.555178993100974,23.562461354182595,12.67801624990944,11.204255157455464,8.824535152172975e-05
54.61542297945224,20.443067631245835,14.2750220424032,10.666398592057819,8.875484090952474e-05
49.94142108504538,24.073729244397178,14.804807595774626,11.179941052642306,0.00010102214050843866
50.19681841481164,23.805938953999185,14.336010375434771,11.661134789351351,9.746640307174428e-05
57.27591402259953,20.85506335223037,10.139707187383198,11.72924754188021,6.789590668720569e-05
52.38426332298569,22.534800272327338,14.07176373031638,11.009041343480911,0.00013133088968488293
53.00762490843562,24.89674010483365,11.315941992825932,10.779632685612036,6.03082927544808e-05
57.47432726942664,21.625885950149694,11.965099624298965,8.934567147281806,0.00012000884291278623
54.08526982669146,21.966176512218375,14.221010787761776,9.7274649040184,7.796930999718723e-05
50.423933405901,25.73941876257882,13.352193885421668,10.484339212452436,0.00011473364608249766
47.30083697508983,29.418996558350756,13.570967172391743,9.70910587574111,9.341842657316823e-05
50.58959026848366,27.040910386551744,14.172719029030356,8.196695918136363,8.439779786756025e-05
51.283794958666604,22.537458408254025,15.681149884552148,10.49748949280285,0.00010725572437112186
49.23672250206811,24.106584710540236,15.595801991630095,11.060805220935595,8.557482593290165e-05
56.87225871094922,19.404220466203018,13.455551278047839,10.267888926467576,8.061833235740732e-05
50.501640596129164,22.66712370769961,15.750760669389145,11.080375099013779,9.99277683001427e-05
54.29305239205827,22.16671700950289,12.575904897263058,10.96424017726134,8.552391444201962e-05
50.892915989320095,21.92077391626885,15.642368717824437,11.543836953137793,0.00010442344882191838
51.521381586807166,22.370082643857582,14.671340353485848,11.437106204795459,8.921105395213558e-05
56.064296774804376,23.04666934545771,11.455266245026328,9.433683138295459,8.449641612211336e-05
57.674142025291665,21.071724921683543,11.717437337023666,9.536606791718647,8.89242824846577e-05
55.906143346269275,19.00886023553397,13.525676614724237,11.559236380684823,8.342278768925321e-05
57.241888891363566,19.275098612807394,12.945127751573798,10.53778521739453,9.95268606896016e-05
51.215188030201176,22.764542057099423,14.511060963818007,11.509116959740322,9.198914106943003e-05
51.449489381217596,26.128483271516682,10.99209935534467,11.429836645980226,9.134594082065938e-05
55.334734636176684,23.586703715047175,11.052033625126485,10.026456798734177,7.122491547941734e-05
50.0814243000321,25.987964620565464,13.44349906153925,10.487010013122854,0.00010200474034459685
53.94385937423179,21.042934470074975,15.266167638256494,9.746951314284395,8.720315233565631e-05
53.89797902778367,19.65731047772356,13.910811816470734,12.533829181701492,6.949632055075208e-05
54.38239004482003,21.605817912526977,13.635713047894926,10.375991720438538,8.727431953221791e-05
48.90787241593559,26.766352385423524,11.335029178840657,12.99066116157409,8.485822613115345e-05
54.43773396812133,21.81827034213154,13.004779548813621,10.739122349849028,9.37910844569018e-05
48.324294980020014,24.618848133870944,14.324375252785613,12.732368859248092,0.00011277407534561823
52.5297251900563,26.049023459408282,11.923260867493164,9.497899761666474,9.072137577858274e-05
46.41757572444245,24.358730053537215,19.125380872393052,10.098210331653263,0.0001030179740237497
60.41584520901152,21.897095824606097,11.029379301061088,6.657599623677441,8.004164384390579e-05
50.49752044331057,24.218984816077235,13.461846766408097,11.821560336487352,8.763771675902728e-05
53.51428149507219,25.807128149236014,12.619819029206921,8.05868518908858,8.613739629616649e-05
49.04605460650722,26.30972653684903,15.411129906167123,9.232982140522896,0.00010680995373381167
55.85785951855561,22.96882770216724,12.073607709082554,9.099639214335415,6.58558591770582e-05
55.25028428486339,22.438000419744537,11.358900956355427,10.952724510553034,8.982848362690664e-05
53.39738037237856,23.073743600713343,12.797491558940369,10.731283533505605,0.00010093446212815247
52.577566626142435,23.589129849120532,13.902746563097038,9.930475892827447,8.106881254508836e-05
55.52676999870987,22.91096316635897,12.198083502546638,9.364092080847582,9.125153693702231e-05
53.703907831546616,22.209244269883328,13.897235318869807,10.18952785171899,8.472798126933063e-05
46.60574751945198,24.99937363210757,16.100790742065367,12.293997758399609,9.034797547626112e-05
49.11186194766408,23.571705396735062,14.17776799137283,13.138574298316188,9.036591183423127e-05
46.15093985065264,31.964641363601825,12.848363734623906,9.035949840293645,0.00010521082798500565
48.446846254201574,24.30037871948349,16.258183238643795,10.994506699786452,8.508788468078301e-05
53.165155735566636,23.082352240219624,12.906381115523354,10.846031905959165,7.900273121423153e-05
45.58850280719038,28.09269151645829,14.099747901552034,12.218956114830199,0.00010165996909475094
53.59439897652633,21.69325013972692,14.677130801892385,10.035138334021369,8.17478330030945e-05
53.56565358788055,24.527689898309124,13.722838189870432,8.183748160200151,7.016373976802148e-05
46.02338730234168,23.809450552431883,18.252886497277686,11.914182350084488,9.329786425880284e-05
50.644813342777,27.256211464208562,13.553105280986975,8.545761592330527,0.00010831969693976572
44.53943718883121,32.624839486055954,12.293990469703733,10.541617112771274,0.00011574263783364373
52.42350988279644,26.3168974135662,9.67295470138421,11.586549820133458,8.818211968688126e-05
45.97906410236019,24.58724759962444,16.137651407276802,13.295938121901015,9.876883758086227e-05
53.2080169782838,21.402321916665457,14.373829660102306,11.01572470735426,0.0001067375941634624
50.827437609410495,24.900980863134013,14.19847195827888,10.073004641302354,0.00010492787423572264
50.46730002750378,25.77881536365927,13.114879719232043,10.638910581973981,9.430763091342128e-05
44.99905626867525,29.71071549745033,15.447634103102475,9.84249264437141,0.0001014864005363403
60.79997175877598,18.32364818528784,11.747046236328476,9.129260000227832,7.381937988852906e-05
52.834627664566604,19.544780704090662,15.01019707620419,12.610300746461004,9.380867754519528e-05
52.56507416345995,25.13104743999192,12.450162653725881,9.853620656404885,9.508641735187327e-05
47.634182790399166,26.869644165561645,14.310523109076783,11.185558826792953,9.11081694418872e-05
58.18155132866655,22.501394045086755,12.60189956446984,6.715074039774191,8.102200265254389e-05
47.176511381610425,28.022415187143284,14.355267421234785,10.445698558137948,0.00010745187355310421
48.412829782431835,27.31941833526318,12.759275284834068,11.508360747747467,0.00011584972345373597
53.36336783953228,23.48914838252149,12.51335846214153,10.634025430324666,9.988548001823647e-05
47.242576890131296,27.442937153088852,14.725890024927207,10.588498620391944,9.731146069451019e-05
47.085303562719226,26.983199457761568,15.75300149430056,10.178394032348807,0.00010145286984184394
49.47354826880524,25.008420456295184,15.922120984653334,9.59582807149534,8.22187508993721e-05
50.29125391981434,24.25358859878892,14.730290444658136,10.724771998954072,9.503778452825458e-05
57.65190642871577,17.787430472998626,12.46639105095111,12.09420395778225,6.808955224171192e-05
55.55407285014208,20.098314034666984,11.976421949919708,12.371092093054957,9.907221625456134e-05
57.413062593510666,20.66161238349473,12.093330913411505,9.831920388527601,7.372105549091565e-05
52.93025700927991,24.285565185463245,12.059729957738949,10.724375209630855,7.26378870458254e-05
53.80955629009878,19.866670155997596,14.142574650964864,12.181095007870924,0.00010389506783284192
46.45976818919121,25.99837678292159,14.150789959479212,13.39097149850572,9.35699022689217e-05
49.919487462980044,25.07789382609511,13.126303998516015,11.876218690049804,9.602235901881499e-05
55.86491116175425,22.365147749760688,11.729540799721349,10.040323835218047,7.645354565076812e-05
50.705954488665625,20.4846991455041,16.502590723141516,12.306651312898527,0.00010432979024403342
49.907505977703984,23.597778735994275,14.906811482696018,11.587804354362344,9.944924337252582e-05
54.617731807208,25.060764775469043,11.44234482803787,8.879045385465467,0.00011320381962615363
49.87917749925851,26.269413240592964,13.062592165379439,10.788696767562765,0.00012032720630888882
53.101021023222316,24.420826662702083,13.759621738149196,8.718458626973787,7.194895262975245e-05
55.95669877895414,22.427179249425606,10.63888222745701,10.97715300522176,8.673894147652747e-05
48.12833587871638,25.196955189425633,15.04001443908434,11.634613583218286,8.090955536039872e-05
57.276773569244,20.23146296247144,12.655563906673223,9.83611657303625,8.298857508587273e-05
48.784478367139414,25.442939681689623,15.65302464085364,10.119468331742945,8.897857436716121e-05
54.345896642648924,22.014698212717402,13.25706039785837,10.382278415826594,6.633094870022791e-05
51.634675487966454,23.625546942744176,15.323579955967551,9.416122523106086,7.509021575166694e-05
51.76320936822415,24.120851654909607,14.422539027221843,9.693322700238229,7.724940617341682e-05
53.29755607134942,22.04592747655563,13.955424542973388,10.700995135948114,9.677317345153633e-05
52.1754988247138,22.140537069179583,13.38808285291628,12.295785891477232,9.536171312130717e-05
53.25554402237831,26.21586171412017,11.593498355532939,8.935019291347464,7.661662111680655e-05
49.667419176838266,26.555962468669307,11.58684978142831,12.189669854087063,9.871897707363623e-05
52.0892474270798,20.529587649806157,17.070188635215327,10.3108955460099,8.074188881759391e-05
53.45505617378667,27.468226545725887,10.26557253905609,8.811059033568513,8.570786283537566e-05
44.800711151531935,28.458373695377965,13.736171702219094,13.004663068857248,8.0382013766292e-05
50.32723125281816,25.35102252163482,13.705592586758646,10.616077489086981,7.614970139112811e-05
50.68566665720008,24.708234122096552,14.325473485667331,10.28051343130015,0.00011230373588877288
50.950680528783046,28.96438740828597,11.795244504990873,8.289602161819706,8.539612040117072e-05
55.484512811797316,23.38668632520623,11.568851341795142,9.55987617740327,7.334379804293216e-05
50.56994349122229,24.965721443791576,13.21926027880197,11.244969971295562,0.00010481488860890436
50.13140264058708,24.04253803812993,14.034800487068566,11.791149051426657,0.00010978278775542354
50.027565186110245,28.865278702455498,11.619296290743444,9.487787858624268,7.196206655018671e-05
50.2511725827118,25.119357522139836,12.706385173514413,11.922993111864546,9.160976940413269e-05
55.66356700416559,20.194568991133725,13.611714388330167,10.530056585877956,9.303049256153994e-05
53.60559121413231,26.47119765867563,11.985464511372625,7.937663018523529,8.359729588576303e-05
53.485908870239065,25.79951931937502,10.732988336188674,9.981482632471513,0.00010084172574146232
50.878954876312775,26.270986103280002,12.15333112678319,10.696636438255325,9.14553687075109e-05
52.4952383486351,24.400768166353927,11.672998262503032,11.43091435283651,8.086967145058853e-05
56.12987513342554,22.046494395893763,12.769915997519396,9.053637261267317,7.721189397168021e-05
53.56351789183395,26.44825435566196,10.44059360783633,9.547552390619334,8.175404842884292e-05
48.6353048734251,27.839194680755302,13.806993156098132,9.718424138307286,8.315141416877121e-05
51.364912981975586,24.206270984288796,13.002557451138996,11.426167872678654,9.070991798181451e-05
56.26051569831431,24.093309732047665,11.904617579753783,7.7414743173996365,8.267248459033395e-05
53.416963408897246,22.250534432011218,13.510042250741582,10.82236736764487,9.254070507734649e-05
55.88540183830132,21.86048960018809,13.350716018768862,8.903298489605731,9.405313599462046e-05
56.82271756993168,22.028645130288577,11.48158937006018,9.666966312306794,8.161741274866228e-05
50.1898794263563,21.264991784135407,17.228598321242373,11.316432181978001,9.828628790643036e-05
54.48884464970529,22.12404956766345,13.583616495160596,9.803399931783437,8.935568721774789e-05
55.06188957568464,20.669873147590103,14.276125995698417,9.992025934080718,8.534694612220365e-05
48.78622216957796,24.361253816399383,14.491507364540471,12.360922260834188,9.438864797047252e-05
53.1703155597948,21.991892009025076,14.525172702625518,10.312531964216909,8.776433768962944e-05
54.712955172992736,19.839334618056682,16.18655146067414,9.261059228643273,9.951963317306053e-05
54.75286905208762,23.00289382854442,11.250631828002188,10.99351075236126,9.453900450539337e-05
55.25211481305089,19.112013451271704,11.823069577750454,13.812724895517873,7.726240907605567e-05
55.577186547040846,21.012291913617798,12.924529497075241,10.485919580530798,7.246173531024586e-05
54.75117785601136,22.27507051389103,13.452304017877164,9.521366665997908,8.094622255483174e-05
48.74116626082363,26.83715708714038,12.965052205969466,11.456540511523084,8.39345434228715e-05
49.31085983800283,26.80044057454615,12.995758547054992,10.892808941462846,0.00013209893316032018
58.36258523232165,21.789492101256393,10.361515171380109,9.486341856970764,6.563807106957881e-05
56.504009088879734,21.1189312778022,11.777431455164592,10.599544994462379,8.318369108716738e-05
56.85159904417777,19.801593306909147,14.099797539343644,9.246933903581589,7.620598783651144e-05
58.30888994302037,19.010683186207157,12.123391017500579,10.556954948021868,8.09052500347075e-05
52.0345261308732,22.303071669369185,13.720125023117626,11.942194357259279,8.281938070691384e-05
49.88319251734284,22.035988771580968,14.922007285773281,13.15873556448373,7.586081919328467e-05
51.14443173582423,23.70981809115523,14.403632895809643,10.74202306638103,9.421082988621856e-05
47.31706782306874,25.847337486300404,14.208180278799789,12.627306904708613,0.0001075071224541367
49.835582544619434,22.302454528821183,15.588071410196507,12.27380296669962,8.854966326428377e-05
52.515153570432126,23.77535509946708,13.785657726031934,9.923738254341325,9.534972752611765e-05
49.232172348344754,27.51966909128291,11.7376431446745,11.51042593426415,8.948143369369935e-05
55.03141405824975,20.342632276370693,13.160659411424188,11.46522296742252,7.128653284706478e-05
55.51353251445067,24.844121517343552,10.949103446546056,8.693155131866849,8.738979289044704e-05
54.265899945824295,22.066084641035093,13.569712165920192,10.09820126321605,0.00010198400437568051
55.01662621393425,20.986838217889055,12.975782176146684,11.020663027920888,9.036410912367588e-05
51.73019977246258,22.23670313532563,14.324868687703935,11.708140077901847,8.832660601608552e-05
57.83753170393518,22.970920097667683,10.149325701229547,9.042148043187643,7.445397996294062e-05
51.80033139178097,23.01011447451154,14.777148848850663,10.412325799229052,7.948562777359335e-05
56.61413807920903,22.11325054235465,12.412909709581434,8.859601961103895,9.970775098549348e-05
53.55218447646855,25.02612782102867,11.124361156231846,10.29723654431982,9.00019511185929e-05
50.47790523843748,23.98255080438058,12.139361546673724,13.400101800200526,8.061030769239559e-05
50.63880274214464,25.211955878909908,13.866252555797354,10.282871183245684,0.00011763990241095926
49.49795410304748,27.817824047588026,12.108310538487057,10.575836738930178,7.457194723547621e-05
51.73252771866197,25.67088674415267,12.177686543922622,10.418798021417091,0.00010097184564524448
43.332412820689925,31.099295396930426,14.514321924436738,11.053885422627316,8.443531559743776e-05
50.04827495253308,21.693556305742245,16.67550007518342,11.582583144929375,8.552161188229056e-05
56.70799045668713,23.04457434553264,11.789596497177175,8.457737537129836,0.00010116347320717121
43.16611275627755,27.91198835809553,15.148972040426026,13.772811252228315,0.0001155929725760643
50.36737068817091,22.66917566123148,15.320862792664341,11.642486802057968,0.00010405587531145624
54.46828679244269,23.1202894006013,12.41690761027778,9.994438188310522,7.800836772601854e-05
50.40495785304084,25.069266447079485,13.359204779692474,11.16648890732564,8.201286154838401e-05
49.011520284083076,23.68955901984407,15.129628060922895,12.169175399975657,0.00011723517432160468
47.34613441083735,22.252682465178527,15.246882673910267,15.154214747360015,8.570271383950068e-05
52.343719922946775,22.260692392281868,12.685700352534349,12.7098114485622,7.588367481131687e-05
55.931497950488094,18.104356284766933,14.669616736933152,11.294451278593163,7.774921865843587e-05
54.66840028843236,21.63877580409253,14.482463743949037,9.210278373434416,8.17900916422552e-05
49.715141219535916,27.84653032855075,12.110125047228106,10.328116505692057,8.689899317244417e-05
51.9222703872104,21.465057760176457,14.537075328001913,12.075514850833788,8.16737774473666e-05
55.97193746218415,22.25992349953812,10.67620563472203,11.091857809130891,7.559442480896036e-05
57.33949910979099,20.419307764096708,11.350646372961306,10.890472913860393,7.383929059044019e-05
51.96999934919945,22.53684845941357,14.50514110929338,10.987918473829298,9.26082643246379e-05
50.45623852279193,26.26573020689899,13.535510744868088,9.742419671265239,0.00010085417574419739
51.659048702824116,26.171795178080124,12.231096120496519,9.93797068399241,8.931460683975778e-05
52.48505242486328,20.98308478809054,15.361220571158801,11.170559401181388,8.281470598930666e-05
53.54050685986205,24.5815223509531,12.67542482241091,9.202450773529876,9.519324407708479e-05
48.65086115718633,25.694107736421916,14.215939117229906,11.438996002338156,9.59868237111602e-05
50.4643761594616,22.288992927462175,15.865285714766165,11.381250669996886,9.452831317212457e-05
49.31819475313315,29.108740593112,12.678180050167438,8.894798153123048,8.645046438437373e-05
54.59208420660017,22.16384605835376,12.20588834750497,11.038086542886667,9.484465444743306e-05
45.81446337938195,27.985215832489,14.018913295836699,12.181308228079228,9.92642131184377e-05
49.57668614933452,28.23509143070349,12.750520865887566,9.437610924530105,9.062954432136519e-05
57.77768520035443,22.406197143470553,10.673468507562275,9.142572377965294,7.67706474394146e-05
49.12940686555821,28.85186171163413,13.308609041273343,8.710038208691556,8.417284277779417e-05
55.95892442027396,22.058359618933668,12.307936772582522,9.674707107283895,7.208092595303541e-05
50.43297657812852,25.92154072724282,14.928101731642366,8.71729957406499,8.138892128987458e-05
52.37419880908869,24.409621273740786,11.482727317478165,11.733371967661215,8.063203116057725e-05
49.287202957546576,27.463033536834875,13.78974797380905,9.459924466775108,9.106503438998981e-05
53.81335371154567,23.58790073680381,13.015497618955592,9.583166785095607,8.114759931006661e-05
55.444392303313826,23.622418070797703,11.480764113582726,9.452337298359529,8.821394620670551e-05
52.263014611940626,26.23010869843072,11.765869721942556,9.740933285919285,7.368176680794573e-05
53.555057475952594,20.231480462902873,14.045824069521279,12.167551993066732,8.599855652677922e-05
42.10769845756365,32.00854312961166,14.65036629096493,11.23328695379949,0.00010516806026181364
55.68967013676076,21.34771671343046,12.554878463285203,10.407659156852302,7.552967125755628e-05
55.24497493031192,22.62545551671143,12.429006218852557,9.70047509348305,8.82406410397086e-05
49.839848549959115,22.81436904849348,16.61061385571687,10.73508540976778,8.313606276767886e-05
54.259588645190235,23.5343480148095,11.458221945891097,10.747761252784228,8.014132493957957e-05
58.95789587939998,19.489505504999112,11.614231700032356,9.938285323753615,8.159181493323809e-05
56.42137172029662,20.22701151833824,13.917469418807759,9.434060993517159,8.634904021438355e-05
50.42913282323469,22.752259504588544,16.37670851743201,10.441802670007434,9.648473733038634e-05
54.725830805017715,22.676809944470172,12.446519235544631,10.150745877705027,9.413726243851722e-05
52.78136816468621,23.829907896565736,14.071817258507421,9.316818007545846,8.86726947982408e-05
57.15902136309887,19.144758937310137,12.107646458902495,11.588507658605717,6.558208279344695e-05
53.30214061435111,23.26121563582251,14.109543888248076,9.327011270562254,8.859101604856927e-05
50.756295813086496,25.6045860717405,12.1223950471897,11.516636841676164,8.62263071321617e-05
54.70262132487302,25.498844208928055,11.270121775423062,8.528346632910674,6.605786517907996e-05
47.14817197178603,23.926125207479927,15.986738715817413,12.938858212371454,0.00010589254520127654
48.50713898815876,24.47181711248344,16.429088892564806,10.591859031192593,9.597560040503565e-05
53.68486869414782,25.350352130557496,11.287141502278008,9.677541914143443,9.575887323461023e-05
54.344449261821914,20.60854416888905,13.557964196135078,11.488964519487507,7.785366644772646e-05
54.87390539884392,20.17569983181169,14.825806239574474,10.124503857680956,8.467208895865693e-05
51.284726581092144,24.18096082938627,13.839220874642633,10.694990936805619,0.00010077807334760344
52.21195251614026,16.743430871931032,17.86255727014847,13.181954461852499,0.00010487992772596328
51.155417422963424,24.20552233146185,14.555933555266925,10.083019746884599,0.00010694342320704965
56.467729426425706,22.636104983317097,11.419654967773111,9.476433490338126,7.713214596026755e-05
54.5665282190835,24.421587570274703,11.44021471937264,9.571581509204583,8.798206457229673e-05
55.75903633902299,23.180151424968575,11.135275160603578,9.925463840518585,7.323488627651486e-05
54.56135714830204,23.51255378940121,11.090494049900718,10.835513832973916,8.117942212174379e-05
61.528789121367254,18.145386095864694,11.294986890300832,9.03075524335221,8.264911500617238e-05
48.58696375995575,23.84747161726973,16.14895500421844,11.416508442182176,0.00010117637390867778
54.8010028874179,19.22630688055178,16.05010826984899,9.922494797185411,8.716499592364124e-05
56.315081566049294,20.379362509476667,12.309361602397976,10.996115503111586,7.881896446802885e-05
48.96173232853926,23.69905801560579,14.718557280960873,12.62056764618739,8.472870668718274e-05
53.84532371539679,23.080110596722236,12.684409332260174,10.390057880330108,9.847529069501558e-05
48.52999231680596,24.748744353249784,16.148342777084494,10.57282075579181,9.979706795209466e-05
50.15440080146898,26.288081875349096,12.716882560934796,10.840542369158046,9.239308908968316e-05
50.78346872670938,25.133149512107906,13.023323225535405,11.059967186181902,9.134946542033099e-05
51.46158754539138,19.827100613742303,15.649398155646715,13.061820202085622,9.348313398565256e-05
52.7748119515192,21.42666433813275,14.372998251701175,11.425402927972343,0.00012253067452869333
55.53532312676317,21.02599872014253,11.821407154050105,11.617179154412476,9.184463171638565e-05
55.03721642596551,24.86727355319657,9.478198855353485,10.617233589803948,7.757568049883338e-05
49.89741819261553,24.278595468944367,13.871845566235583,11.952051457394036,8.931481047367672e-05
53.57600720917706,22.87531039138128,13.6289262313006,9.9196776107913,7.8557349783255e-05
54.267448847407316,23.709135179027278,11.574512016496914,10.448817409881443,8.654718704361998e-05
52.41222934729147,21.908364132026463,13.364122314502225,12.315187939854729,9.626632511268844e-05
51.942209219944026,26.650348523794577,11.472143744888585,9.93519753264114,0.00010097873164847304
52.14214336634284,29.666336784612067,9.517412938732567,8.67402424905853,8.266125398413242e-05
49.732554148231635,23.88188692287457,14.922114119722234,11.463310441455286,0.00013436771627694475
48.42066237390067,22.3614265260978,16.78969140383635,12.428136758168906,8.293799629668961e-05
52.66666616411379,20.944535395920692,14.971896546092022,11.416799825533353,0.00010206834013844257
55.16637292076096,22.230049193046288,12.640078429135635,9.96344094495357,5.8512103520581726e-05
47.98108967937848,26.401736502165285,13.977655347005157,11.639405277397275,0.00011319405379109097
50.803955638025485,20.904632694456208,17.638409739749186,10.652896327822422,0.00010559994670180564
56.033704931588545,22.76217815354177,11.474601970719768,9.72943594305285,7.900109705453007e-05
55.633385441327846,22.9300554615959,12.19617841289719,9.240296144103006,8.454007605682894e-05
52.67022416745577,23.892472043991173,13.98406033989287,9.453139551915518,0.00010389674467461697
55.83002395941779,20.9804625551437,13.206978303298747,9.982429789842065,0.00010539229770351826
50.860796663350236,25.306869620359297,13.685761631816879,10.146459318248883,0.0001127662246906938
54.24633833046501,21.11271269627763,14.529003050384171,10.11187595081489,6.997205832001254e-05
53.82621161439657,28.628417245034488,10.199414984219569,7.345890183347975,6.59730013831155e-05
51.36329336826761,21.31461485112229,15.986351595553613,11.335619765822964,0.00012041923351835851
48.15237735086351,29.252990468696744,13.380848750139165,9.213690177556497,9.325274407419076e-05
57.08300142463539,20.283985068369027,10.971155551102346,11.661778352391273,7.960350195435226e-05
57.094324113362596,21.49013793560536,10.149222668810719,11.266229196094717,8.608612661307699e-05
49.11175416903261,29.08124585590743,11.167393924220804,10.639507286478663,9.876436048283834e-05
53.091224767555815,23.283758187549324,13.694838087189758,9.930092767253708,8.619045140403698e-05
55.44715721325787,23.16517706495386,12.406265593687062,8.981337225844607,6.290225660818323e-05
47.4797396605859,25.215657519814457,17.653272957155934,9.65123716611564,9.269632806630403e-05
51.69696023775023,26.11804748304295,11.362818480716724,10.822081645992615,9.215249748303641e-05
53.47426215852759,28.046361047618156,9.026306889121596,9.45299107716485,7.882756781485504e-05
54.15111843819539,24.59833868112996,10.675378460763216,10.575078066699318,8.635321210660759e-05
54.829610971994626,21.98431267806991,12.060169447174813,11.125810350074785,9.655268587607461e-05
50.26477444444757,25.16393900140752,13.36246091761356,11.208732832921903,9.280360944231321e-05
54.16373866889585,20.819599717621628,12.535228647545136,12.481351187714724,8.177822267744959e-05
48.05491350909088,27.02615643756994,13.920506764544166,10.998314180396312,0.00010910839870772638
54.28827520621444,24.44949594047128,11.27651690694233,9.985623839048081,8.810732385817063e-05
46.82758895781196,28.657200090253195,13.017007893771188,11.498089539750763,0.0001135184128838812
50.72157289377903,27.603781906756392,11.581063935434138,10.093510345211776,7.09188186645241e-05
56.23297019363562,21.66543768022851,12.619425027121894,9.482084585186518,8.25138274396967e-05
51.27044704446535,21.88258754029405,15.696201259138526,11.150658897015159,0.00010525908690662623
48.40534546458376,24.110704355502165,16.104868802245644,11.378998784616511,8.259305193365192e-05
47.7199224922526,25.66376987935768,14.684332886526603,11.93187977914946,9.496271364430113e-05
47.705308168492024,26.412132461299244,16.284563338024356,9.597890217029622,0.00010581515473896157
49.78568943119275,23.678067735276283,15.692057320705196,10.844090454393514,9.505843224482062e-05
55.58900941247293,25.066162833512312,10.313966742380074,9.030797362296425,6.36493382450441e-05
53.396617102493934,24.86647620543479,12.274037658159227,9.462782561517372,8.647239466074746e-05
56.6640723689429,20.666669602759423,11.433207879869075,11.235952431968094,9.771646051658186e-05
56.12498155015152,22.29724612422244,12.476831203494616,9.100866405627718,7.471650370311299e-05
45.40732193172568,29.685637087523244,13.765662020737016,11.141273391172387,0.00010556884165602499
54.935630792659275,22.704617756116438,12.029481280663095,10.33016198481627,0.00010818574491919197
55.26082469270692,20.425887413488557,15.581790742733642,8.731410739217642,8.641185324668383e-05
51.88828937380894,24.633875863263157,13.332617207814954,10.145146467679993,7.108743296859005e-05
53.905784939561684,22.262028258009824,11.547755435130101,12.284360856353272,7.051094512693609e-05
49.45741693049931,23.67932150132951,14.193059644172557,12.670096691945531,0.00010523205309722994
58.34273106872575,22.095723512879704,9.896159383904283,9.665301914337698,8.412015255671024e-05
52.47799194751083,24.29107110929337,11.50763588882103,11.723206241364597,9.481301017663624e-05
52.609770590868045,22.56105555511481,16.716601810202032,8.112480860007967,9.118380715447078e-05
51.706020932009736,27.39211608694621,10.493543735914148,10.408243367064667,7.587806524642643e-05
50.8682570379619,26.546827183647796,11.655888812347143,10.928940598472364,8.636757079733958e-05
43.70584388844603,26.12756874953685,19.181416085650014,10.985070599733259,0.00010067663383100183
53.606991247237175,25.396592898545663,11.655515725608408,9.34082259968446,7.752892429182002e-05
50.23219215470416,24.604917785850255,13.463118088173651,11.699675005190615,9.696608130086844e-05
49.33213832568416,23.15279339275998,16.24788992102956,11.267091007148107,8.735337819464418e-05
59.41267449744675,18.950826593050696,12.227563881502203,9.408859731749102,7.529625124885e-05
52.14376662395171,26.1224815075693,12.99503120928983,8.738644407444776,7.625174437095936e-05
50.325094952576556,25.777556290914443,14.826523887442564,9.070732201166889,9.266789953245659e-05
58.0134556880086,20.211113158772637,10.909392661533865,10.865962446045655,7.604563925548726e-05
52.34044881141252,22.875580880699637,13.947349327403527,10.836521833172998,9.914731132496402e-05
53.857074002204996,25.295980128404395,11.039884189579855,9.80698777942699,7.390038376077012e-05
52.33155592130697,22.746960991301265,15.27204315399691,9.649360725600786,7.920779406647986e-05
53.062421216422976,26.13170620256057,11.745301989046322,9.060487849368284,8.274260184232217e-05
54.113746471990886,22.42544970908004,13.86656466773562,9.59416802409177,7.1127101682839e-05
49.76287407702376,27.95327539142751,12.487836767555452,9.795924849006509,8.891498676747296e-05
53.016604986390526,22.179332584184547,12.10885603945048,12.69512618166149,8.020831294760185e-05
55.75621157439149,19.774078797452237,13.786697554769653,10.682933834769027,7.823861758255249e-05
51.699211443511814,25.963587388107122,12.402339634585296,9.934786625430695,7.490836507500259e-05
48.59819953375219,24.88317904714469,14.43251990853722,12.085981489931699,0.00012002063421219286
50.89388027028772,21.49564873290562,16.592733385093933,11.017638768990286,9.884272243480124e-05
52.093261372530854,23.933303781757083,14.216796728570003,9.756553713167966,8.44039740944918e-05
53.83662746377114,21.890401046724612,13.386927787679623,10.88594668949414,9.701233049828592e-05
46.86717617405971,25.21414665272005,14.300563386182445,13.618010168893008,0.00010361814480552576
49.008075539156955,26.51845026916001,12.54044268563847,11.932936100682022,9.540536255057714e-05
49.67852120228229,25.58771960999735,14.380498473786126,10.353143956776096,0.0001167571581443779
55.787841354426874,20.843927339368864,11.169831065942523,12.198328085019137,7.215524259002746e-05
46.9309614323248,25.745888053657534,15.836180645590577,11.486863564877345,0.0001063035497432835
52.1454124464273,24.035027717272424,12.397103344894338,11.422371323867461,8.516753849687787e-05
52.78955171300367,23.549468931911637,13.860427313177828,9.800470733990844,8.130791604513875e-05
57.15058166418766,23.05747257870947,10.133083833677626,9.658776330783581,8.559264168881927e-05
54.034258236336456,20.53920308912856,14.324747962392026,11.101691070418845,9.964172411934766e-05
51.104947175900996,23.10612064871113,15.944211138113959,9.844643815374626,7.722189927754536e-05
55.299117028562875,22.479213260922826,10.852936064026645,11.36865381895156,7.982753607929868e-05
50.35701296023461,26.78844294621234,12.384595423744319,10.469850913137478,9.77566712400206e-05
57.0734784201007,20.57553020447691,11.874160743193844,10.476731411109292,9.922111925995261e-05
51.19512016217139,25.474404663359017,13.516265430077464,9.814145440634544,6.430375758584319e-05
55.07766142958529,20.316082840357513,13.380517540565437,11.22564770934353,9.048014823053828e-05
51.907333924487055,25.52960532655947,12.960561390130342,9.602419111895404,8.024692771394292e-05
54.23212257031745,26.059435696099243,10.83103779888573,8.877322057635874,8.18770617070082e-05
55.88795453361908,20.683553222869534,13.203713247773221,10.224695507204364,8.348853378433382e-05
49.33728014919836,28.21463645355376,12.774747389803787,9.673249428852031,8.657859206446875e-05
51.75393186052938,23.1010790047164,13.448225925855178,11.696653797928098,0.0001094109709345902
55.350864131466935,20.71131190540273,14.53030267382623,9.407442840277804,7.844902628548673e-05
53.927247078984095,23.37308242675242,12.210450400503017,10.48913805892345,8.203483701722165e-05
50.087336745897126,23.234315768099165,14.884914533344102,11.79334251481901,9.043784059148626e-05
48.2034364404136,24.600031727090734,14.429319077135697,12.76711579083164,9.696452834817356e-05
53.51425680500632,21.522080664358207,13.986305811953544,10.977266867207252,8.985147467891005e-05
54.26342585961501,22.116565874782975,14.267170486988165,9.352746391131364,9.138748249640719e-05
57.3686713349851,20.98971948047087,12.15103602674584,9.490486680893808,8.647690437644829e-05
55.64860578214107,22.941016360298168,11.346634078347604,10.063636032550628,0.00010774666254516399
53.52131536221195,22.171810458400035,13.326619138327251,10.980165189268435,8.985179233616382e-05
53.75218034162721,23.626323460053705,11.994026458190309,10.627374435519648,9.530460911996448e-05
47.92405775182283,28.982381034035082,12.02579610686382,11.067660520998613,0.00010458627965587276
54.34894214283943,27.614178318662365,9.47751935964436,8.559270249351169,8.992950267742011e-05
53.41859631224314,22.391146548870392,13.160156751615048,11.02999589502293,0.00010449224847077991
56.148350564194516,21.66569966635379,13.33655142193417,8.849305554364511,9.279315301212785e-05
47.293004728614505,26.956253291767567,15.29231365140361,10.458347439306253,8.0888908060699e-05
48.16563470443322,26.020399492405904,13.715111458833515,12.098758695703284,9.564862408269468e-05
50.43703969933973,25.163667549758905,11.838464400973484,12.560760971968385,6.737795950403315e-05
46.309056811245,27.809248069032343,15.115338406651125,10.76623683193042,0.0001198811411068108
50.73233633367342,26.783557625304976,12.05679841438243,10.427230122193688,7.75044454731436e-05
52.90292314807499,20.971401205585856,14.79589619905188,11.329687068604587,9.237868268142168e-05
50.14024502450245,25.501749095581296,14.067708323777332,10.290189087469223,0.00010846866970732972
57.15400273163305,19.782744769406293,12.896997957998346,10.166171693182651,8.284777965799172e-05
54.874928761662154,24.3304817120995,10.930284698544062,9.864220025137389,8.48025568963683e-05
48.354971470529826,26.32889653453512,12.744490529317309,12.57155280507099,8.866054675268239e-05
46.10133852939631,29.07219853166375,11.443416597339237,13.382954641671596,9.169992910257799e-05
53.22578417348793,24.293015443979847,12.535186148366249,9.94592802868167,8.620548431257559e-05
51.10504075468803,25.536511103690803,12.271376866425673,11.087004175146435,6.71000490599133e-05
46.33467915757552,25.8851184885654,15.827013107346605,11.95308651700561,0.00010272950687657686
58.80159416900001,21.558858048667858,10.772760683018982,8.8667205402276,6.655908554083941e-05
51.662287882644556,22.535561671433022,12.849752631783245,12.952310263934377,8.755020480527417e-05
54.726589507645315,21.65884832009038,13.950217577826853,9.66426354522942,8.104920802030704e-05
52.2520616693928,26.63386495298843,11.910270161804059,9.203712106649133,9.110916557742227e-05
46.307159137846114,27.056761463332325,14.29776167209653,12.33821676892496,0.000100957800062548
55.27335477258397,23.206598342527517,10.749575389119084,10.770376686360919,9.480940850343939e-05
59.53157816625089,20.41315978437021,12.79739813239347,7.25779016240613,7.375457929858581e-05
46.7181121779475,26.082169024056046,13.662467118422189,13.537146620763505,0.00010505881075490918
50.18280454644921,25.47393461414323,13.141886437249953,11.201274779276194,9.962288141514815e-05
56.15574144926313,24.29050327773316,10.935440574505789,8.618213415325647,0.00010128317226369105
52.577935895015194,23.022513939025103,13.697824716071683,10.701605055445631,0.0001203944423864085
47.501303891691116,26.817709741273532,13.765696060377453,11.915195358783699,9.494787421038866e-05
53.96527076459199,24.571128754666837,12.408016823834684,9.055491794067787,9.186283869753413e-05
53.30963579046494,19.90576518249062,14.815699604384566,11.968779475052504,0.00011994760737733801
45.09873999422139,26.34653510906755,17.10129040239013,11.453329487708434,0.00010500661251644069
54.06038012571675,23.596791154047814,13.309032753355691,9.033715908617015,8.005826275237041e-05
58.498791174065836,19.20964653486739,12.188415297794398,10.103078421929197,6.85713431856682e-05
54.16065116321438,19.73529509318278,15.230434708373897,10.873526730894444,9.230433449348328e-05
51.141176487400976,25.218157416873037,12.550962198527246,11.089585797419916,0.00011809977880177644
50.51690548546037,24.16763676150383,13.123006084345032,12.19235096641056,0.0001007022801995501
58.442436137122314,24.206193196830682,9.513139571891491,7.838136632534002,9.446162153773257e-05
53.29592694130161,23.080623227871204,12.522232563328679,11.101134141340118,8.312615837662078e-05
51.798727795808844,24.202312889493694,14.055308537166782,9.943558940718942,9.183681175569687e-05
49.2945312053654,26.945726873144228,13.352344785047354,10.407314286433055,8.285000993379895e-05
47.459874774682284,28.356745240688124,14.161464773393991,10.021816167328188,9.904390740399972e-05
52.57452772285925,23.224443848977256,13.877206803654413,10.323735530382937,8.609412614284513e-05
57.48444727416791,22.312916551521194,11.102391802242954,9.100184038115183,6.033395273798699e-05
56.39140245469626,20.808187315794363,12.162169409012305,10.638149766604716,9.105389237080423e-05
53.72316749238458,23.48412707786156,13.090573644837436,9.702060894629053,7.089028735814498e-05
52.65788067870948,22.369091542618918,14.551514443673321,10.421405554463265,0.00010778053502012726
55.037691381094014,22.558208255250804,12.180812312254496,10.22320089993201,8.715146867660033e-05
53.57053338652204,25.08488696715996,12.815439361118969,8.52904532760524,9.495759378973841e-05
49.817877171423994,24.30921871972859,12.838112198418994,13.034711060437687,8.084999073495631e-05
49.21314552538457,29.615550639494582,12.345442244465064,8.825761744409567,9.984624623284479e-05
47.53737453473349,28.771620735253006,13.203738254240408,10.48715221025731,0.0001142655157852998
54.92195739103203,20.497051577282228,13.616387899285897,10.964531860513024,7.127188682377418e-05
51.78223126181647,24.364885684832256,14.318726566072613,9.534054743779821,0.00010174349883038812
51.508269683630004,22.207687688335724,13.562880428908736,12.721072608736177,8.95903893539066e-05
52.04228500275774,24.67786883954461,13.148048234105728,10.131719427336376,7.849625553832871e-05
46.27127628658667,27.86967544533212,16.191049556579852,9.667887121401503,0.00011159009983912191
49.49919639613166,23.81966773020652,16.429947547493658,10.251103085423818,8.524074434487194e-05
51.86139638920946,23.375148225580485,12.196686989561028,12.56669613328682,7.226236221700687e-05
53.81863698266521,21.356569902835176,15.340985213003941,9.483716789406907,9.111208873970557e-05
47.850806846784224,25.737298156251004,16.00746632180089,10.404335103929217,9.357123466706759e-05
53.12045343978521,23.928670976297653,13.362949252386484,9.587843168154041,8.31633765960243e-05
49.75997161138798,26.652317351812915,14.212483291936879,9.37514490092316,8.284393905364464e-05
49.871665012535935,21.87862555160963,16.013588003395125,12.236024560374306,9.687208501501662e-05
56.604702631409396,17.534274140131938,15.03828985324862,10.822630636943543,0.00010273826650370762
48.6850513746129,23.78717147664328,16.181586900530494,11.346100985336241,8.926287707653236e-05
50.588857913597295,25.198477413063962,13.089908074032405,11.12267181676287,8.478254346674032e-05
53.20232423219428,22.836505023663133,13.051222909048231,10.90985904992403,8.878517031973088e-05
43.41721563055619,25.877843963946578,17.703474352681088,13.001370355501576,9.569731455155517e-05
57.275644331259365,21.493754499471514,11.646352342351483,9.584164418648141,8.44082695078758e-05
49.21132181032163,29.26340919976223,10.94208452523307,10.583095793573724,8.867110934844892e-05
57.26700984749912,18.600475801480517,12.475911578154475,11.656528661421095,7.41114447950975e-05
51.55104999152284,22.951126835428166,15.752644241130497,9.745077113191005,0.0001018187274946742
51.26236020159305,27.287122066865237,10.473242477777383,10.97718823739241,8.70163719132201e-05
51.149109786855554,28.10014893659624,12.76087468447375,7.98977502479195,9.156728249953874e-05
44.93938146364615,27.212420129540632,14.544449394553633,13.303654795683489,9.421657610190158e-05
46.73971372990407,25.94406596776136,16.001839567015487,11.31429305004211,8.76852769732739e-05
53.29880544539719,24.039923105589843,11.527185005000103,11.133991035198882,9.540881396589128e-05
52.67024730997678,25.566037608541407,12.597698207726344,9.165942686667663,7.418708780830159e-05
51.38698968512008,24.500212782010053,12.934571667143647,11.178130423163646,9.544256257971059e-05
55.95575799775248,23.37395571647807,11.639350884516201,9.030856575224862,7.882602839156322e-05
55.3557222102799,21.183495320970128,13.07007005174742,10.390640320326655,7.209667589557383e-05
59.31047739582838,21.067925433176,9.776948516310227,9.844539488611009,0.0001091660743855536
52.77011927770646,24.30535639669353,13.658410546206055,9.266027212107247,8.656728670046354e-05
60.08826574726296,18.749434453688846,11.324564314366526,9.837658632110543,7.685257111071025e-05
48.83222544357507,22.49580914084316,17.436326560002275,11.235543257276964,9.559830254253772e-05
52.705619393088874,24.336947094150688,13.265464184909911,9.691885404605616,8.392324490043822e-05
49.403061859004204,27.467663921076497,11.805687226187027,11.323494507570372,9.248616190085037e-05
55.372050728110075,21.030002676741354,13.462840389088065,10.135015969010512,9.023705001196573e-05
52.73319418834752,26.345336804719665,11.861144305694477,9.060252582672147,7.211856618792837e-05
46.3876435188653,27.0973409234953,17.20911504762227,9.305818269019817,8.224099731058843e-05
44.32852674600919,28.57523051333034,16.477268281821253,10.618891222063063,8.323677617030704e-05
55.014295647759525,23.187154800811264,10.886429640361799,10.912047736578174,7.217448924644055e-05
54.73322613811481,20.257197320370203,15.518931596945892,9.490555388576572,8.955599251685625e-05
51.43909938665679,21.274101214800744,15.140879077405833,12.145819617246403,0.0001007038902179763
47.867116533273744,26.991742268467444,14.902266698572031,10.2387902128989,8.428678789587306e-05
58.546246228541456,18.127031548643156,13.763741705497948,9.562895618733194,8.48985842435561e-05
52.38351193227797,25.572611543125195,12.102214187236285,9.941582810101265,7.952725927515195e-05
47.63649498778564,24.01952815435197,16.505018671180224,11.83885571682502,0.00010246985714166283
53.45157685903629,23.47113674827761,12.626539333023898,10.450671952181471,7.51074807324456e-05
49.107008726034785,25.671502527026796,14.903912612924813,10.317480231142513,9.590287109512671e-05
53.60070065628878,23.468368627296922,13.241277830129128,9.689561947097147,9.093918802268156e-05
50.36036721953019,26.267125251906236,13.301872459715986,10.070550970554367,8.409829320634083e-05
50.376420652939956,21.5155073302753,16.045264927763075,12.062727418689093,7.967033258129935e-05
55.317537512047146,20.975788936466436,14.048431201331057,9.65817016715709,7.218299827055687e-05
48.92002893753602,26.276815710006613,13.878138854238657,10.924926222178527,9.027604018895626e-05
48.67133319876829,28.200394127694327,13.919263580903971,9.20892378982655,8.530280688535824e-05
48.46926173534697,27.010231179827894,11.664818780571624,12.855583666345504,0.0001046379080127963
53.172844981235244,21.084458199954547,15.933352526923954,9.809246515037279,9.777684896505401e-05
57.72532965941991,20.357303587606403,12.766810909739576,9.150479241458028,7.660177610259374e-05
53.50409782573766,24.18865162529338,13.151638991878997,9.155493120656482,0.00011843643347598002
51.209050122117006,23.722232735274922,15.216685154202631,9.851939002988532,9.298541690867038e-05
56.93764173206607,22.32519067730798,9.953740940443906,10.783354672104831,7.197807720746574e-05
48.925495518290795,23.84351646524686,15.158405860565063,12.072499922344964,8.223355232269525e-05
51.61298012732522,20.76089120116107,16.848696691435315,10.777335784806388,9.61952720156089e-05
56.52752594372259,21.128014436273023,12.648991276152511,9.695353015936279,0.00011532791558711924
54.83374374509663,19.275075691376916,16.820267223266747,9.070815664369919,9.767588977192117e-05
54.58493047935855,22.61096774560218,13.11859173214297,9.685432203734532,7.783916176566755e-05
55.613760909772935,21.29648950937146,12.568140951255625,10.52153013116569,7.849843428893975e-05
56.48922609569533,20.56298703931934,11.300872489508789,11.646847029789784,6.734568676098287e-05
52.66413446292509,23.694867817184708,12.736822442792798,10.904106319678549,6.895741885397479e-05
57.44129973556621,19.42351260284017,14.163790483240826,8.97131468388423,8.249446857000213e-05
52.70145962304875,23.9789805899804,13.246546661606507,10.072917087456371,9.603790797485501e-05
55.92021568345329,21.595368461615248,12.516059064217197,9.968269260622378,8.753009189115426e-05
53.52155640840371,20.978049806014408,14.992106979832714,10.508176623358505,0.00011018239064422332
53.121108211545334,25.192936347904265,11.074212675678897,10.611646938835523,9.58260359869584e-05
49.24409128318026,22.6518401158429,16.965941620899716,11.138038164082364,8.881599475200666e-05
50.86062583154464,22.527706195876828,15.989682947368522,10.62189951664198,8.550856801714624e-05
54.205417890143735,22.63797977151346,12.930717766256903,10.225788031337904,9.65407480063054e-05
52.100454460573374,28.61334664951566,11.65766234986851,7.62845102523909,8.551480338294092e-05
53.624285479169686,18.93968282816429,15.874250792915195,11.561699764862038,8.113488880340875e-05
52.56606854572019,22.442848576412917,13.317546197990454,11.673443629748782,9.305012766125833e-05
56.16157181884002,22.514235728831025,13.24432647012539,8.079787974420237,7.800778333455441e-05
51.507669401054756,21.83537020698944,15.20281785637499,11.454039479236302,0.00010305634450503385
55.70274333504048,22.860867553412003,11.283244554419044,10.15305524926119,8.93078672795864e-05
56.713325651932344,20.331724430424224,12.896617321472087,10.05825465973981,7.793643154520983e-05
47.90124064054986,27.18997209258951,15.582769706683438,9.32591809387329,9.946630392158175e-05
51.07972349048183,23.79031903723464,13.983454138989227,11.146414236296728,8.909699758023135e-05
56.64682462064279,23.314949995499404,11.354165907481473,8.683975896231825,8.358014451178367e-05
52.0868464941709,24.86003631780084,11.240910488063092,11.812099788946618,0.00010691101853694437
46.06457826477509,24.884597731654512,17.582066886303615,11.468653194689757,0.00010392257701850524
47.678764299780205,27.24411295642563,12.521543182119716,12.555492879206993,8.66824674543576e-05
54.234081472528196,20.71316992526825,14.00874047455218,11.043917530181567,9.059746981421447e-05
57.61568464536519,20.25728961660655,11.76451505390514,10.362433575653846,7.710846928641692e-05
57.71481650191029,19.052823064141485,12.933121178086642,10.29914755555659,9.170030500265896e-05
51.36286831007217,21.585070960857035,15.474252266083454,11.577692873836893,0.00011558915045128135
57.29648276167055,20.747948148383582,12.057305312738672,9.898179493536041,8.428367115684305e-05
46.467206870762446,31.374033700599835,13.323834251379468,8.834831657531112,9.35197271351522e-05
51.626440690901156,22.56288381796434,12.227966417990991,13.582622488332941,8.658481057835641e-05
58.23608188844936,18.17782822500991,12.90124210924045,10.684761511126336,8.62661739426127e-05
51.99254679899097,23.055490038796993,12.747455034941193,12.2044308026081,7.732466274713601e-05
50.5037468550552,25.996926154200985,13.618777514683373,9.880448719118844,0.0001007569416086505
55.422895580907664,20.55648425585027,12.846179752245199,11.174354704726126,8.570627075559746e-05
53.59734361519208,22.315304298308973,13.497351283913723,10.589902391878107,9.841070710170171e-05
50.09493683704254,25.03580373968844,14.197539374445208,10.671621366948681,9.868187512988292e-05
52.587453839085406,22.91225076513956,12.861489311790503,11.638706690751917,9.9393232606294e-05
52.729344681521205,25.24023454736287,13.158146820851274,8.872181825041412,9.212522324949198e-05
49.91135134807883,23.249990673257376,13.136621722142936,13.701962793612479,7.346290839063719e-05
50.672711203057766,22.784838817282477,15.024136419172173,11.518232675025379,8.088546220845534e-05
53.496290183419795,23.798892946046408,13.768262503512945,8.93647080977827,8.355724258678589e-05
48.68679167192522,25.13029681219731,16.333154306397187,9.849662171787656,9.503769263258473e-05
53.588967842007875,26.002074100114825,10.66399003410211,9.744887704854706,8.031892048222626e-05
53.01961410786473,20.980550701177584,15.720680593824884,10.279070916919213,8.36802135680719e-05
55.705213581186975,22.10745048933997,12.809024109562369,9.378205995814241,0.00010582409646031518
56.434192971922336,22.89764057366976,11.100535290388788,9.567544755867832,8.640815127386807e-05
54.37214840397427,21.06540654677265,14.264055873185534,10.298298141606587,9.103446096038629e-05
56.1360064291086,20.27444098972208,13.264168082389768,10.325279564762656,0.00010493401687868596
49.59935199933205,28.787285561312796,12.080568418969216,9.532696248995814,9.777139010791964e-05
56.51730939223193,21.27593760185353,12.515657895027084,9.691012407121852,8.270376560907749e-05
49.47015960899478,27.791261513941386,13.022543050867988,9.715954088535096,8.173766075199678e-05
51.41501281520381,22.156837617599674,16.93676735196061,9.491306060085313,7.61551505893211e-05
48.450222886914936,25.2418926557612,13.208400950440302,13.099406253861886,7.725302168231623e-05
53.82670840448189,16.724105208816244,15.57124659523573,13.877809117659845,0.0001306738062755241
52.904588878549156,25.723381467196283,11.520575398315122,9.851369278746596,8.497719284574662e-05
54.32549673038736,24.181649006954125,10.622067455974953,10.870694649685236,9.215699833515326e-05
50.8773656705552,24.39521904170021,11.901923509115054,12.825387012028584,0.00010476660096021831
50.7269752504503,24.061158587519746,12.870764700591659,12.340984655522833,0.00011680591546777275
53.93858314706811,21.96242535249581,12.38010499541991,11.718803795736036,8.270928013883484e-05
49.528540449162364,27.337431905070297,13.388412925856699,9.745537075685501,7.764422515084831e-05
53.33493227431344,20.199410471598867,16.6754004224978,9.79017382555797,8.30060319272716e-05
56.80106649163639,19.01912081922764,13.945324643484499,10.234396406645295,9.163900616559263e-05
54.39105685808416,23.458684254931764,13.12395996084445,9.026217181549603,8.174459002298019e-05
53.514764209861276,22.57009998441894,13.442222092242273,10.472826243987342,8.74694901596852e-05
53.67410160425893,23.165783135497993,14.294222709789697,8.865810280090223,8.227036315327794e-05
54.813324760704475,21.405798999142736,13.753320427815597,10.027458958800892,9.685353631640078e-05
48.960350182401754,26.936785168187637,12.325332255096257,11.777430749944948,0.00010164436940587841
57.65377489293713,18.825031319871428,13.59598989837601,9.925134861103594,6.90277118288212e-05
54.440973755702736,23.123533777762123,12.075554795747143,10.359837966430142,9.97043578348149e-05
51.35099430269703,24.790767109937992,11.26809688810362,12.59004888839107,9.281087029041138e-05
46.52706617420846,29.019237270094266,14.900317852666614,9.55328386655645,9.48364742103986e-05
56.00771084857317,20.90070832203593,12.766687517139175,10.324813671567243,7.964068451073933e-05
52.592927367686585,24.3049819315658,13.513117630383695,9.588892006875016,8.106348892118793e-05
51.55651457957207,23.690733824181915,14.107853015996305,10.64481931587121,7.926437849858089e-05
52.841460698753636,24.95214078798026,12.847232582861146,9.359082152792125,8.377761283196758e-05
57.50423963316024,20.338861530213347,11.570105643452697,10.586717713816931,7.547935679502115e-05
51.1238247588529,25.576886756269605,12.233023722609532,11.066189544275899,7.521799207610727e-05
55.14531611478599,21.70245576213253,12.761276583533363,10.390872218645363,7.932090274577098e-05
49.85515476138643,22.17998516074808,14.715047347059748,13.249726379967463,8.635083827492163e-05
54.86742453820417,23.95013002124691,11.120763972161381,10.061595579009346,8.588937818730283e-05
51.439350751182374,26.581620949656877,13.184985402148339,8.793953756189083,8.91408233342908e-05
56.825170863284825,19.36333988046821,14.48920740555802,9.322193182361936,8.866832701412753e-05
55.97650344270952,20.69428983038512,12.82332207435815,10.505806447584586,7.82049626110897e-05
50.93486556125458,25.590258777847115,12.972408541358474,10.502385712661635,8.14068782087388e-05
49.201213887351216,27.637385912709945,12.888131300495036,10.273181118395721,8.778104809730014e-05
52.06724991928592,24.492236774241583,13.21178710707962,10.228634921864108,9.127752877015681e-05
57.031755872222156,21.456015926014725,11.905696669315297,9.60644465028094,8.68821668756911e-05
54.746216550068624,24.293115250388897,11.873198818407568,9.08735967180548,0.00010970932941976453
58.81096273997512,19.82611809243249,12.091821412579185,9.271013725659472,8.402935371847728e-05
49.894487018295685,20.480098480935563,16.100913231353154,13.52440476644967,9.650296594644282e-05
52.97363725813072,25.579443997755106,10.620677491450229,10.826137851662585,0.0001034010013470462
54.62121728874413,21.868630618614265,13.924582305474178,9.585492245366115,7.754180128781401e-05
52.67905471918994,22.591122365302745,14.613446768428762,10.11628249095778,9.3656120759197e-05
50.69865564652124,22.554326354035233,15.226495143361642,11.520411993119167,0.00011086296270369726
47.65577720510975,26.954319005044443,14.23928835417652,11.150518631234569,9.680443473064355e-05
53.8463246127679,22.8469131735364,14.085504973389828,9.221170745368395,8.64949374580596e-05
58.05543634845082,20.600243131208416,11.006495280617736,10.337729610267052,9.562945596949369e-05
51.68296319914021,22.65826222048504,15.173300435873147,10.485358250307968,0.00011589419363826807
45.712459398582666,26.67610485435895,14.82535673073799,12.785975726081258,0.00010329023912333423
54.51946547721286,21.561772158780766,13.139886086875666,10.778773144788149,0.00010313234256195871
49.03347504211806,27.469385145263747,13.143078531144115,10.353962563816346,9.871765772009136e-05
54.54066939252758,22.84132887148927,13.109363550747863,9.508565058630015,7.312660526378918e-05
51.773069230205536,25.440267074426377,12.157937656458436,10.628644434117994,8.160479167615463e-05
56.86436554154298,19.281385778881017,12.261468484899527,11.592697510734705,8.268394175623974e-05
48.78047737356846,23.36639257988363,17.10753142122239,10.745494504507992,0.00010412081753682463
50.915203361001026,21.970980136381073,15.231611614299952,11.882118650118178,8.623819976826027e-05
50.01520425022474,25.376584163561734,14.27665671202432,10.331455209152503,9.966503669961454e-05
51.4216986703951,21.662431432995728,15.921610232549236,10.994156709896115,0.00010295416381598471
51.57488803080563,26.944092733352935,11.206178883593903,10.274740620740458,9.973150706852956e-05
54.454357164367394,21.121916116280147,16.300122782160447,8.12350601822538,9.791896662024479e-05
52.69248269788774,24.096758637711837,13.402624429117537,9.808051768251426,8.246703145041117e-05
48.721055329713614,25.352031353712785,15.69051313742927,10.236301005880987,9.917326333775771e-05
56.01128988623122,22.1768131361455,13.562851230730901,8.248978467421601,6.727947076004628e-05
57.493259699193985,20.935125172367936,11.762819671468003,9.80872719290377,6.82640663315221e-05
48.99757687726408,25.977688885721584,14.649411245867375,10.375239362173492,8.362897346087898e-05
53.9565216517494,22.909518318410075,13.608562784141466,9.525319706314157,7.753938490525737e-05
53.28336580790036,24.346144860471327,12.368329554831451,10.002080150735173,7.962606169058176e-05
56.337594364683184,20.874893529892017,12.927712555667007,9.859702153354023,9.739640375289577e-05
54.40875823686804,20.69671344981545,13.590998412962534,11.303448910732262,8.098962169935608e-05
51.387561212090795,23.66561973248103,14.043261190863099,10.903470978952086,8.688561299764683e-05
48.80876992286798,26.148105451821134,14.42391810095574,10.619132828489798,7.369586534780714e-05
54.67173408101841,23.704797408775356,11.461738107552895,10.161662856020778,6.754663257395718e-05
47.71605539699936,23.921683496087233,17.64617592926805,10.715984385555032,0.00010079209034957767
57.097801952215875,20.95311936679996,13.227407243849154,8.721593260070023,7.817706500421587e-05
53.427380855602536,22.734874265182654,14.391330469320918,9.446313674637404,0.00010073525647983472
54.34553261453927,17.865620210773915,17.28781423593249,10.500950996101277,8.194265304966686e-05
57.1869381077025,21.53799686923791,13.111272972976021,8.163710083559565,8.196652400031016e-05
48.01516060538013,28.11394575186503,12.304134223311493,11.566651252473905,0.00010816696943695016
53.68226771866376,23.802685041052836,12.056576344284045,10.458388096807989,8.279919137679038e-05
52.463995805660524,22.141379253040146,16.103219459904246,9.291320214770813,8.52666242853891e-05
54.68535367587669,18.871573407058055,15.040010064377157,11.402984510655145,7.834203297068368e-05
51.89203885931074,21.063218663400548,15.840703244935147,11.203944840729449,9.439162411420103e-05
48.61909682518115,25.273601873684704,15.670157823528655,10.437047013931894,9.646367360489642e-05
48.810580632964715,27.124285601910287,13.056812991461234,11.00823287355437,8.790010940128322e-05
49.12908614064659,28.182410378030582,13.405221271098808,9.283184071767266,9.813845674836622e-05
56.71820156137623,20.08861756241776,13.131728490623495,10.061364230300084,8.815528241561384e-05
50.46798004827772,24.31340750753363,14.654974210595215,10.563519636559837,0.00011859703358752645
53.63126167725062,26.057959342721134,11.54800186462893,8.762691742500362,8.537289895883068e-05
52.211258652272555,22.006591606259654,15.712774789163724,10.069289917809757,8.503449429190824e-05
56.03660780917501,23.879021765121234,12.047956711168691,8.036331470051495,8.224448358463382e-05
49.073171826161875,26.208586435631094,13.163001131928798,11.555144755252005,9.58510262215788e-05
54.901898237794555,22.21533736974128,12.161605125847336,10.721082995758103,7.627085872815392e-05
50.23957827748296,25.599617737782093,12.77151947205982,11.389198146027343,8.636664778388809e-05
54.6569057662145,23.23489276160399,12.23092746302025,9.877180336566465,9.36725947979431e-05
50.39478198300703,23.55957510226447,13.511113092345928,12.534435719883868,9.410249868573732e-05
50.404645691203356,25.998004982351436,12.415269972782998,11.181987164815979,9.218884623242382e-05
50.634201915767385,24.479935118232742,14.044789825955025,10.841008147308662,6.499273617727384e-05
52.118396214247674,25.05191088579491,12.179885888006876,10.649706633593418,0.00010037835712584141
54.851380078769196,22.210725287811663,12.87911566996603,10.058693290715405,8.567273771892663e-05
47.03255408796922,26.52987802311417,14.600493645467042,11.836977173166527,9.707028305843145e-05
55.42745667741795,21.759563951614712,11.710069415077273,11.10283447010827,7.548578179120797e-05
53.49143782578329,25.63380207075779,11.04531501788201,9.829353611899732,9.147367718117196e-05
55.276685150577165,19.855542134819164,13.415180593343589,11.452513179305573,7.894195450872145e-05
53.55732306872895,24.86559904157557,10.772937884447362,10.804062034086757,7.797116137155712e-05
52.08765687753913,25.51753306420516,12.408492163406489,9.986235947987906,8.194686130934369e-05
54.9268450286594,22.668197928617808,13.636334924566814,8.768504477393416,0.00011764076256472639
56.54621633516768,21.56914794798456,13.273030795229552,8.611523563838894,8.135777933330663e-05
49.50021932200839,25.07533529198544,15.636692581274698,9.787678597488295,7.420724316792751e-05
55.409512866810196,20.696011317275197,14.059175676999516,9.835229414345866,7.072456923119149e-05
58.64296339316447,20.506305615969108,11.3751043859422,9.475558534002934,6.807092128562677e-05
51.79573911150284,25.354552472660984,11.586825720017087,11.262766187236847,0.000116508582233445
45.32931767856874,26.905672364842864,15.680405601870692,12.084502846974704,0.00010150774298284813
49.371777152421885,25.81309990854906,12.977122492660653,11.837903133152349,9.731321606493505e-05
52.52963915423737,25.15031391295076,12.164990051872323,10.154973121703694,8.375923584036478e-05
51.843053421619075,25.121655496000457,13.681794079541232,9.353396415561004,0.00010058727823423352
42.72301472128397,27.39778086876784,17.67196316721506,12.207148760259736,9.248247339182681e-05
49.804761155138706,21.776156520936052,14.928939297305115,13.490064767788848,7.825883128070724e-05
55.54362847648764,22.818051673049638,11.685962901560593,9.952271577786561,8.537111557735382e-05
53.24794055808236,25.398686029899515,12.391712135709456,8.961580464761571,8.081154709665559e-05
51.559063714936514,25.720713529808798,12.036625363456494,10.683494097671725,0.00010329412647677459
46.548060386717985,28.902184921720508,11.780360661222538,12.769303462393697,9.056794525615772e-05
56.414508514221815,23.41142236565178,10.99579144217531,9.17818821821885,8.945973223957068e-05
42.49548649576565,28.75057103505705,14.516381651505533,14.237486692519944,7.412515180712434e-05
51.01082138440402,25.459116792316173,13.608082621468798,9.921887734007937,9.146780308831571e-05
57.029946184674266,23.584646519087514,9.93672679076711,9.448599626671683,8.087879941469043e-05
58.40299680171955,18.01645155944173,13.383379249800035,10.197095945469684,7.644356900149588e-05
54.78285724004175,18.531191390915644,16.26624204926177,10.419615134892139,9.418488868765399e-05
47.73291401759119,26.410925120797717,16.088954327747913,9.76712063147319,8.590238998871223e-05
53.23781849550798,23.31003712672482,12.98718192025692,10.464871467700604,9.098980970101158e-05
47.674685344732524,27.786215203684073,11.391594347598398,13.147397809707554,0.00010729427745997663
53.11981563532996,25.642191143198616,11.450888136153573,9.787019225781382,8.585953647684237e-05
50.73034302535477,27.297966208199604,10.854515119213424,11.117076680619823,9.896661236791096e-05
52.43741795259835,23.327896050697966,14.310254012781916,9.924318642669176,0.00011334125258246379
59.033501469847494,17.9717258887446,11.961776101469136,11.03292003000992,7.650992886077138e-05
50.6582835848486,25.159604665997914,12.629179934244156,11.55284244657192,8.936833742672616e-05
50.40083806598966,23.419122248018617,14.414498233053743,11.765467346184257,7.41067537056644e-05
53.47994486652454,22.774821348452164,12.243428450747478,11.501708918818416,9.64154574179001e-05
52.486874638675374,26.927237742453414,12.563404007677331,8.022383519543723,0.00010009165015533667
53.84358647233436,21.632081488939274,13.023917327173724,11.500343929398378,7.078215426456672e-05
46.160286732996084,26.00511537442679,13.322005424988784,14.51250651856608,8.594902226712835e-05
49.97186199354502,24.28201804707705,15.10752047848041,10.63850632889308,9.31520044449524e-05
53.967720322772394,23.87491603018265,11.62505779247425,10.53220744180836,9.841276233107387e-05
56.2274124700223,22.21192248720975,11.86917460668591,9.691403174414107,8.726166793525337e-05
50.57691748732229,25.50529470503668,13.81615056277406,10.101537706251555,9.953861541220841e-05
43.47126184395121,30.235059970097318,14.343523450906579,11.950054475097225,0.00010025994767708217
56.48139879857964,22.494531392644525,10.944582395958879,10.079370909691054,0.00011650312588385531
46.671539445723305,30.150588903516244,13.324626727257534,9.853151059571804,9.386393111687733e-05
47.35564250691447,26.56186761931988,14.858177844737918,11.224213974711288,9.805431644734205e-05
58.116947786510444,19.867813297673738,11.63139057682977,10.383760691770464,8.764721557819509e-05
53.728403507961175,21.65888775349018,13.439733237759718,11.172883378133251,9.212265567489582e-05
51.89141309034484,25.55678017712871,13.072376006053918,9.479345577453921,8.51490186164911e-05
50.4720182331275,26.718497828360306,12.007407896125311,10.80198254710536,9.349528151922815e-05
49.69702306755778,26.566853064021632,13.28279644961915,10.453211339714768,0.00011607908666785579
49.16374735150315,27.42141313584216,13.366786883911056,10.047932568672728,0.00012006007090732138
47.15145383149111,26.312856447140188,13.84190982857807,12.693675028567197,0.00010486422343800907
54.16796747186068,22.661391542768197,12.803944157739352,10.366606042873242,9.078475854467376e-05
45.35439664698019,29.874877424417996,13.582953111013083,11.187661368014638,0.00011144957409295054
54.72288873524545,21.31043529909927,13.594361232217828,10.372244804325053,6.99291124148184e-05
55.77505295303562,21.82286233699427,11.21100079809721,11.191006478613117,7.743325975542616e-05
51.55993792895816,26.312134837122063,11.550588161415495,10.577245663860424,9.340864384683001e-05
48.829568596854585,23.24643994433555,15.66554588476452,12.258343935422367,0.00010163862298156547
50.320535574740674,21.911319374119003,16.636481227865872,11.131550727249369,0.0001130960250813395
53.0115992488546,25.49810531041879,11.404422950838468,10.085770058772596,0.00010243111554378406
50.47895541313427,28.054949216350362,12.941771880018038,8.524224967560082,9.852293725334666e-05
59.14439709136673,18.42192148543635,12.796064294497159,9.637525857221169,9.127147858273754e-05
50.11998762481571,23.61259104835422,13.992201141684685,12.275098149789677,0.00012203535571365072
47.44455403022902,27.59911095522319,15.63618354526652,9.320068710267078,8.275901418881512e-05
49.5454595439518,29.29466359529104,11.072144100136372,10.087649239876106,8.352074468602386e-05
45.83003092593111,31.12248099754139,12.928349460581623,10.119046548292527,9.20676533627321e-05
53.670354461612334,25.09732061368758,11.489706305399599,9.742544036248537,7.458305195542328e-05
48.01389084052542,29.863291490498963,11.226642216637263,10.896084328810153,9.112352822578686e-05
53.3635353157588,22.344375976134963,13.159968537138313,11.132017976512126,0.00010219445579465556
42.11422234499745,30.876440272539075,15.059130090585663,11.950113324792726,9.39670850715784e-05
49.655338393438704,22.731843436427905,16.58381311405539,11.028899656168825,0.00010539990916964845
48.383838042403404,22.084497259848394,17.1631192081916,12.368439593652674,0.00010589590394974878
55.935573518097115,20.4754461996094,11.621909824921747,11.966983611119856,8.684625188012346e-05
54.15271052939459,25.9007663806177,10.436820177053779,9.50960446040206,9.845253188389806e-05
62.14850494199943,18.499569985421697,10.6525716092497,8.699278527020434,7.493630873857209e-05
51.70873482021576,23.608484228705212,14.01664362493901,10.666058435228733,7.889091128816755e-05
57.90869017072444,18.199323805200525,14.549389265857048,9.342521271811982,7.548640598489477e-05
54.81662084027037,23.767422292323914,11.14852116772449,10.267340701039329,9.499864187404856e-05
60.07987171167638,18.385811236085665,11.885278345222785,9.648938211912638,0.00010049510252831409
49.27216862828583,27.98791593007542,12.799394494840374,9.940439645606732,8.130119164998835e-05
49.45739714835804,26.630201280716076,13.223804782739423,10.688497295181948,9.949300451142311e-05
48.186757133447,26.700097229877368,12.887340891510831,12.225700683713866,0.00010406145092677599
55.58328457636782,21.864506181039552,12.315898977231873,10.236224733999642,8.553136112647629e-05
51.182614076789946,24.761287757087807,12.54504040261063,11.510971040808563,8.672270304369786e-05
56.76192153711621,17.645280675834464,13.637768746802392,11.954948755680737,8.028456618436013e-05
50.59199824176007,25.385485465419094,13.222981499354148,10.79944015162367,9.464184303161556e-05
42.645707954314496,35.34871201159947,12.14304365569227,9.862449256557394,8.7121836360367e-05
56.593513363606974,21.658427217959243,10.92538954827134,10.822583249036608,8.662112584603395e-05
52.79568250826402,23.095905045234144,13.579843760271821,10.528477475750815,9.121047919514846e-05
52.72199752335703,24.17753619521072,12.47228846689282,10.628096354369093,8.146017034477824e-05
54.19351187993284,22.652374748005666,12.478352956941567,10.675672824529189,8.759059073039759e-05
46.9584773228527,25.458027827583212,15.467419219409221,12.115996145676222,7.948447863137847e-05
56.75892709450273,17.756243631052385,14.06731931396766,11.417427238360936,8.272211628577704e-05
50.484622533842625,23.17141041573989,15.225290665577381,11.118594460336471,8.192450363061801e-05
51.30674388578882,28.257601717157687,9.642443323796247,10.793106185364715,0.00010488789254870555
55.988641375340755,20.847107351632438,12.698616943980273,10.465557165787052,7.716325946866771e-05
54.24092080472577,21.575341771629336,13.27637259683897,10.90727573383989,8.909296603495019e-05
55.02811649369765,21.523519788821595,11.852634424544123,11.595663562192554,6.573074407101434e-05
48.390036945705994,29.439761140445704,11.888362409340518,10.281763226180493,7.627832728082969e-05
55.19739676557281,18.97670702356063,15.161799359276545,10.663997957992297,9.889359769815763e-05
46.310145396317495,24.009656714534238,15.826265263763462,13.853859551544101,7.307384070792355e-05
51.693403656308604,26.487841967776504,11.590665186151696,10.228003889077232,8.530068596064214e-05
51.767440049622834,25.370995454552343,12.650735483940053,10.210742435139894,8.657674488114089e-05
55.66397883833486,20.618020548412566,14.056784955561882,9.66111902213203,9.663555865984798e-05
55.34301367242826,22.66969722780464,12.33199793358104,9.655198977312885,9.218887315579354e-05
54.0929559143976,23.66567406566878,12.745749785333379,9.495529787881123,9.044671911572611e-05
47.57970700551442,28.622165709376894,14.407891768325523,9.390155376777246,8.014000591850787e-05
49.02442260796515,26.28374161135543,13.78813375680533,10.903616134221629,8.588965246607744e-05
49.126173041869926,22.196701705658455,15.538921653462905,13.138101363734222,0.00010223527450832243
51.202549463303896,26.920643167276765,12.112349661895188,9.764346361278673,0.00011134624548469902
54.75380539095467,24.94102054519295,9.903018309112285,10.402072935167224,8.281957288026248e-05
52.528760312766856,21.255868087350052,15.865403621970833,10.349888144541822,7.983337044757812e-05
53.15658517121715,23.719287393215446,12.57670564146727,10.547334802521137,8.699157900573213e-05
55.33418339856206,20.437069587983764,14.235535829489129,9.993136965907944,7.421805710581376e-05
52.87625051430599,26.116639332069543,10.592965640415217,10.414061808778511,8.270443073481217e-05
54.19691272053227,23.12576116094792,11.969428325202774,10.707809311538222,8.848177882104851e-05
58.637194815312895,19.266633035519177,12.301317417270667,9.794776530320979,7.820157627986601e-05
57.72385738127072,20.992348466945188,11.670640314476815,9.613078468928087,7.536837919298121e-05
56.67669611024986,23.934308965551192,9.875529447424757,9.513401573602128,6.39031720709784e-05
51.413777783123535,26.41691867325956,13.12581850807904,9.04339427555547,9.075998238702044e-05
51.71940165244013,25.764494255958777,12.381637423264412,10.134376256114605,9.04122220866712e-05
52.31299812369225,24.27460543852202,12.685236763657656,10.727081115203132,7.855892493829488e-05
48.627560602718866,26.82236717316967,14.047135062979107,10.502831304660406,0.00010585647196039223
51.65037919842837,25.1487976649264,12.755628904435213,10.445095167178495,9.906503152909403e-05
41.938336788401976,30.57975744164408,15.255736989129382,12.226069974430697,9.880639386627454e-05
59.006246235137596,18.21414742593108,12.848608203704051,9.930918559911593,7.957531570084129e-05
51.02151680071426,29.381316151211834,10.951901821073141,8.64515906156475,0.00010616543601611755
48.901529545475945,25.637748588658503,15.851068650795883,9.609566480231377,8.673483828710514e-05
53.14765243350757,24.247412515607564,12.142099736987044,10.462757427386048,7.788651179728198e-05
50.3115686662382,26.38500830850769,12.622491659798706,10.680840695869016,9.066958637905582e-05
53.45437772894696,22.817070163434153,13.781403794247938,9.947069539705144,7.877366580943647e-05
53.00657955028923,23.286755245490724,14.069918367705567,9.636654044314964,9.279219951838929e-05
50.402403157626296,28.84444855660976,11.761879772049953,8.991192527713645,7.598600034196474e-05
57.57162941048761,18.116101477330073,13.531384141177114,10.780822628134738,6.234287047384338e-05
53.906224154610925,23.917097150488583,12.720966103774861,9.45563293596062,7.965516500757105e-05
53.862511101537415,23.85347346469891,12.169067673439839,10.114841788041725,0.0001059722821240407
51.88271082275195,24.66330712734249,12.15124166960377,11.302660549228047,7.983107373501233e-05
52.047263054608514,22.764922895947073,14.401839046594645,10.785893488841216,8.151400855069653e-05
59.59049480510919,20.836817987460414,10.459385756586581,9.11321129773453,9.015310929324098e-05
51.52531237418404,24.839628407284344,12.439941396347768,11.195032536484554,8.528569929387582e-05
53.14952646506801,22.43000165777029,13.64396686163341,10.776404537166975,0.00010047836131969234
50.7047070527061,23.386608656641066,15.263857190388727,10.644744066531372,8.303373272515414e-05
53.47550180708907,23.382744213578622,12.049014039311212,11.092637602813458,0.0001023372076568106
50.26804010743289,22.506262087945807,15.039416454070725,12.186207017942044,7.433260852664449e-05
45.90767587633148,22.3260974806971,19.19638070035912,12.569737893880156,0.00010804873213246494
54.37662829371317,22.49738710824016,14.222242009086445,8.90363388379023,0.00010870516999548725
58.61058943829398,16.633422381583458,15.077232933356925,9.67868264526042,7.260150523607962e-05
48.57819904917442,27.833464364852418,13.266264488881749,10.321976724052117,9.537303929757525e-05
56.14487056105203,20.20093187153368,13.726345848725868,9.927752409340323,9.930934809224988e-05
49.88128446985337,30.1658749632841,11.151807739241615,8.800946513084144,8.631453676852263e-05
53.17809176800979,22.19099039743309,14.345344900764145,10.2854833700837,8.95637092599967e-05
49.8409767267685,22.085381335941285,17.64415514484679,10.429391264257806,9.552818563715163e-05
49.76591232332051,22.732003776252522,15.39425805265869,12.107722865557406,0.00010298221086169877
49.31983521300735,27.658539452382445,11.303626427518209,11.717911243322696,8.766376927908473e-05
51.21489079161358,25.979255525111444,12.24521099549156,10.560545417354843,9.727042858722121e-05
54.49105746819129,24.01464306958254,11.967646812473275,9.526581778045681,7.087170721519025e-05
45.52095476221241,27.190836203717268,15.936591095847469,11.351506681224736,0.00011125699809689874
55.03239571350909,22.704559534034146,13.43991982886472,8.82305360250878,7.132108325262209e-05
42.21471371171292,30.35802463919189,17.559699532977273,9.867467630014026,9.448610390485628e-05
54.86891701551724,22.35433602818506,13.88315427734718,8.8935144866055,7.819234502231313e-05
58.47277326804047,20.60643489538987,11.606358612943662,9.314366367355527,6.68562704514505e-05
50.36137065543096,23.663121598408935,14.193171834394205,11.78224877346895,8.713829693362796e-05
50.56057673071225,24.843221923011527,12.714616450023764,11.881489613777926,9.528247453704094e-05
54.222274972820664,24.98053202491911,10.084048428462692,10.71306411976069,8.045403685742962e-05
60.26264240978283,19.478386941911392,10.441934370653096,9.816938689605932,9.75880467579274e-05
47.80621936011338,27.300861315726365,13.483070376363523,11.409747539521483,0.00010140827523008272
54.03582735822942,24.135913269081627,12.10700860132285,9.721159825358425,9.094600770134285e-05
50.94801276752432,22.40276925524814,14.974617183560317,11.674505918303186,9.487536402428575e-05
56.962018463184236,21.404393451149545,12.457062683233236,9.176454821725518,7.058070745982929e-05
58.648059896691926,20.793361042909403,11.38582652924206,9.172671101794466,8.142936214296272e-05
52.999813141659814,23.58579340061343,13.007679083761388,10.406585650362931,0.00012872360243706786
49.13616704513255,25.295391588739708,14.856077713784128,10.71227587414327,8.77782003278916e-05
38.85820355561325,32.655744463292294,15.229557342932454,13.256404523963075,9.011419892139942e-05
54.06315765512192,20.87934377766987,14.606495180520254,10.450912453200388,9.093348756851394e-05
54.345939415275424,24.85186590557929,10.315275015123502,10.486843186749653,7.64772721173835e-05
60.15980126366701,18.004949994522747,10.534484999256168,11.300687204982582,7.653757149047876e-05
56.52118848707918,23.113535274727624,11.261165375062276,9.104027715351316,8.314777961030854e-05
59.46782007156375,22.117826535980974,11.138329237607998,7.275916569751549,0.00010758509573744692
50.56466053866491,25.630038410420802,14.234412399614287,9.570788815331499,9.98359685074028e-05
52.95358711904483,23.18111479160169,13.34668404442898,10.518514797708734,9.924721574062405e-05
53.180302781427834,19.376780612606137,15.269311382551795,12.17351106058418,9.416283003861736e-05
49.78073417173698,24.43859021368241,14.462599517353178,11.317994221094745,8.187613269025691e-05
49.271242171911794,25.700165767453715,13.811600338505613,11.21688737877824,0.00010434335061974851
49.540279660433725,26.308878754678755,13.330536618895305,10.820214498771193,9.046722102102856e-05
51.28812919696383,25.264631993449903,13.900404019877024,9.546749767152363,8.502255686361573e-05
52.30248395591216,24.342613147868214,13.917366761314948,9.437450618648809,8.551625586816178e-05
39.756541989256924,31.91055848027095,15.383954313497766,12.948842032070102,0.00010318490425370315
47.17030742829213,25.995251558495358,16.291816540384495,10.542509755738699,0.0001147170893054435
59.42906215124656,18.378229279986886,11.628758787580326,10.5638511969928,9.858419342861823e-05
50.65983061083248,24.463068563390745,11.799358820733099,13.077656123646255,8.588139740868369e-05
54.498273096412966,22.754708038667705,14.443186071516717,8.303737541216751,9.52521858618131e-05
55.31227783387893,20.783696969619164,13.917626764528984,9.98631818924795,8.024272497020913e-05
54.5339292969541,24.19290567704879,10.984190734499059,10.288882836281708,9.145521634597038e-05
57.174881303221916,22.25093562360692,11.09991998436174,9.47418579259846,7.72962109530712e-05
52.51329416210881,23.744756968060674,12.768202346796489,10.97367023852213,7.628451189541212e-05
53.34644471921109,19.467458323472805,14.812473753591263,12.373523284243985,9.991948084580895e-05
55.22381126176177,22.53448201943772,10.913906861756919,11.327726055474855,7.380156874005937e-05
48.14866905353297,27.079616742615364,13.137128229423062,11.634515635390638,7.033903795230909e-05
51.172148702252485,26.522695558270428,14.21576201125085,8.089327541832091,6.618639413305254e-05
46.50210507476934,26.687173094002176,15.381252535743311,11.42938130902575,8.79864594161809e-05
58.44315330022762,17.666051607062634,13.142749558080888,10.74794662043536,9.89141934874263e-05
48.69841410624509,28.175982070571003,12.99178785801734,10.133717284401826,9.868076474278411e-05
55.8917876377756,20.99415631382713,12.415406089234663,10.69856231177431,8.764738829440148e-05
54.52078953266746,23.806279511093507,11.670632786509758,10.002220672163103,7.749756616699175e-05
51.624797076445994,25.21961821909261,11.71074564947806,11.444750206016455,8.884896687320104e-05
47.46909782601051,26.17985656413353,14.188202142254058,12.16274525025127,9.821735063184127e-05
54.386231248085416,23.324530922402015,11.58636862904397,10.702765907908834,0.00010329255976514923
53.56619779534103,21.824520857768327,14.243061763818659,10.366147343962359,7.223910960120384e-05
51.04160234373211,20.3051456656048,15.977898276317331,12.67524980355062,0.00010391079514864193
48.71159275159058,27.359024406014793,13.977076093503532,9.952213158039047,9.359085204891287e-05
60.337262196999156,20.990602256512556,10.308159432410234,8.363904452981174,7.166109688224974e-05
57.626829709588364,19.954385932956537,12.51919760529451,9.899508081394824,7.867076577425792e-05
54.17043069112793,21.92301438247392,13.085722679101854,10.820739394127887,9.285316841147793e-05
50.190397569878606,23.12497799792993,17.252274744016287,9.432263177524286,8.651065089405228e-05
51.97900369889763,22.353211410836888,14.099073480921339,11.568618441595556,9.29677485854088e-05
52.758914288640014,23.24169954397831,13.118103087835188,10.881198305689761,8.477385672225661e-05
55.918726496108015,21.820246173092936,13.387369851620559,8.873570972357205,8.650682128213406e-05
48.81878831870227,26.68565019060674,13.603025823802383,10.892458199250907,7.746763770556499e-05
49.157812429092864,28.286572888836254,13.527426260797956,9.028089859406458,9.856186646403974e-05
49.94424354676501,21.667978378838733,16.382107723322633,12.00553849775855,0.00013185331506288604
55.54002712724942,21.4525222969102,13.03584411229922,9.971528420436538,7.804310465229184e-05
51.447539420704835,25.32803248994484,12.395710821044759,10.828638744153354,7.852415221311331e-05
48.18590441944822,26.309112796936834,14.75654632917363,10.74836397084015,7.248360115470447e-05
59.09384070089726,18.90589779872907,12.658404163437925,9.341769900086389,8.743684934952887e-05
37.405024937986944,29.496018198052447,21.43536197440076,11.663496964126532,9.792543330510398e-05
48.06043395530368,28.03333260910778,12.84393825186442,11.062203334493036,9.184923108763001e-05
50.9922445301525,26.100178481583015,12.961303546060737,9.94614655910795,0.0001268830958104387
42.604100422273326,30.91324152101793,15.513878298450187,10.968684473462448,9.528479611119864e-05
51.044966215735656,26.368464424856107,11.749562881337175,10.83690145333661,0.00010502473443940844
51.9725805859372,27.350043238576237,10.410760880993383,10.266528691557482,8.660293569859044e-05
55.004350450198494,23.671277859839137,11.650240734218762,9.674045357286126,8.559845748750056e-05
49.62499345457266,26.132786184524342,15.48192355373825,8.760208819060512,8.798810422676754e-05
45.61257239749826,25.596791667687462,17.289051220843103,11.501469257426466,0.00011545654468912674
52.29795941964179,23.034432656274337,15.71536120018063,8.952178572313782,6.815158945888506e-05
53.97193997170727,23.087050295222987,13.256614736812988,9.68428833590422,0.00010666035251728462
41.666928590934134,29.302960115485828,15.594708273859956,13.435305944569507,9.70751506008645e-05
50.75257742182109,24.634436701521835,12.701163724528511,11.911731445336072,9.07067924844038e-05
50.71322653472335,22.586733477945987,13.475895870307916,13.224065959591998,7.815743075116784e-05
46.02204657482778,31.612068696586416,12.394110824114627,9.971676776336539,9.712813464637084e-05
51.37480621945453,26.86931360594686,12.418567432494418,9.337217675949857,9.50661543396574e-05
48.38602924005528,28.836178395696905,11.55240566803465,11.22527870703065,0.00010798918252475899
53.47139261096373,22.09791343737474,14.566771078552366,9.8638390735532,8.379955597112805e-05
44.50036103333957,27.821033200148214,14.132847650780153,13.545652614983675,0.0001055007483806189
53.141200750403364,21.958501413942848,13.916326711098826,10.983864962673414,0.00010616188155609309
50.80280591099877,23.843678181530407,13.496652377456625,11.856775421458089,8.810855609952396e-05
57.21664202454234,18.96476093295276,13.472790199101551,10.345735160086193,7.168331716201541e-05
55.366390023720555,20.3865313559848,13.586165175119211,10.660834647429802,7.879774564120977e-05
52.259646360056166,26.273366158203164,11.771053331191062,9.695848196470608,8.595407898967866e-05
57.64263692598903,18.90050252809819,13.037674509120246,10.41909545701206,9.057978047692818e-05
42.08207360954771,32.59327744909042,14.169100019946136,11.155437675702036,0.00011124571368734018
53.754195599127385,21.69331558001577,10.662727588678854,13.889682075203769,7.915697422561828e-05
54.203364368895244,24.4896379444267,11.39739352855383,9.909520605791265,8.355233296319246e-05
49.74135094290153,27.654493828340616,12.974372851358307,9.62969706808062,8.530931892049676e-05
49.07982399592562,26.659249407652407,11.177715358199531,13.08314390727795,6.733094449159665e-05
56.536459643045276,21.996291210348073,12.508218469220234,8.958950137808742,8.053957766878489e-05
53.71666287142196,22.04917053308901,13.847722474335256,10.386345282859233,9.88382945408795e-05
49.0398265550733,23.364370133187805,16.50680374913725,11.088897301123593,0.00010226147806204529
45.085202848635966,29.276613213067936,16.145254112576247,9.492843766308527,8.605941132490672e-05
54.58273441132897,22.082734671136294,13.685619373982183,9.648812883454108,9.866009843524313e-05
52.37523331256503,26.0980503432455,13.409748867471356,8.116875681696165,9.179502195435574e-05
40.23641214763786,31.20477937623053,15.869055809025244,12.68963632024612,0.00011634686025045796
54.71432791993617,22.041634164612507,12.23265650581739,11.011294672605082,8.673702886393581e-05
49.75784291867836,25.634059369006597,12.660042434941113,11.94797223957767,8.303779625771143e-05
49.47670145839162,24.281299195395757,13.409624011066043,12.83228277196537,9.256318121709907e-05
48.57114217408314,25.059500750354623,15.502647403657354,10.866621942170354,8.772973453452003e-05
52.522288494052084,27.360321055474923,10.5191386354845,9.59817410305866,7.771192982675888e-05
46.53668965524337,24.94459545621959,16.929863503164018,11.588749016944496,0.00010236842851449366
50.082649288072524,24.679937603893208,13.185839068850076,12.051487596617749,8.644256647086803e-05
51.90537469358303,23.09274578972651,13.572131490623823,11.42963402588595,0.00011400018068252918
51.32239820917937,22.897461524322253,13.706345981691415,12.073703442817987,9.084198899861978e-05
47.109749722113676,24.29818168968448,16.72511579429725,11.866859621832075,9.317207252711544e-05
51.707590006433634,25.984360524252264,11.435037521084984,10.87292086294338,9.108528574087772e-05
54.084521718309674,23.427979914894294,14.511323354366015,7.976080934085343,9.407834466582397e-05
52.88709112234602,22.24033732466475,15.396853714121638,9.475616311653669,0.00010152721391799575
55.39574892286482,21.278689592053933,12.58757379805386,10.737910974637103,7.67123902883162e-05
52.46136680833138,25.184289337351323,13.11619099618359,9.2380670935652,8.57645685311329e-05
53.53196159532976,21.32645207554993,12.921024795759765,12.220487729037643,7.380432291087795e-05
52.00607449186968,25.11400272282437,14.083394530902279,8.796455049102965,7.320530070538983e-05
53.35986469192747,22.99708364996482,13.594434191505137,10.048530100655565,8.73659470083151e-05
55.65679299756627,18.72365367283438,13.134116694749778,12.485347272505946,8.93623436362133e-05
49.62797059133143,27.564977946889123,11.512554386532772,11.294380942146697,0.00011613309997278954
53.62746612841839,22.58379064160205,13.36309805977812,10.425567394105848,7.777609559856175e-05
50.57711440805465,25.748601401069138,12.369174075981643,11.305016388884516,9.372601005515203e-05
50.04911311644771,24.37800759603634,15.131025905891923,10.441741713425888,0.00011166819813232773
53.25285413643627,24.583811999539584,12.61801302192461,9.545228935576096,9.190652343600835e-05
53.74446443443874,26.167055357127143,10.487306130624663,9.601091063981773,8.301382767745203e-05
49.1289731860816,23.724729210796323,13.962066520048936,13.184143743197424,8.733987572133505e-05
49.85880541425558,20.768803577979693,16.16125035037425,13.211035837853977,0.00010481953650599378
50.958787054368315,29.082485416252464,10.951710630502832,9.006942865693492,7.403318290034045e-05
51.1768466745406,23.67249862505258,13.251882189299877,11.898682774774107,8.973633285538712e-05
53.42200242103221,20.29248103146097,15.27303890206039,11.012392411501734,8.52339446909205e-05
51.5610720135624,24.195801006768562,14.318540674306071,9.924489377904731,9.692745822188387e-05
53.23240913173004,24.117080048161192,12.324629308625182,10.325796581344141,8.493013944664519e-05
53.4818457639326,25.883890383107712,11.46931605014338,9.164852043799218,9.575901708988291e-05
51.99952019851176,20.53546626357423,15.469737627764951,11.995187850902726,8.805924634340843e-05
46.26566773873315,22.11453046710373,18.986857931148542,12.632833516010281,0.00011034700430104888
56.77100169107865,19.483369037654427,13.766657695400111,9.978856011600506,0.000115564266297825
54.41904782426409,21.53763126245049,12.598367875110913,11.444853666344128,9.937183038973998e-05
51.8380297229262,24.172762460578202,12.840513271320205,11.148592439968995,0.00010210520640910751
52.01265141262388,22.21894677923539,16.007856818415682,9.760449766477267,9.522324779352484e-05
48.976563730096856,24.18647443520821,15.020123501740795,11.816740845157444,9.748779669630987e-05
48.9389846044852,21.251251329601512,16.254476131367934,13.555173187219221,0.00011474732612176931
50.80314503537491,25.68761939069677,13.116486164539918,10.392654874384139,9.453500425901274e-05
56.75603583950702,22.53884813531169,11.650751997037291,9.05428108198947,8.294615452160084e-05
53.514503056918315,23.617433571035875,11.903208635853892,10.964768450884035,8.628530787643213e-05
52.53363499344591,24.506481338004622,13.881031949884907,9.078768341804357,8.337686019712666e-05
51.287424618012636,25.351052213819752,12.690185153047956,10.671245906076738,9.210904290476383e-05
52.06873193498838,25.61151805805551,12.213355003213852,10.106285283823297,0.00010971991897106515
54.634663705353994,22.489482572901,11.891832335524576,10.983944640321921,7.674589850456112e-05
48.24342225603056,29.917932422340115,10.98926999654898,10.849264429687034,0.00011089539329426508
55.30399955358332,23.24906730204785,11.111039266125696,10.335815350984088,7.852725904334925e-05
56.070160807399105,19.463311047239262,14.671854441786389,9.794577406133914,9.629744133103737e-05
48.556165747742455,25.33944739693121,14.508604325472232,11.595676852787722,0.00010567706638273386
49.89658888289025,23.090505971454885,16.53902228211695,10.473799557921918,8.330561598520859e-05
44.217775683663746,27.48721349801319,15.8624355345207,12.432466772536834,0.00010851126552225368
55.529439172936534,23.366591240471532,10.630838000459285,10.473043205033402,8.838109924228044e-05
50.59951232683512,24.660501173832987,14.234926186075816,10.504975659481119,8.46537749664738e-05
54.40309850107868,21.02410127197843,13.924635182985226,10.64808685321233,7.819074532833763e-05
53.93746786500694,21.104685373311614,13.099896096624747,11.857854851432274,9.581362441651776e-05
52.954641623166495,22.124375844887187,13.638403641459302,11.282489812926867,8.907756013552734e-05
49.23770830755911,24.60753868206486,15.578883087745904,10.575782329219315,8.759341080570053e-05
53.82992307720431,22.73087610610978,11.2143393765336,12.224788386703061,7.305344924642663e-05
52.99764594132606,24.430962232735318,13.160805678480298,9.410495722900215,9.042455808841718e-05
51.861153835810434,24.245689000653496,12.730735335911062,11.162349879827763,7.194779724759938e-05
54.80937988276513,22.878680611034234,12.686846221054612,9.625018425775547,7.485937047635284e-05
55.13965188709085,24.418746852921924,11.216833497723796,9.224670341975829,9.742028761111316e-05
50.16105160188295,25.278348363105863,15.099499265744099,9.461006594044079,9.417522300360388e-05
53.03580432220699,21.90461961153967,13.126971828811392,11.932507718150744,9.651929121760196e-05
46.63241904908609,29.312176665733553,13.650098539050258,10.405217472251035,8.827387906562124e-05
53.571541451941876,22.779587080302196,12.685710536781647,10.963062095704217,9.883527006435122e-05
50.234209642185256,26.637587869801365,13.461596556515365,9.666525514179128,8.041731888424823e-05
46.52164687690373,27.877914151445232,13.386015498696704,12.214315323491318,0.00010814946301304953
44.96978071582982,26.033651928980305,16.708928780771256,12.28751360286496,0.0001249715536568114
57.07899480867597,20.581278146020882,12.89159657671686,9.448049284533493,8.118405278653002e-05
55.19950897445558,21.046093989713434,13.819571092616828,9.934741282137095,8.466107705333212e-05
51.33514505542765,24.538361856371555,12.724416796840766,11.401989450062771,8.684129724193518e-05
48.69002080927361,23.806259318721143,15.696748759186258,11.806893536574393,7.757624459976312e-05
46.54484082678408,26.456736333997366,14.373364971990283,12.62496647468401,9.139254427295027e-05
45.1903364919259,25.848686282710187,14.869384222631442,14.091496432985052,9.656974742457119e-05
50.019332492455824,24.60857620477456,16.88111634308146,8.49088538210792,8.957758022124385e-05
55.445920679011664,22.161256672764335,11.94927438976471,10.443476399838513,7.185862078798465e-05
57.96249167383235,22.434140833456667,10.57579031787202,9.027500843536293,7.63313026811482e-05
50.18847013821789,22.86382449016953,16.085667021412632,10.861955663597065,8.268660287953116e-05
57.33081038361889,18.718165337741077,13.8003053646312,10.150647604745437,7.130926341672083e-05
51.179894831225916,24.057673276800358,13.861034600388358,10.901295265964608,0.00010202562075841375
50.16076702615759,24.00941619294731,15.014941484366776,10.814783666813458,9.162971486402298e-05
45.32975114139083,28.133972898546645,15.086912578509642,11.449268285700095,9.509585279523289e-05
52.941309715473295,24.220802706076412,12.885479880104981,9.952319353473172,8.834487213397376e-05
53.5082586771069,23.024678544883113,11.644962339038646,11.822018364653166,8.207431818233194e-05
50.33449640208951,24.340632816575543,15.755636561869812,9.56915127353956,8.294592557124661e-05
56.388485193648876,21.452609803358936,12.058628581460557,10.10019690095529,7.952057634316929e-05
53.762538321897466,21.3883333589319,13.22113817227724,11.627907222258479,8.292463490957569e-05
59.31502610875567,19.772509460734184,12.619688738148596,8.292693428575866,8.226378568391664e-05
51.23751036796238,20.096103845092138,16.245449700245764,12.420852574452113,8.351224761733456e-05
54.702730976988654,23.35537326431973,11.59678028892907,10.345032016353011,8.345340953389284e-05
50.07038886481905,24.32030850650771,14.478267181496292,11.1309363494351,9.909774184755526e-05
54.56489828200321,22.277803376341108,13.38045090028599,9.776759044045697,8.839732399725138e-05
51.94350480190987,22.134544535329027,14.171210234468342,11.750649497482122,9.093081064593921e-05
47.90964656776038,27.64711196955247,12.889324499135931,11.553833224989674,8.373856152185857e-05
53.051900302415454,18.134992964431937,16.821687897294236,11.991318827376446,0.00010000848192696892
47.69116570356012,27.98123903031123,12.457581799383512,11.869912406611126,0.00010106013400659109
55.090669244338194,24.413389099265316,11.688282732659514,8.807574582581223,8.43411557562014e-05
47.3749621155228,23.84746692876771,16.82888115489814,11.94859532703909,9.447377226164809e-05
50.92312740835339,23.990198335112588,14.202080174158471,10.884524076738975,7.000563658295512e-05
53.069567879239024,20.627949172654453,15.572949702743937,10.729461638207239,7.160715534354951e-05
50.329494744827585,28.13982994717063,11.552795787777178,9.977810742660544,6.877756407413466e-05
50.9375320235028,22.973997421087773,13.742643149803294,12.345726734788483,0.00010067081765757146
47.1942093229607,26.419730207507186,14.369566206008377,12.016393535015135,0.00010072850860614466
57.31553784868948,21.586714300946092,11.392726964335901,9.70493293757466,8.794845387613663e-05
48.30471503201589,27.324728807148276,12.273473670708837,12.096983023420256,9.946670674243007e-05
50.6218363269206,26.121558896631925,13.20620306529654,10.050303680349625,9.803080131970433e-05
53.40755896035259,23.514521405412527,12.352444571349725,10.725380916131048,9.4146754128389e-05
54.23384097298247,23.669899894807603,11.950974928125211,10.145199912679306,8.429140541760697e-05
57.10652432281849,19.60799387997695,12.633416234479428,10.651988682010582,7.68807145407378e-05
56.195772000512676,22.96177932612272,10.536332888248577,10.306041477578965,7.430753706277426e-05
44.56785562277576,28.742244062791205,13.399555808484815,13.290251197940242,9.330800797704617e-05
54.45291459371161,20.717475884958574,13.855967513905586,10.973550971604809,9.103581943400752e-05
54.09647350552406,23.823784226039095,12.801755189630045,9.277880924106173,0.00010615470062062696
50.38845724968952,27.04846272706766,12.791138417853794,9.77186028536727,8.132002174623936e-05
60.785024661744394,18.48445940236414,11.299147287042235,9.431286492526594,8.21563226323748e-05
56.46485640625334,21.363162506495925,12.069786051685892,10.10211757942599,7.745613884730316e-05
50.56802655239389,25.705278164735045,13.33439544010101,10.392228449681424,7.139308865084835e-05
46.81176109578832,28.379585388569883,12.858828902909252,11.949735721535195,8.889119733750174e-05
53.51642082285702,22.372461404057674,14.545722895707494,9.565298667384763,9.620999304721866e-05
50.98989164808304,24.526946445557428,14.721983180722548,9.76108341434788,9.531128910194778e-05
52.33013156914539,22.541683316372072,15.977799373361767,9.150301422833506,8.431828726356468e-05
47.24964079752361,27.887771348536784,14.54270989491986,10.319789607585507,8.835143423383415e-05
62.37122823790371,16.184125557780042,11.109108973145867,10.335460929648702,7.630152167264581e-05
48.81186016494497,27.22250814670783,13.536824924610263,10.42869443778248,0.00011232595445853341
49.20227853875693,26.942349171556433,12.359303817615666,11.49595833722699,0.00011013484399381167
51.735283138247404,28.047378529194805,12.346876897696657,7.870379771280427,8.166358069485125e-05
51.118259102970654,26.4330031239624,11.860764483729607,10.587882939866676,9.034947068304824e-05
52.18318075247781,21.198450382856038,14.408365404873974,12.209912205076966,9.125471520956054e-05
50.4467759778054,24.607900153619227,15.579906071844002,9.365343724654258,7.407207710874989e-05
50.190000946940025,26.24557842349475,12.304793902466601,11.259545422403255,8.130469535681676e-05
51.70104260561721,24.54136860597515,12.73169229565314,11.025827213248636,6.927950585728312e-05
50.59635487149365,24.301201808230896,14.327565835371892,10.774777190090738,0.000100294812808648
53.747439535606176,24.574237593673402,11.356263204546106,10.321959756813433,9.990936086595079e-05
53.16594895593487,25.89232087861254,10.468537005310392,10.473092726458114,0.00010043368408626648
50.88209345127734,24.999429323428128,13.66372126188493,10.45467061238347,8.535102612490555e-05
50.34074677276335,24.164073091059205,14.232609607120885,11.262480280954014,9.024810255603302e-05
54.564305756859056,24.07107362234767,10.843814443673839,10.520710329247676,9.584787176602062e-05
53.75363733793721,21.959787442569194,12.799781263253188,11.48672585286208,6.810337832196987e-05
52.82936288735538,23.849896696483036,13.848218596550845,9.472426700114763,9.511949597254958e-05
57.33293471151999,21.82180695574277,11.486703458333862,9.358478045041615,7.682936175233797e-05
50.24136345649895,25.721887226567326,12.591743248961887,11.444921801084472,8.426688737772737e-05
51.790013933876125,22.691161294733128,15.838411869561256,9.680347887394333,6.5014435159194e-05
56.83922160690279,22.768281260082617,11.805263900337197,8.587149877468796,8.33552086003792e-05
51.434551364841916,24.275271219983775,13.111965479440771,11.178127930488358,8.400524516178883e-05
48.71790824966652,25.333458280882542,14.368827949008518,11.579720033015812,8.548742662693795e-05
57.90444212533821,21.33101973200779,11.42780869170094,9.336665013465296,6.44374877766038e-05
59.29403972540017,19.198567498658832,11.86082496383623,9.646485933850098,8.187825468861353e-05
55.25136688565788,23.369540549368942,11.514727457802321,9.86428447172559,8.063544527774511e-05
51.85777993212067,22.93148535014698,13.540260141223683,11.67038891561225,8.566089639990822e-05
52.56035305230723,26.554984415622325,11.425235754657411,9.459336601926715,9.017548634372283e-05
55.610847604923364,24.73047520704801,11.539766388534176,8.118845819127145,6.49803673026442e-05
56.51742973734654,18.750390127916024,13.374582636026023,11.357513903988488,8.359472293562383e-05
58.28883218863526,17.62134469335371,12.949980444172562,11.13974681669446,9.585714399737015e-05
54.307089989350054,20.612078866060195,14.528807014581178,10.551943626526935,8.050348164522976e-05
49.28390849517746,25.756533162790753,13.896448900320374,11.06301381896982,9.562274159680031e-05
51.80350880967964,23.07548936811736,14.025992408522955,11.094916385965352,9.302771467606663e-05
52.60058661025444,26.113440312513685,10.94555817068042,10.340328212890192,8.669366125336708e-05
51.91997161599588,25.4688407966495,12.921089009148384,9.690024187414432,7.439079181887555e-05
55.17663765037169,20.147496304271257,14.131480700607145,10.544298557394502,8.67873554148074e-05
48.5565308135971,26.42180083765102,14.48758131502021,10.533991593535918,9.544019576954991e-05
52.45504936348341,27.113827565473397,11.335977246460603,9.095057993641744,8.783094085712206e-05
50.852225028141504,25.115403577046756,13.102487108983551,10.9297969659926,8.731983557077178e-05
49.65810760284132,24.55629776103342,14.052321518929809,11.733181677167682,9.144002776965952e-05
48.22396147344778,23.78881940652933,13.958859407353641,14.028264004521132,9.570814811343876e-05
50.46569157259702,24.445103832676086,12.999094738786104,12.090000522923646,0.00010933301715354985
49.53557289351262,24.9565180419662,14.399603142010434,11.108201181554513,0.00010474095622298643
55.26735793005931,21.91654440576445,12.856479161481694,9.959540916051852,7.758664269229255e-05
54.5329018401892,22.94713860833389,13.645560226292597,8.874312459314588,8.686586971464715e-05
53.59394403525083,21.999223486760062,13.825291058843748,10.58145018839591,9.12307494449775e-05
49.23967405556572,26.103112043754678,14.179944719689017,10.477186193786489,8.298720410139202e-05
52.48803633983216,24.224620672914483,12.327049346902415,10.960192671429162,0.00010096892178809208
50.291424011748845,25.058444471842833,13.893459976100914,10.756587813302716,8.372700469879865e-05
54.79647943410457,24.28445643312682,11.450548439738622,9.468445716304895,6.997672508992905e-05
53.7963865776196,21.102024540246966,14.412708765863247,10.688795779108604,8.433716157925425e-05
51.614449946141065,22.907524392045495,15.031372836995432,10.446543799141354,0.0001090256766522849
48.017290086307035,24.73957015238267,15.957526276849505,11.285513505477724,9.99789830627671e-05
50.58584671797194,25.471677596986105,13.261493366817684,10.680881834368474,0.00010048385580151052
51.00443284450413,23.395197369154133,14.082693326275535,11.517595739762609,8.072030359633262e-05
54.00214516922575,26.18818104835508,10.873140830950144,8.936444063526858,8.888794217847092e-05
48.609580571160926,30.415928729272068,11.2896565055919,9.684749133053739,8.506092137408845e-05
53.91109417484545,23.679707741400293,10.4746055960572,11.934513167916018,7.931978105711874e-05
53.71768299059708,19.715726490809576,14.299307434126948,12.267190754831372,9.232963501590271e-05
47.273585877793124,25.63505325347255,15.991647101133005,11.099604604560334,0.00010916304097472253
55.61024133919668,23.337342899983167,12.009919713214945,9.042424947589382,7.110001580763972e-05
54.610803405935215,22.840749385456373,11.911318467894949,10.637040600602282,8.814011117135133e-05
52.18155886954765,25.064079739856226,12.066914424693262,10.687360503626344,8.646227650149387e-05
54.57448269715026,24.910941166072373,10.81476116159941,9.699733527640307,8.14475376585481e-05
49.61614871037966,22.374025371294838,17.044219445051905,10.965506750109048,9.9723164563488e-05
45.35698347038954,28.244255225777344,15.339204681878089,11.059449398763483,0.00010722319155249876
49.74409573790338,24.455377182488423,15.674146149494742,10.12629029459224,9.06355212144973e-05
57.363928198108546,20.418305619868644,11.997239790827495,10.220436001533614,9.038966171084702e-05
55.29732204581265,22.62267345223966,12.412007296245427,9.667900103488972,9.710221330249225e-05
55.61457931637575,18.765193148559412,15.023455604671904,10.596690109775968,8.182061694447633e-05
50.09922312255068,25.345634475748724,14.467655159686116,10.087382933076555,0.00010430893790357953
51.004895576470865,24.790911510540244,13.918478463564501,10.285612136339592,0.00010231308480683921
50.346997223679445,22.502928445441697,15.890700626749126,11.259271500926825,0.00010220320289530517
53.712525811771336,22.495678448088594,13.20992958346037,10.58179298256284,7.31741168610874e-05
51.623933442464434,23.80883181286161,13.048831245091336,11.518317613990597,8.588559203972041e-05
53.28290511549662,22.22959155951286,15.033124497249032,9.454304212369225,7.461537229648176e-05
52.15304235787228,24.83748419779614,13.047252074461008,9.96212624294949,9.512692108076558e-05
55.89440343086209,25.80596947121713,11.210757527300427,7.088779476886302,9.009373406407224e-05
50.63718889977851,23.425284156591353,14.996571397148587,10.940860439765236,9.510671633334032e-05
57.60544074990466,19.87501065020747,11.563758407913575,10.955715453831186,7.473814313189177e-05
49.03961658965359,24.08130872426078,15.749997470555138,11.128962849874606,0.00011436565587327214
51.338549511551626,27.165150770950174,12.024129749226558,9.472082638529562,8.732974209335941e-05
56.10723161813846,19.297672054083986,13.128210966141276,11.466792733366942,9.262826935018848e-05
44.518711707478154,29.334827240027177,14.220180601829165,11.926165320827689,0.0001151298378124915
50.12555658455998,21.979295333792752,16.198587310166047,11.696460919688462,9.985179275880179e-05
50.82830376467222,24.643248223427584,12.889214394412477,11.639130128223202,0.00010348926452060651
48.09793419398126,28.89646570839587,12.729400118673862,10.27609303267946,0.00010694626955402624
51.65509269809587,23.020672950875785,13.483076237745347,11.841043017309518,0.0001150959734793372
53.893568708362835,22.197088678887436,12.013007845778903,11.896255625612847,7.914135796903402e-05
55.68467850425638,22.52107599509736,10.589254443566176,11.204898871059358,9.21860207258669e-05
48.345877203365326,28.621961604493933,12.894981195574381,10.137101151929699,7.884463665051499e-05
55.37360795814883,22.190088512163317,12.0642227215387,10.371986914907898,9.389324124973231e-05
48.12702915824574,23.98981879705632,13.148803900308522,14.734260082024855,8.806236457600186e-05
51.28633068792446,25.090898961647497,11.59987773173585,12.02281486774484,7.775094734313474e-05
59.962703441508005,16.723027439872816,12.172252366088061,11.141939322661141,7.742986998004775e-05
53.73112001552657,20.682863726872604,14.127803492425286,11.458108074847308,0.00010469032824319969
54.31534690774696,19.99316910015268,13.55721788878994,12.134188102641248,7.800066919165178e-05
56.45991435256279,23.336286660401537,10.803050642911527,9.400669960638487,7.838348565439016e-05
50.10583475608597,24.964192004411412,12.983093633271437,11.946771391390874,0.00010821484032340944
46.785173139008045,28.16294550004938,14.307082256106307,10.744707349961983,9.17548742773797e-05
51.2029548645757,30.536173999234332,11.062390980563142,7.198384673897447,9.548172938711974e-05
53.274301004046606,21.62344608284411,14.440875332180791,10.661283813592362,9.376733613435615e-05
43.56379977508858,25.78494365135258,16.86209381681004,13.789035310441689,0.0001274463071147608
56.31968282598889,23.138173422199262,11.772872915111915,8.769202135468529,6.870123140335948e-05
43.93789933452384,22.032027055029452,18.51909496786182,15.510875353004158,0.00010328958072987236
50.15255652020443,25.253499505586625,14.359588890336363,10.234256996734326,9.808713825238004e-05
52.5181570193196,25.63783454574753,13.174793987601428,8.669135946360562,7.850097090932193e-05
57.62156027394256,20.403746596123682,12.396962609267307,9.577631367339349,9.915332709134871e-05
58.1300136647502,21.4993706945335,10.381413223125689,9.989127115826085,7.530176451381978e-05
50.33232762637546,22.8511123603386,15.192093318631592,11.624369473883842,9.722077050026077e-05
50.46660809404987,25.564095400167368,12.918722235847612,11.050486920535704,8.734939946506309e-05
50.013347856323996,22.69082091330126,16.529026745220598,10.766718885137484,8.560001665892204e-05
55.129181793093565,24.150049546088688,11.135525015987731,9.585179497057727,6.414777228596952e-05
50.93558019233143,24.422689495780777,15.12105742985293,9.520568767373156,0.0001041146617013751
55.69490439091946,22.43463897866595,13.7522293282456,8.118138676666364,8.8625502619206e-05
48.09323842862837,24.579559095035552,15.133425803354273,12.193701066239543,7.560674225246859e-05
51.317160824871564,28.663567341607305,9.602616345352201,10.416562937354334,9.25508146084244e-05
51.66369918850031,24.811230749010743,12.002202633686238,11.522754088524765,0.00011334027793680903
48.195808399849405,24.603786969071546,15.664406352260038,11.535907290280951,9.098853804765778e-05
52.4498906742647,23.409097692467263,12.456098037420166,11.68483871295141,7.48828964690252e-05
51.69938258018772,25.668609548230386,13.103129041106634,9.528784363843108,9.446663215384613e-05
56.79948877323792,19.115467204731047,13.451126042069584,10.633852268930141,6.571103131257404e-05
51.26486544571489,25.2827487618926,12.588781435128144,10.863495456020148,0.00010890124422429772
51.96964728976406,19.79310960672531,16.56702742808383,11.670129493327822,8.618209897810445e-05
50.80971580291851,23.86459349412117,15.70117481081906,9.624443754072017,7.213806923656881e-05
50.320321095415444,26.357843095943235,13.678008467516383,9.643739095636533,8.824548841121881e-05
52.83560940704031,20.166455685669387,14.606950039676061,12.390890434197537,9.443341670352703e-05
52.65309646350491,24.873011519341727,11.557842510225617,10.915940996048109,0.00010851087963974329
53.02902950265761,23.375949473172728,12.220682125352583,11.374240620736716,9.827808037865077e-05
50.140429023393516,26.271478245622504,14.453788227343034,9.13422559471118,7.890892977077595e-05
55.95793091210473,18.923195759327182,14.448354032087762,10.67043853473159,8.076174873419027e-05
48.68986613279226,27.631487058852382,13.167186580877255,10.51136089400402,9.933347409057937e-05
48.52943659982509,26.52708208852176,12.276004077413443,12.667379615884098,9.761835559636792e-05
46.401631952037796,29.69335286437883,12.007573507435934,11.897353692521257,8.798362618038324e-05
45.235042271316814,28.78784983776112,16.3535600589171,9.623437799041746,0.00011003296323152124
50.73576172133749,26.639209458174744,12.93083173924305,9.694114592758938,8.248848578264686e-05
46.99993950139885,26.989674481967445,13.240494626919535,12.769805306611993,8.608310219348631e-05
57.77803460024845,20.309689996614686,11.233446727601311,10.678741734187037,8.694134850426011e-05
55.202747446770125,22.079963907935525,12.248471697555242,10.46873528245422,8.166528489616564e-05
52.44001083663091,19.983081312048647,15.435903330489792,12.140902504250622,0.00010201658002682951
49.66704563435856,28.447350101896003,11.044905308787758,10.840621829885619,7.712507206021467e-05
55.561701799429194,22.306791879694803,11.537742356007815,10.593681431769495,8.253309867672749e-05
50.0192215762745,26.52900689341656,12.37904380303291,11.072634541937774,9.318533826016395e-05
52.2320806623245,23.433917589268695,11.818943151222,12.514958029583816,0.00010056760099382352
54.5298822229549,21.35386937676539,15.00060265615624,9.115555727291111,9.001683234473151e-05
50.25576552360912,24.546004445537456,13.698527980938188,11.499609558695326,9.249121991269936e-05
55.26558261162812,24.766980810931923,10.485679269358535,9.481668320305607,8.89877758214762e-05
48.610905163536245,27.48758758519079,14.297888008752563,9.603534455136032,8.47873843781396e-05
47.87181681249753,27.23785815838723,15.020539068031042,9.869698665539959,8.729554424091264e-05
49.591066321073384,23.379943259372627,13.219372902381272,13.809517179481917,0.00010033769080564981
57.062412521812654,21.59245024521098,12.552002581816987,8.793054619775976,8.003138339395873e-05
57.75996860775127,17.59571949082067,12.986038747714176,11.658183577797764,8.9575916143876e-05
49.48333682663079,23.42260895299964,16.293555191948112,10.80040730624002,9.172218144145213e-05
51.77756277772898,25.625437170980153,12.775758342650084,9.8211627215823,7.898705846902458e-05
55.23275934138381,21.4487619595506,12.589048086357366,10.729330809696918,9.980301131019911e-05
53.85737015991754,22.948030859058903,12.818489453555394,10.37601013846268,9.938900548700528e-05
50.88089958607143,25.00775279365542,13.079237509210536,11.032003058977265,0.00010705208534865983
56.95803299831053,19.702878339290113,11.734990566827088,11.604016970494275,8.112507798074264e-05
54.0831757673451,19.904652852817403,15.360802856452866,10.651291593935918,7.692944870297015e-05
54.522808129040776,22.029942501919034,12.679752631852672,10.767400892135525,9.584505199560094e-05
52.7658166869904,23.87179813868541,12.401050600319154,10.96126645778816,6.811621686393786e-05
59.955345858199394,18.74286654660139,11.779061294302572,9.522660210816042,6.60900805891041e-05
47.00095722056923,28.6515678804881,11.629183982038056,12.718181927786823,0.00010898911779658489
58.43980694888305,21.306754683725575,11.190773892188416,9.062592697029494,7.177817345732403e-05
52.92952910105857,26.13113539337315,12.170195630272314,8.769045046776073,9.482851989273622e-05
51.12502417938196,23.192098975141846,15.06927416005398,10.613507495932756,9.518948946409164e-05
55.09464585130574,20.609821922994755,14.540243048672947,9.755192430389197,9.674663736768375e-05
50.7541149835112,26.27320251224815,11.52670314289715,11.445895362629932,8.399871357562444e-05
51.65339970374192,23.700269096956596,13.15640099762106,11.489837219420737,9.298225970173147e-05
45.58395951787615,27.498721830048055,15.762470057408551,11.154743755719227,0.00010483894801474246
45.470817154462004,27.847176771385936,14.462575879177022,12.219334336581122,9.585839391659753e-05
51.4018994901361,26.596767283930173,12.096771265820552,9.90446868390737,9.327620579776398e-05
49.44063060467931,22.606741921873475,15.758777926869922,12.19374700182094,0.00010254475633228987
57.761683821594254,19.65537212251834,11.731267166854334,10.851588987278781,8.79017542932402e-05
47.099485091986395,27.450626834050528,13.927362137187375,11.522436297781693,8.963899401781502e-05
49.06276503775378,21.433610809470693,17.62505292991058,11.878485703198402,8.551966653590204e-05
53.9582341392256,22.238358479255865,13.375271471425448,10.42804340476041,9.250533266503608e-05
55.648871896344176,22.525677671457284,10.915320787225552,10.91005950837294,7.013660006291195e-05
52.97885998439803,23.638328361194542,13.447427880744526,9.935293678555263,9.009510763461945e-05
55.85502955720094,20.425859993949516,13.202041753379937,10.516992123545046,7.657192455176839e-05
54.2129382549567,22.928957462419465,11.910101385553308,10.947911773402462,9.112366806545266e-05
49.83228349128173,24.67432980675136,15.21836114725347,10.274943718864536,8.183584890345613e-05
50.12420242020802,26.468281881289986,13.159327664703246,10.248110322503425,7.771129532209232e-05
51.22252087773652,27.873297075590266,11.663264682579054,9.240836904989958,8.045910420531632e-05
54.839352716095334,21.643726714053184,12.069603857257112,11.44721374642555,0.00010296616881376133
48.35893734698431,27.903862296532466,12.516584727182266,11.220531790293677,8.383900726641723e-05
53.59775130480604,21.531826430637935,12.25993976106426,12.610387054334474,9.544915730035911e-05
55.55050034185061,21.6343927130619,11.332002135518598,11.483010283344745,9.452622413797554e-05
53.078300298878666,22.67727873732531,13.015332736480282,11.229008854610587,7.937270514706812e-05
49.738229997495345,26.23563393737208,13.389347521981906,10.636709115434495,7.942771617604582e-05
55.00856855082253,23.51968448358974,11.106806564080571,10.364870269981665,7.013152548536113e-05
46.29845629711169,31.13387233646867,11.730907580857332,10.836666934343521,9.685121879045527e-05
56.90990958726909,21.344426144660115,11.561140028902484,10.18445147653423,7.276263407141737e-05
58.266234656144015,21.997723100835003,10.320492576396598,9.415466897791932,8.276883244376196e-05
52.42989454447804,20.608423104355165,14.995436134826248,11.966167414605184,7.880173536559328e-05
47.4462622419616,25.490528234039793,16.130974101376093,10.932149899811018,8.552281151235764e-05
53.73616074948566,20.540580980809096,13.16585896025328,12.557315645401479,8.36640504766437e-05
59.527110102738746,22.239955699985302,9.926709737221696,8.306123704307801,0.00010075574644351993
48.942095646348236,23.982215773750738,14.01260837704239,13.062992004576307,8.819828232668112e-05
46.39381003031985,28.36665514834526,15.311549983615421,9.927902949699833,8.188801963047094e-05
50.81845289814923,25.788619640134353,12.934788043009279,10.458039406627549,0.00010001207959097699
58.45304076769946,18.499293206564644,12.289339854829686,10.758244678335686,8.149257051454773e-05
55.23428246588834,20.985677132893464,12.316947402283118,11.462996540571734,9.645836334433069e-05
52.73481835159958,23.733694973143123,11.893363571797781,11.638024962863453,9.814059605996924e-05
40.79806064968332,30.31983278907494,18.000841294031726,10.881176179713568,8.908749644235218e-05
54.432403129999265,21.82699511148708,13.726689482595955,10.013835884819958,7.639109774023365e-05
59.58867600117183,20.247459509623773,11.131525069746191,9.03225051562695,8.89038312631188e-05
53.24412004933787,19.025260973724848,15.668821492975859,12.061713418031657,8.406592975280158e-05
49.57892142874328,21.570362889344388,15.65165642290746,13.198958657151556,0.00010060185332264052
54.3042677264448,18.22678664114733,13.966103026830833,13.502762215560685,8.03900163639435e-05
49.919562431509675,25.24503467084469,13.782828989781471,11.05246853888737,0.00010536897679929344
52.07185682834091,25.441702006512084,12.69962578300808,9.786744778352126,7.060378678594443e-05
51.85230543379839,27.946538390298535,10.18728240346699,10.013754579395123,0.00011919304097316885
46.90532362264569,27.343840670032872,13.372395218656614,12.378339151136757,0.00010133752805657164
53.39067348135869,25.033894664949035,12.993480352580471,8.581871501420542,7.99996912532428e-05
56.88478628384777,19.91002482890106,14.267517203092453,8.937600864509132,7.08196495982719e-05
50.65131639317898,28.94864227031309,10.891245008274998,9.508718456471833,7.787176109124856e-05
55.800513174111245,21.530111628609706,12.229499612137266,10.439789596535913,8.59886058467636e-05
48.94018415860149,25.027695675162594,14.948218771759453,11.08381681242134,8.458205512819252e-05
54.28123096115315,23.971653102641152,13.066470395440884,8.680573548110774,7.199265404859194e-05
53.49909926572061,22.270150345276683,11.64313240637794,12.587528222153377,8.976047139390047e-05
56.46075209500516,20.204502180435078,13.314952323105206,10.019709934641668,8.346681288422852e-05
53.926449418144784,22.075988822694274,13.365828368734539,10.631657619323295,7.577110311290735e-05
54.37820773890857,22.59884003578093,13.860112694736667,9.162760742961398,7.878761244376877e-05
53.7535252510076,27.068806564605524,11.447300862104596,7.730268697957787,9.862432447788318e-05
47.65934021117066,26.194278124723912,16.392262726268587,9.75402291203115,9.602580570475854e-05
49.55645273371187,27.502680815837188,10.9690972502032,11.97168077329806,8.842694966099892e-05
57.795960789971225,19.074617748946604,11.75001654379579,11.379326391536884,7.852574950810632e-05
48.594452789544775,24.01145475990109,16.12435691182746,11.269649291411902,8.624731478067973e-05
52.167032235581765,23.937523873276938,14.437416767006633,9.457955192453836,7.193168082890939e-05
49.78720911083121,23.754035008121267,16.008432510542605,10.450236503503984,8.686700092417834e-05
51.432016659658174,23.334903751874066,16.807508040680574,8.425484872213678,8.667557350292094e-05
54.83054262607294,20.43725207763709,14.918547441308249,9.813568572170954,8.928281073900241e-05
53.99041640342641,22.590529961058596,12.617442129070916,10.801514819296404,9.668714767698944e-05
51.8044301112089,21.361490766265455,15.435234440340015,11.398737591869407,0.00010709031624040273
47.64100501022455,26.929670949392996,14.500015871849456,10.92920344569773,0.00010472283525226844
47.37835632618187,24.672899627662535,14.476175964430574,13.472462040749647,0.0001060409753884706
56.096253367543135,20.862244291649397,12.069789096507717,10.971621766992653,9.147730710178276e-05
48.49221005212133,28.866857607476366,12.914604890880735,9.726223657425761,0.00010379209581109246
45.39647310755666,29.259796806176258,13.541715248010643,11.801931038131217,8.380012522069313e-05
52.54669943500636,22.943719530225913,14.466184543773918,10.043312855088626,8.36359051895922e-05
55.45635269030785,21.774036706258432,13.373285418980577,9.396242818011165,8.23664419770648e-05
52.371516355219036,25.45095568161123,12.111136287045408,10.066303785508138,8.78906161806379e-05
47.275846996558656,24.639368604380373,15.461997166314509,12.622699678131323,8.755461514192673e-05
54.24550446125907,20.037915159387758,15.178373283414942,10.538117750704135,8.934523411367569e-05
55.67451693320097,22.005461492363423,11.9776458509972,10.342293820721284,8.190271712598274e-05
48.55819312470729,26.673778495240686,12.830890412777856,11.93704315888802,9.480838614621103e-05
49.5588040960222,23.681483246655173,15.312033626754054,11.447594554569845,8.447599871553094e-05
53.88211574188998,21.809443829560752,14.529353444378007,9.779002465050073,8.451912119634012e-05
53.03630260439491,22.664914110574365,12.752907429229118,11.545779233485632,9.66223159639551e-05
54.10052685544622,21.362043233751685,14.758909248963858,9.778419853072982,0.00010080876525569287
47.28464648455822,24.832884807846902,16.626850749057777,11.255531775163869,8.618337322302034e-05
46.69203439550537,28.421491089152923,13.396323790885646,11.490062229865474,8.849459062031051e-05
53.42742111825357,23.195579621333454,12.62092492912047,10.755983161095301,9.11701972068229e-05
47.872113681290415,24.835589019162477,15.767547982174568,11.52465941829351,8.989907902637037e-05
48.53852448548412,23.779160075377693,14.966670335086985,12.71553123684987,0.00011386720133128705
53.664973673301915,23.056882341663314,14.873959602035109,8.404078483334672,0.00010589966499932536
55.59476496559098,20.96289598324759,11.610147074248696,11.832117452963757,7.452394896971198e-05
52.381334057006555,23.060597139288717,14.943657308028937,9.614311463968017,0.00010003170778648845
48.949458297747256,24.346079451979577,15.260036462638094,11.444350769191914,7.501844316445922e-05
45.50871838247469,25.864505058564674,16.674179990446813,11.952501533984051,9.50345297756167e-05
54.50064827077226,21.248069429479663,13.59478747566264,10.65638621602416,0.00010860806125975342
57.320064810647175,17.36417714262387,14.2564945472479,11.059179992168048,8.350731300061235e-05
55.385895721181356,20.565694046685394,13.867821255098129,10.180506907808741,8.206922637940683e-05
44.510572923053246,25.598854110627258,16.77653781014946,13.1139283419969,0.00010681417313407199
53.809549003264145,23.715190343457483,13.616438208743775,8.858738673821966,8.377071263723201e-05
48.721116121158204,25.93522290985446,14.876675402965587,10.466867436460312,0.00011812956143106819
54.22737476892014,23.890684148562457,10.333665874753613,11.54816473935798,0.00011046840580471367
51.44084771537568,22.967019503552283,13.264428027394839,12.327615051957272,8.970171992073381e-05
56.97615100478768,20.45052884977407,12.794290795699673,9.778938279986303,9.106975227897687e-05
46.280507445984775,26.022694281062275,16.90333757623899,10.793356526801222,0.00010416991274623872
48.39627845019929,26.92913863539323,13.513339441869629,11.16114494444991,9.852808792951671e-05
59.717520897689354,16.544093184829922,13.185251986874416,10.553044550213903,8.938039240978474e-05
48.68849477614792,23.478179703088824,16.54342911993951,11.289781878564527,0.00011452225921846389
54.96685548552554,25.371385456407143,10.572286276605634,9.08938881061668,8.397084498794277e-05
52.95736740077379,21.724543462422034,15.021994173336115,10.296017833768625,7.71296994311103e-05
57.77254969906939,20.930865062048156,12.341393553853672,8.955127521637152,6.416339163622088e-05
52.909423731684136,23.43663063573262,13.420653335770872,10.233198398591743,9.389822063749291e-05
50.017165918638675,27.26987186424467,12.338843480185558,10.374045096621222,7.364030987230637e-05
54.862864089065376,21.538884072201938,13.552576086841043,10.045589246525163,8.650536647916318e-05
51.4480988166491,23.052451341035983,15.735706850353159,9.763650347201647,9.264476012191263e-05
47.704237064428604,24.099326652164656,15.781870936082726,12.414482437972584,8.290935142990605e-05
56.60847905414544,20.967614346720318,12.656643678236964,9.767178453818435,8.446707882694628e-05
55.68075338656093,22.94738397972529,11.397430319769985,9.974355692869958,7.66210738333801e-05
57.699127011842364,20.00594797049681,11.485385039586209,10.809465936438654,7.4041635960696e-05
58.281491609523705,20.522868553140167,12.639902088573713,8.555672378988824,6.536977358911307e-05
47.480282806746494,24.190713940607097,15.061770188139159,13.267127777966328,0.00010528654093725027
57.315122891160044,22.87774355555691,10.70401706465577,9.103044347328137,7.214129912708856e-05
49.34976228347628,24.660326105570597,13.952798220485011,12.03703137671815,8.201374994148145e-05
50.77214375666449,26.499886833139353,12.28612685389909,10.441759159519162,8.339677789731878e-05
51.693238084479134,26.93900618059087,12.047894212522966,9.319773541343505,8.798106352627407e-05
50.90130048427174,22.95100217976481,14.206090503511676,11.941517686403007,8.914604877643643e-05
46.8103495380531,29.746096143637203,11.682910242644263,11.760545602749048,9.847291636612299e-05
52.82292745663213,27.052130485270837,10.851556195735219,9.273298068600935,8.779376089227755e-05
52.88477815007049,25.886655135372944,10.975416719547832,10.253075418500861,7.457650789376205e-05
45.53728531702747,30.604333349207952,13.585895526708946,10.272403432596198,8.237445944856281e-05
48.910108657797025,28.380125181744987,11.423024765706986,11.286647023912732,9.4370838267354e-05
46.80830065874805,30.158533704324064,12.768661835056177,10.264391523326557,0.0001122785451297746
52.85208115754189,21.383811460867218,15.106163133194258,10.657854423301751,8.98250948965906e-05
48.92989227333814,22.790443146043195,17.64141368354963,10.638114932917233,0.00013596415179519832
51.709338851283405,24.952025544840662,13.147799588837245,10.190770777840115,6.523719857090195e-05
54.53773051687739,20.72049941866555,13.618743003509568,11.122938626264038,8.843468347256422e-05
53.69390036134204,23.950275717903384,11.561625564150674,10.794099106612613,9.924999127695135e-05
54.470930228762015,22.076412589975174,13.596613518119455,9.855969526513187,7.413663019016296e-05
50.837887744212864,23.549227452356167,13.83968685439497,11.773122384907882,7.5564128118651e-05
44.55315475545505,26.52266069114453,16.859130836774774,12.064937431989588,0.00011628463606376463
59.42088560446515,17.481343158723295,10.739717161256419,12.357972241232142,8.183432301879085e-05
53.36429181052682,22.721730175039035,13.070702519479724,10.84318602742835,8.946752607739623e-05
49.169549533476285,25.94764582976533,12.897528490995604,11.985186200366046,8.994539675799266e-05
52.782742190565855,26.028235995679804,11.938804492811894,9.250140607453332,7.671348911498931e-05
54.22787486469712,22.29293911342424,13.012740010372061,10.466363710920545,8.230058604430826e-05
50.4816188175096,29.670779707208506,11.224186143740404,8.623343356165122,7.197537637980444e-05
56.91527186127562,21.084896581173506,13.178242891429418,8.821492151462214,9.65146592441791e-05
52.79975845280934,24.908454609539383,12.076528198114536,10.215147096327469,0.00011164320926877024
47.07719883617356,24.30175069163528,17.113607385862135,11.507340980191728,0.00010210613729222211
56.64308182847372,21.36178497212479,11.22909850020434,10.765939609267003,9.508993014411137e-05
55.95931390144374,20.92600405471794,13.246977440263427,9.867624591529541,8.001204535150989e-05
51.53544228536313,25.3004138331449,11.582414638631022,11.581642250189757,8.699267118614294e-05
52.46447207696298,21.995830216258767,15.496343214299754,10.043255501810316,9.899066818625112e-05
52.4564558854611,25.539302550887665,11.55356763871885,10.450583935393746,8.9989538639468e-05
55.591028236745956,22.636637314767125,11.73964085849628,10.03259286078768,0.00010072920296860861
53.03617038822998,21.81425315662785,14.434306943231606,10.71518260817743,8.690373312685761e-05
48.593042678259444,25.21457668530436,16.245418213549673,9.946865454928894,9.696795763979859e-05
53.30667196079967,20.509579870538715,13.868835172507577,12.314839910825556,7.308532848437088e-05
49.54463549269571,25.33028038382018,13.516683562178383,11.60830748333637,9.307796936439025e-05
55.35470472426412,18.96229620769552,15.731694907515836,9.951214051949227,9.010857530062106e-05
51.70888246505879,23.200705801153575,14.546579338244259,10.543748841513757,8.355402960791164e-05
56.31207327058906,22.88681294792018,9.896604240487916,10.90441491411676,9.46268860734668e-05
52.336938580176316,26.903259092780736,11.631663424212626,9.128052788450168,8.611438015732802e-05
53.259236314307536,21.319987730442847,15.103643781991346,10.317049822875648,8.235038262622736e-05
53.2827208193587,20.78916102894862,13.166208919594464,12.761809678004093,9.955409414264667e-05
51.08227282556839,26.86030080947629,10.386024880168183,11.6713171762488,8.430853834384931e-05
51.28546622170857,26.02892300639894,13.72124899432058,8.96427079922311,9.097834879215877e-05
47.00740990717761,25.963289690747548,15.782817663145643,11.2463939512302,8.878769900073247e-05
50.79703133839162,26.16278572429661,13.419068748688023,9.621020962787888,9.32258358557708e-05
49.96782298426672,25.58961231677915,11.714361297680433,12.728116498583697,8.690269000233912e-05
55.20150035335125,23.954451666442715,12.287932852785524,8.556027966834655,8.716058585151721e-05
49.193204984052336,28.678891652188277,12.343445730415127,9.784372244648196,8.53886960730908e-05
53.5267832502079,24.272251174123483,12.21990687318286,9.98095875455596,9.994792981538773e-05
53.634892390186195,21.95126948167651,12.358034060088132,12.055733308507987,7.075954115837926e-05
54.56253418367256,23.25597960507923,12.866461252019084,9.314936177417714,8.878181141521753e-05
52.35829496988453,22.699309087730814,13.43434700958793,11.507954246967303,9.468582942926723e-05
57.90798651362298,18.892841751274407,12.23650726472654,10.962574287230895,9.018314517487795e-05
49.28827656513251,24.60405964748313,15.026283918687097,11.081304729962921,7.51387343442658e-05
51.535588861507144,22.54838786784315,16.56975485324993,9.346174923525131,9.349387464578525e-05
51.27969347690031,22.624112275359025,14.242185349895358,11.853915131363351,9.3766481951972e-05
51.842528559219744,21.768388478288266,15.203945574897615,11.185045413824039,9.197377035221673e-05
56.39624050599249,22.13384143591992,12.22597186819482,9.243880637380492,6.555251226524907e-05
45.881475562288045,25.305035078158785,15.817243241381638,12.996133605650527,0.00011251252098781655
57.200525879247145,21.999887593640803,12.11770467069078,8.681789676289826,9.218013144439718e-05
52.14448926463919,20.83491576983455,16.86727537294258,10.153200577199865,0.00011901538379840187
55.9063248906215,20.33410531919186,13.13419204461465,10.625294929285694,8.28162862979027e-05
55.70268664830059,20.5283136995732,11.76087225527838,12.008043121895994,8.427495181719915e-05
42.4151617791043,26.528974888530456,17.19361914947241,13.862148958600093,9.522429271402409e-05
48.42211820675398,29.033347628709205,10.90401000224705,11.640436299891528,8.78623982437333e-05
55.377953415816215,20.128736827110767,13.78950304012108,10.703713326201003,9.339075092408287e-05
54.6161205180685,22.873889496394202,10.9812920461673,11.528596233782643,0.00010170558733893941
47.35470437866998,27.581146699661964,13.988717522251632,11.075323551570195,0.00010784784624828027
49.553221900136684,28.42593166405622,12.165610223650262,9.85515153443032,8.467772653042438e-05
53.652481280388265,21.767149224869048,13.727242659764247,10.853054037769718,7.279720873216659e-05
51.31191170399817,25.073466836019637,14.164137794583297,9.450388666905544,9.499849336055343e-05
51.519300786126124,22.608919818142397,13.904374284563339,11.967293282458693,0.00011182870944968777
50.49382289648818,24.24534150406527,14.637736493074375,10.622976300319191,0.00012280605297802417
52.212317697774054,26.35585801478426,11.463075036741198,9.968668036535234,8.121416524882303e-05
50.38982040745987,26.88424652998624,13.28878331296352,9.43705260157462,9.714801576681462e-05
46.795993129346115,25.071262678351374,14.45258993880799,13.680024205149957,0.00013004834457465813
49.99814992026819,23.15915576173852,14.837216779280912,12.005381939184733,9.559952763332983e-05
59.461889155312896,20.60298317722397,10.824109169302293,9.110941369442486,7.7128718344829e-05
46.45120161340261,25.95602343204444,16.154414280893807,11.43824493810405,0.00011573555509032383
56.628108491215635,21.107233932380666,12.134340582587622,10.13023610998108,8.088383500910886e-05
50.08502175503262,26.266099518239805,13.310987713899616,10.337789427275055,0.00010158555290839809
47.31007936447547,26.59601867714739,15.858949329473138,10.234810061280998,0.0001425676229979919
53.34657960828365,21.619864404587638,13.594253569322367,11.439198966967483,0.00010345083885762062
55.66107110645798,21.377633620182078,13.450300457627314,9.510910493910792,8.432182182089207e-05
52.16636384486222,25.5133125373389,11.982851016731345,10.337395237570325,7.73634971945706e-05
59.55699004440675,19.971599947660394,11.775377683373796,8.695960229706436,7.209485261791237e-05
48.58235269731332,23.902676410798218,16.51499796362392,10.99986956591725,0.00010336234730181464
49.881903537483794,21.279065151186316,17.607586407135372,11.231367518893009,7.738530152003675e-05
57.35489860519728,17.9485598974729,14.513282624196883,10.183190714430204,6.815870272294913e-05
51.29205085820172,25.699168731866546,10.823378674038645,12.185312505825642,8.923006744596208e-05
47.805446261783494,26.49355069036274,15.27514150519656,10.425764730497118,9.681216008718333e-05
45.48107877260066,27.906410407034027,15.011918216204636,11.60050301393264,8.959022805189624e-05
48.19188057902067,28.31273844888202,10.910996548958323,12.584287128873656,9.729426534252252e-05
50.96383107946807,26.235134592441195,13.63706839934134,9.163862430646077,0.00010349810331660219
54.208950872328174,22.682033534844408,12.129826874155556,10.979077777311181,0.0001109413606820179
54.49721824479763,19.883627406412465,13.821776579350544,11.79728970614168,8.806329768696274e-05
52.74076603899758,27.93037039302602,11.460384610997703,7.8684098139798655,6.914299884555779e-05
48.24920168490619,25.60117716613737,14.556613609105199,11.59289541252421,0.00011212732703675788
47.36126803667645,25.207479034177194,12.811629327211993,14.619518007871497,0.0001055940628841969
45.98342760845844,27.325176654127148,14.766337154343956,11.92496913187697,8.945119348662472e-05
50.16997369962021,24.304819944291275,14.300753045971812,11.22434844893552,0.0001048611811789295
52.87780403110462,25.4406069731667,10.704528069589287,10.97698236465049,7.85614889270138e-05
55.83031027684299,23.876090709955818,11.477717134606037,8.815792863498919,8.901509624120449e-05
49.89997921618628,22.91640945725858,15.377593669953734,11.805916396209833,0.00010126039158114007
51.33109472476895,24.091868316369,14.328851947262095,10.248086674525071,9.833707489032498e-05
48.51406172526998,25.81279644614762,14.548790557920752,11.124261341833712,8.992882792106022e-05
55.00268844828017,21.001277539226752,13.197331434307143,10.798618158832653,8.441935330392102e-05
53.20084865670288,24.260210839007932,13.606668736669544,8.93218529432254,8.647329709572707e-05
49.44903961742259,22.41205825299092,13.922020702009414,14.216789027023868,9.24005532051202e-05
48.68459025602431,27.51799328052917,13.96292212579335,9.834398481156837,9.585649632878724e-05
53.13720316494583,23.666142857957503,13.697677426259158,9.498909486728984,6.706410852120151e-05
50.5119285172237,26.89212158832534,11.894905905938638,10.700956698978306,8.72895340118391e-05
55.31229899357757,23.159681998301608,9.980159087920555,11.547780635578963,7.928462133950266e-05
53.359115420952484,22.938147052846716,12.58670123351753,11.115959097570578,7.719511270109327e-05
52.211615522186584,21.993186357234627,13.506227866854854,12.288894683014234,7.557070970839242e-05
46.10351512414096,31.333970911828246,13.212792378020108,9.349625642909563,9.59431011142958e-05
52.17738204918708,24.362218423295843,12.079206462312415,11.381099190299933,9.38749047304173e-05
50.31648849132257,26.32527436937737,14.027146812090848,9.331013504688528,7.682252065697011e-05
58.858393881787904,20.485926126664495,10.63202172134221,10.023576430550634,8.183965476754986e-05
51.357464671595174,21.39480805396383,17.32191897623677,9.925700354062569,0.00010794414167124653
52.53426606764131,20.77895204454284,12.235337467150568,14.451368159777411,7.626088786864688e-05
58.134484297912095,22.232315082586705,11.766626813486933,7.866499464178438,7.434183583266436e-05
47.32347516040166,27.607884600814213,13.029471464960732,12.039061977625618,0.00010679619778806437
55.025588073016905,23.164914904332694,12.281075109658344,9.528342216296643,7.969669540192869e-05
49.610419010969224,26.106879523035246,14.026308067368157,10.256308543463852,8.485516350438938e-05
56.47555157420649,22.216250417847814,11.542759178827394,9.765336641842199,0.00010218727609875264
53.35068248953555,21.640797538129362,14.97817165319138,10.030246703145378,0.00010161599832476672
47.946143229829765,27.65283316763677,11.63406515770688,12.76687552356634,8.292126023471632e-05
50.08832636131463,24.95605441699263,12.616343758174617,12.33917957682262,9.588669550945021e-05
59.09664517645452,19.741032596818737,11.486784226865876,9.675464546128872,7.34537319957191e-05
52.064667706219545,26.478533532542436,11.22560944911915,10.231109283862523,8.002825635064504e-05
55.94856557914395,20.466708630531237,13.112539773335536,10.472111116027204,7.490096207439922e-05
50.64717063320317,26.512444782047957,13.009661795751972,9.830635924401449,8.686459545069008e-05
48.26888690911962,27.78756639530352,12.265824284558084,11.67762681448553,9.559653324433498e-05
55.14985505284944,22.628068138527038,13.147311191129488,9.0746893785732,7.623892084971243e-05
52.50902194383467,26.8387181339227,11.108388669896389,9.543787334858928,8.391748731995123e-05
48.22520334345362,29.066513092881944,11.676478438244393,11.031725084812827,8.004060721251424e-05
53.874260136466944,20.63485664069977,14.196731565855364,11.294045968516132,0.0001056884617783593
50.982575610086734,21.663065490384586,14.589860116248468,12.764415141860876,8.364141931470458e-05
53.83821914790021,25.49123593066746,10.316239613296915,10.354209439208363,9.586892704423772e-05
45.43316768021018,29.586856688391443,14.006594575018585,10.973283145889045,9.791049074228176e-05
53.76756206285547,20.224870449792427,15.184371878227212,10.823088500289014,0.00010710883587776423
51.03282715186241,23.06862347337608,13.132436008274496,12.76601204342754,0.00010132305947323805
54.79010801180324,19.625597434891258,14.78517562441079,10.799021166095804,9.776279890296957e-05
53.249419806504925,21.157208650504128,14.334718992262586,11.258552049816982,0.00010050091137184547
55.55264799660712,21.826618171958845,11.90727045088393,10.71338450151456,7.887903554260228e-05
50.109593782148195,20.498748148730115,16.206681152014845,13.184866306824192,0.00011061028267266452
51.9118009036004,23.71390452095161,15.426580281906139,8.947621833715123,9.245982671566164e-05
51.53214502136697,23.826202435054437,12.74748026979053,11.894103056405894,6.921738216629854e-05
54.31682069169989,23.19264408638556,13.709992795168658,8.780463845966722,7.858077914389642e-05
52.511699992669,19.3989199622678,15.042991805166656,13.04627806603143,0.00011017386509196035
56.02449948356123,23.083840851667077,13.29852520141397,7.593070447330284,6.401602745103121e-05
44.91158318331966,28.49034295828099,14.940818048737908,11.657142027596686,0.00011378206475528686
54.17105254211909,21.17037144164397,13.603020288761025,11.055474759192037,8.096828386842054e-05
54.18648324260719,19.79603224540798,14.690799030878399,11.326574716636255,0.00011076447016993226
49.52139738418466,26.098636030771033,14.439034107425083,9.940824432638085,0.00010804498113122875
56.22607060095205,19.477604946689453,12.71649207709472,11.57973848858175,9.38866820191757e-05
57.34024314883888,22.609108762724492,10.349080283250304,9.701489907647531,7.789753880525812e-05
49.99442731947012,26.21138318896702,14.977405877603573,8.816693446259178,9.016770012530786e-05
57.71055155126486,22.565627309362686,9.645793824378474,10.077942855974019,8.445901994354608e-05
53.8808066903869,21.585728106989812,14.088315535277813,10.445070958856258,7.87084892445458e-05
44.91084155468291,27.56236582433177,16.564821596665652,10.961852010963263,0.00011901335640999634
53.885658259222794,26.3359691090758,10.819240818933853,8.959036743886866,9.506888067352512e-05
52.42583352596832,23.584276873850374,13.356490950012201,10.6333216880901,7.696207900469807e-05
53.839493691673866,25.38652117174903,11.160693604784914,9.613221710982398,6.982080978269198e-05
48.626681209788956,29.421404418236197,12.683236234284603,9.268590651977924,8.748571230645616e-05
51.98050149045515,22.518750108621727,14.317878662172227,11.182779533341176,9.020540972442998e-05
52.74512629166098,23.43851174359691,13.31596028706013,10.50031538437657,8.629330541828538e-05
49.47528662174207,29.20271690020279,10.493674570365757,10.828224320837352,9.758685205590032e-05
46.62645997156593,23.65875514214144,17.030485737563595,12.684214145652126,8.500307689949567e-05
55.579768400733684,22.35312940240732,13.45646656631759,8.610555353728506,8.027681289948173e-05
52.81644220697086,22.256193242616988,14.306553005338184,10.62071054901381,0.00010099606016570036
47.86036779122222,25.73515720755717,13.845083414835498,12.559302215275514,8.93711096097293e-05
52.114393648303924,21.80462204650597,14.61103555112799,11.469866054121825,8.269994029044603e-05
48.51308983034222,25.13822397680038,14.668181842045836,11.680409829615943,9.452119563224823e-05
49.26030042497745,28.344926972759175,13.842478917780385,8.552206809106654,8.687537630679318e-05
54.40948404088529,21.262136559714655,13.365167496928338,10.96312433987267,8.756259903812e-05
55.0981150751212,22.233895633761115,10.80583774767062,11.862053671585782,9.787186125980692e-05
48.2038209538445,27.691882978408067,15.93036203693314,8.173844673722135,8.935709214897124e-05
55.63807540812702,20.95196876973491,12.538116611108233,10.871737012565202,0.0001021984646416079
48.05229711836608,27.14513560335486,13.379102987706599,11.42338785375448,7.643681798841779e-05
55.92945680685715,23.161840592276167,12.700037672833423,8.208580343598424,8.458443486049767e-05
48.02058582256259,23.80002613306119,15.507245927013754,12.672039382283046,0.00010273507942818912
53.45880095315658,24.586760294681635,12.274480843374642,9.679886061186622,7.184760051188942e-05
52.303501004821726,22.496948354258866,15.621457597034667,9.577998411295699,9.463258903550349e-05
52.98020222461665,24.7311338929073,12.204656883303846,10.083906117659492,0.0001008815127099486
53.75861435641547,24.577174112634783,10.513507035674259,11.150617691700397,8.680357511803587e-05
51.34683686753758,27.404879479489946,10.819767650282772,10.428431993754128,8.400893556203057e-05
56.86231240773871,21.546355080616223,11.431378504242636,10.1598631555668,9.08518356259315e-05
48.22927749784608,25.17213144411774,15.258565985428888,11.339938529828741,8.654277855644227e-05
56.915144933772744,21.301387002302985,11.639749934484044,10.143635245925232,8.288351499324653e-05
56.923216558527734,21.382638846484227,12.56842944758105,9.125628866419314,8.628098768045251e-05
56.71063307645395,22.280193378216946,11.860819761309292,9.1482728707685,8.091325130142976e-05
58.236104016712254,20.289065408148097,11.316629174009849,10.158128720648032,7.268048176160583e-05
47.47345907294051,30.093335774929557,12.35739462908703,10.075718444938122,9.207810477097054e-05
57.60677022420069,18.47807444469997,12.632351475902642,11.282718583604979,8.527159172474253e-05
51.853245860629535,22.25542392984569,14.887582110549126,11.003656087706029,9.201126962499381e-05
53.44080320328176,22.388955909431886,13.647768641125952,10.522394106627367,7.813953304139233e-05
50.8183071211395,25.75176733278673,12.773707602135717,10.656124242441352,9.370149670430825e-05
51.14869730160897,26.201554594956043,13.406308079135334,9.243349634922913,9.038937674918918e-05
45.57982914901986,27.937380529573197,15.878797847411514,10.603918567207542,7.390678788503378e-05
55.17405683061061,23.77287540182853,11.809184477261097,9.243795577631376,8.77126683991388e-05
55.08811796727097,26.525426195698792,10.253315143334628,8.13303547669858,0.00010521699704141917
51.46008011702007,26.6496791194484,12.550026174412892,9.340112861092098,0.00010172802651201773
48.03746438758829,25.02941941698183,14.89535279292989,12.037681263343345,8.213915664659895e-05
44.91110768921388,24.401805922792462,17.691804236996763,12.99514910003754,0.0001330509593549315
59.24571002268267,20.66349305466991,11.255416020381814,8.835292708613071,8.819365254733373e-05
51.30622148765127,22.261280742059082,14.320676009202046,12.111736340467587,8.542061999376494e-05
53.94918916244899,21.168023865274872,13.572645388516127,11.310072854373471,6.87293865629284e-05
55.250517507845565,20.0737259102402,14.30711449648647,10.368559472357772,8.261306998881596e-05
53.354444858465286,22.6507969703999,14.008203643200783,9.986475654780046,7.887315398942748e-05
51.07002107299802,22.206303475134163,15.40974300381478,11.313832527768643,9.992028438298078e-05
54.718377831850674,23.023405979962817,13.817890281641764,8.440255190950625,7.071559413538397e-05
50.642601797752405,25.064352631655108,13.452507690315452,10.840449814067169,8.806620987059229e-05
47.566442262534515,25.35067772560531,14.888008368609995,12.194792391654609,7.925159556166318e-05
48.27258012542325,28.19421826470624,13.258165607749852,10.274928900325015,0.0001071017956487826
53.99608756526093,22.454471705615468,12.531463945729962,11.017886441685857,9.034170779245485e-05
49.745091904829344,27.985330570521267,11.974003806198317,10.29547016421215,0.00010355423893375717
52.21808088610478,22.95803163861281,13.875107411098181,10.948674074466005,0.00010598971824325631
52.13144066215138,21.664482003794898,14.796557829762397,11.407429124873108,9.037941822493402e-05
46.45802217779366,24.915338975073396,16.319344148911686,12.307174290866024,0.00012040735524746819
47.221559840308416,29.567058985418626,12.09182845226189,11.119467943997643,8.477801344134666e-05
50.9267491145956,29.340177055694276,10.826934725118461,8.906056612529008,8.249206263836714e-05
54.59444019280807,20.132601506433843,14.186344030642145,11.086520856397387,9.341371856465956e-05
46.3831863098343,28.621183133972,15.067568244441365,9.927951418738278,0.00011089301405289732
51.07864763143065,26.23272317136078,13.570032970162679,9.118495966522506,0.00010026052340626456
51.58119448846736,21.225942262596757,16.26162406022355,10.93113942644446,9.976226787063579e-05
53.71882766445369,23.463733802655153,12.373755834558917,10.443597834873412,8.486345882266934e-05
47.86273967415363,27.575361157221188,13.171514594539236,11.390279033769767,0.0001055403161966814
51.580882473550226,24.751129046528618,14.573233343694872,9.094666366465345,8.876976094318985e-05
47.50706372879553,24.788025465634053,16.796804023759243,10.908000637506893,0.00010614430427445854
49.747115254557166,22.582389932339645,15.600178774731829,12.070205437201272,0.00011060117009071002
59.30468972582903,18.79582903262332,11.600919751758182,10.29848331570261,7.817408686043799e-05
57.12402745766081,19.384839080566316,13.136490269614109,10.354563886319944,7.930583881509654e-05
49.7398578962006,25.62561578026699,12.839315162876389,11.795114774102473,9.638655356551711e-05
56.600408129695744,18.873409394432795,13.628797655639454,10.897310182819796,7.46374122116118e-05
55.05389672949468,22.60206289485672,12.42973877975,9.914181794691434,0.00011980120715680018
56.602342724826585,21.610585058510694,10.435896092645853,11.351080724,9.540001688601276e-05
48.632909144092814,26.922719436595766,12.862552409953864,11.581732493306632,8.651605091870241e-05
54.10551999354066,21.60138861356831,15.031030402573236,9.261976715209945,8.427510783509029e-05
49.52591512293664,25.31132797704181,13.92796196604113,11.234699491923507,9.544205691545771e-05
52.45989095968325,23.399770777525866,12.463573788077783,11.676677220893497,8.725381959895847e-05
56.43784747999118,19.988708428900832,13.061920286524359,10.511436762209572,8.704237406772905e-05
51.361725087889475,25.22801866011793,13.335193017029875,10.074966199189918,9.703577280604615e-05
51.27118803175087,25.873765050812146,12.832788258111316,10.022165196681684,9.346264398640158e-05
49.71023449975674,22.382313909025196,16.137285224679612,11.770081212649918,8.515388852728466e-05
50.088244344928015,28.07913776010996,11.928939976228946,9.903613977606913,6.394112616975149e-05
45.59511255977404,26.44087490063339,16.08364549697691,11.880266399845341,0.0001006427703402267
57.67922974082047,22.47274306452419,10.731706330678755,9.116240933509284,7.993046728917841e-05
51.17012095203054,25.81426076995641,10.864350389575247,12.151171160707884,9.672772992721468e-05
52.834140199965006,24.822631687736823,11.764449194403308,10.578694003137793,8.491475706403139e-05
55.0406517805278,25.507345045065495,9.418345478855626,10.033570036644548,8.765890653166159e-05
58.23985313940479,22.38455830868694,10.257156576730647,9.118345862427391,8.611275021754903e-05
51.49040881470087,28.40363119683586,9.809284667387777,10.296578981896513,9.633917898435528e-05
54.42510297004408,20.266026006551517,12.337745387750104,12.971040599180839,8.503647345497445e-05
53.65326552856126,24.70980351861527,9.800929207208657,11.835902585877294,9.915973752516662e-05
49.05283248496685,26.514574264758643,13.295833687487704,11.136670172401463,8.939038534068026e-05
51.628313581062514,22.91712718600345,13.712080344588278,11.742385475227103,9.341311865738376e-05
53.56818454285923,19.972229745414932,14.116205175082314,12.343307780649127,7.275599440663253e-05
50.40717376957689,26.93091048030935,10.94406599234453,11.71775887146446,9.088630474689713e-05
45.487895775660434,27.122673402138897,14.962584619310087,12.426747223007682,9.897988290658578e-05
54.18648697915936,19.828391768592343,16.50335593655959,9.481686607063589,7.870862512530972e-05
53.59485585883477,21.407719035925073,14.80541622540697,10.191883207642205,0.0001256721909928528
57.51987000475467,19.466859797488453,12.071128605188628,10.942077031795558,6.456077269949043e-05
57.24995111533929,17.81955663530575,14.623619105415543,10.306778102467282,9.504147212990748e-05
50.86450510657142,23.680751957581453,15.110333600900821,10.344318672418947,9.066252734813614e-05
47.75382719647055,29.962948666021877,10.544384288095047,11.738726856448718,0.00011299296381869539
48.650528476023155,21.535172188168353,17.062038153511214,12.752154140625912,0.0001070416713713265
48.536292310695806,25.142981838079777,13.173598688024244,13.147032797739108,9.436546107051934e-05
51.85395918472956,24.280418808655664,13.686843265819101,10.17870679266613,7.194812952386709e-05
51.212648035860056,21.397683507571497,14.22310481485427,13.16647072260165,9.291911253012191e-05
50.46265998028817,25.280205018822365,13.393707819243803,10.863341988804011,8.519284166808846e-05
55.74938474365767,22.61976911865541,12.003213083609202,9.627544473137807,8.858093990605816e-05
56.3963696145947,20.597454345648437,12.66485296717573,10.341235214146028,8.785843510651169e-05
44.56695920922322,26.19844056556303,15.786854457549602,13.447629080515403,0.00011668714875385222
57.31277078691293,22.96069358352721,10.355399552987157,9.371045960409093,9.011616361134232e-05
51.72014898375061,25.747331164142796,13.853306558795808,8.679153154861856,6.0138448939140995e-05
50.57559690902668,20.994955937565404,16.048727514491006,12.380614578877077,0.00010506003983640032
47.44827793680462,28.46684334208751,14.162061138203047,9.922688537708881,0.00012904519593877272
49.387915240640865,26.091293820071503,13.849332585105811,10.6713717479515,8.660623031876259e-05
55.77166203861504,20.310992238229503,12.535302311436988,11.38195893543091,8.447628754043949e-05
55.03581422984861,23.699468308843397,11.031736116625435,10.232885681391926,9.566329063774173e-05
53.92893626800272,22.441772260002736,11.162890154844733,12.466323085016663,7.823213312452747e-05
46.92116759901436,27.443532416411887,13.5970009700729,12.038193631229737,0.0001053832711167365
49.381972987112526,21.775327896968907,16.7745113688174,12.06809892196409,8.882513706720209e-05
53.218968465635456,19.848593001222945,13.418794009611828,13.513557167724272,8.735580552308283e-05
55.97328573440492,22.785818040647772,11.7768642362266,9.463956267883535,7.572083717427443e-05
47.113697487703746,23.633573077409643,17.535177337586834,11.717467492172828,8.460512695324937e-05
52.69480454139301,23.25954434410361,14.850350386691355,9.195229362844028,7.136496798836735e-05
56.26139678947998,20.96947872313818,11.91511697467902,10.853908986493034,9.852620979790699e-05
55.40306585107927,22.677507923970403,11.041173997824167,10.87816045584476,9.177128140437989e-05
53.69889477330049,21.858496036218295,13.402677133860804,11.039862909888834,6.914673158307231e-05
52.26561547333446,24.375879534255528,13.69579907058811,9.662618603363786,8.731845812094544e-05
48.23072098750465,24.53694909420889,13.97161649967986,13.26063316923893,8.024936767957675e-05
57.14578434731293,23.014344122372446,11.597422343526086,8.24236900401107,8.018277744806143e-05
54.72917368688618,22.939749125534327,11.981411401916837,10.349578987355999,8.679830668393812e-05
55.227262408081124,23.400275396986384,11.828117059216057,9.544270097519233,7.503819718863364e-05
52.53885055241598,27.077334588338182,11.254987752374547,9.128756109986618,7.099688468573298e-05
49.68098106164975,25.447555154936115,13.936888775343705,10.934470783937329,0.0001042241330928085
57.22770770121549,21.278818665962536,12.06287583533573,9.43050201015873,9.57873275147521e-05
47.842508102765954,31.531864557641658,10.931576956105502,9.693960795224394,8.95882625027079e-05
48.86342719937743,27.691149638949014,12.353889513698595,11.09144318921023,9.04587647257969e-05
56.45010875355776,19.49805126334249,12.720066895787575,11.331694069800415,7.901751176317527e-05
55.487903025248016,22.727254659223078,13.541830656813827,8.242925629209847,8.602950523515275e-05
58.155002806567694,18.959867789668625,10.326900999818585,12.558140741829984,8.766211511192294e-05
52.97123308875465,22.574419793340144,12.714987208607614,11.739274497435575,8.541186201949238e-05
45.00224075942697,28.492058951437226,15.802933652429568,10.70265686143466,0.00010977527158732157
50.94069635532955,24.76365892825155,13.169889704664847,11.125661502840616,9.350891344693522e-05
48.184183130897914,26.22807907077031,13.691955957723783,11.89569985349548,8.198711251923082e-05
57.42742782719661,21.996069936125895,11.658029707382378,8.918387318891261,8.521040386537877e-05
47.99480819990515,28.274004774330734,13.54038622689441,10.1906898355526,0.00011096331711283615
53.281056300457685,23.76045746969922,12.711532688570488,10.246864673129759,8.886814285124675e-05
51.23442079676658,24.910051972525277,13.000615901065904,10.854829616969667,8.171267258532593e-05
60.848163540738454,18.914591061563268,11.358602380909787,8.878559452779552,8.356400895455379e-05
52.26600935354503,20.059704928117362,15.451361953015075,12.222842508862804,8.12564597116089e-05
53.029257347979495,25.569964880574307,12.043287018974343,9.35740163453164,8.911794020397599e-05
55.06243263522615,24.26039421558085,11.099907754319723,9.577190791214539,7.460365872819645e-05
52.47201200107467,22.357235951161165,13.718439703278577,11.452195530062346,0.0001168144232491527
52.794471397370316,23.09645224269221,12.419436653744556,11.68956042967489,7.927651803223987e-05
56.12755497447517,19.984248800007272,12.70871826276011,11.179378328157188,9.96346002764027e-05
54.95817156639398,24.06382472366804,11.622140353897187,9.355790112364822,7.324367595815499e-05
51.79250741904967,23.16243467020421,12.879366280748522,12.165603279482724,8.835051485837209e-05
47.39624550024235,27.29804025367707,14.355475530691841,10.950149877520138,8.883786859745083e-05
50.190226659334655,21.685947938473383,15.548127516452162,12.575589628220454,0.00010825751935293258
51.15845653548169,26.47722011462169,12.209057179111038,10.15517232925423,9.384153135892936e-05
54.311774577391944,22.121928932384627,12.689833315094369,10.876345146746505,0.00011802838255537134
55.936477486450165,23.350449046121224,11.30287366341803,9.410130060995598,6.974301497114527e-05
56.9008304175815,17.683267656840453,15.013981579342342,10.401828925643208,9.142059249679416e-05
53.226621413856414,26.236854421440963,10.417702070793798,10.118740231717075,8.186219174905808e-05
55.07756740098208,20.96728763566398,12.710943792274113,11.244121295692551,7.987538726995362e-05
53.387318792019364,23.01008246573581,11.473775905543206,12.128734082396807,8.8754304808675e-05
47.07386332255069,23.165438041422426,16.911691868320528,12.848921238796867,8.552890948395863e-05
48.94375508743058,23.887058648451216,15.754937741341784,11.414163780928769,8.474184765532485e-05
56.16042430034064,21.17510403517022,12.380692026642459,10.283700562909383,7.907493730853528e-05
55.49726114145979,23.41147875274773,11.676682080238265,9.414500006292991,7.801926123257711e-05
57.54062585306562,18.664245201100215,13.068202274876676,10.726815997263165,0.00011067369430147574
53.683939120064395,22.719880170251912,12.91231032238325,10.683794971575583,7.541572486713766e-05
52.80107050268018,24.31827256899697,12.623056676907108,10.25751006275493,9.018866080994311e-05
55.733411144245835,22.35163470621871,12.119194434289932,9.795691277823893,6.843742160193493e-05
54.2431717041138,21.597914096182684,13.747537950751834,10.411286051600209,9.01973514554606e-05
59.3561792589651,18.23532433159984,13.424461586860357,8.98393855999593,9.626257878846375e-05
57.96772519535557,20.459346587726294,11.668504290092299,9.90434085928196,8.30675438907937e-05
49.407018496455294,25.673225810149837,13.808594089755157,11.111065205589794,9.639804990400594e-05
52.81416997983944,26.227147485060577,11.370711879752898,9.587897965849319,7.268949776718735e-05
53.11092587651821,25.648428878120523,13.181172932322621,8.059388879546614,8.343349201964565e-05
46.43291707096951,29.537390605101677,13.888557301540413,10.141039396641053,9.562574737421703e-05
57.01511304755527,20.76311982685879,12.473288886623985,9.748418668694367,5.9570267588917306e-05
54.50741795962505,23.87932993834783,11.041141463707364,10.572035823925912,7.481439383374184e-05
51.413755181755846,25.61354314952241,12.469740359038031,10.502890952975125,7.035670858525563e-05
50.852451686026555,26.090367465721197,13.230175786697524,9.82690630235861,9.875919611195492e-05
53.7268158994867,20.710295327077358,14.798434529262211,10.764379733498119,7.451067561909764e-05
52.13941132083211,26.284181957458724,10.930087128025887,10.646245454711496,7.41389717936255e-05
47.49200787031748,24.115218263569787,15.996139612005386,12.396517811988483,0.00011644211886942665
59.45272173130973,18.239939429148073,12.521567073337442,9.78568021683076,9.154937398178936e-05
51.73725348820732,21.586421522129815,15.305472372017661,11.370758605201644,9.401244356556074e-05
59.9521736695521,19.656065123155315,9.972677652186398,10.4190066200108,7.693509537518397e-05
53.73203659815808,23.043687005598084,13.689518400765774,9.534688100189111,6.989528893429963e-05
58.28354238128075,19.594652879187343,13.214300818958073,8.907421971549715,8.194902412589561e-05
57.37552265825484,19.317159563904205,11.764752794291661,11.542460791381991,0.00010419216729657508
49.47001154565298,30.803278191535842,10.358550793519209,9.368068216039728,9.125325224803802e-05
47.78805239289323,26.63916830144005,13.735124445390815,11.837560776785175,9.408349074942528e-05
47.22258800437377,28.61912201826604,13.733145602534824,10.425043439942257,0.00010093488311592626
55.64442257492548,24.190467728616905,11.156574099075169,9.008451968782573,8.362859989609934e-05
45.89712883282417,25.714476841124974,18.045011606580537,10.34328746675006,9.525272024871247e-05
49.005111733336996,20.466776705846048,18.19165832671056,12.336365960541611,8.727356478196226e-05
60.11999944228301,19.085458377974845,11.668040631106757,9.126417301202205,8.424743317263813e-05
53.2274534070702,21.112002149557334,13.147128371976585,12.51332647024061,8.960115527962431e-05
53.7466492587081,24.406247219101004,10.748188805639892,11.098815882321379,9.883422963507232e-05
52.975962841631286,21.56829046008234,12.627232250865205,12.828425092617268,8.93548038860187e-05
40.20367315743443,30.0864188598889,18.753587289148584,10.956218011145108,0.00010268238298941223
48.72519259769169,24.3738034421437,14.381185555844539,12.519718529792323,9.98745277654454e-05
53.75457364417734,20.48885990884268,15.301032705405182,10.455449655273151,8.408630164751942e-05
53.57991652787781,21.291633342580305,16.567434497248012,8.560936886913662,7.874538020340856e-05
57.38748922529303,21.375912711359266,12.44187947136031,8.79462063001746,9.796196994909493e-05
46.40025079513659,26.51756254852004,16.085184019918312,10.996890750711689,0.00011188571338660983
54.351533013839756,23.536517238676755,12.344462976777509,9.767406634736172,8.013596980283758e-05
53.57718058773534,24.459343974062207,13.471467426636977,8.491937885267161,7.012629833670091e-05
51.406273062231456,21.15469397991615,13.544064396081978,13.894863619002859,0.00010494276755043891
45.12377699347503,26.502178618209406,17.665445476964372,10.708491377607485,0.00010753374371268314
52.69553341460097,24.143375813295506,13.135464591231743,10.025540973441943,8.52074298534473e-05
53.12802979640483,23.25968659587306,11.998491204242374,11.613704286491771,8.811698796167328e-05
49.10287136191753,27.532796752554482,12.297873515045659,11.066372745052703,8.562542962944811e-05
52.06409321181336,25.497113971821,12.672564569828634,9.766125994394018,0.00010225214301168463
53.033821839526155,22.854981671360683,13.172875566853826,10.938211710722197,0.00010921153713722677
40.556680440238665,34.627794083268235,12.08403201338029,12.731396848680982,9.66144318385148e-05
48.16093442187066,26.29238823198537,14.802048509698412,10.744513886331585,0.00011495011396419885
51.90880072662287,23.820770558992713,14.139638320907224,10.130713805567341,7.658790986246107e-05
57.596742071292326,19.075886024702328,13.852868610106908,9.47443084863759,7.244526084566808e-05
51.99505522473794,24.62771639355342,11.402693434843329,11.974450177467515,8.476939778846024e-05
49.31694736468715,25.86683941908598,14.102226313091196,10.713871861367066,0.0001150417686042638
45.389323146289826,32.4124165592388,11.927437344743714,10.270741871542864,8.107818479017052e-05
50.74330219413904,25.10088945246482,13.774886334110233,10.380831628304305,9.039098160445774e-05
54.97661836620254,23.18734297429799,11.545501926705155,10.290468598055547,6.813473878369878e-05
52.60675521180418,24.69087600730255,12.187983313606763,10.514286094370815,9.937291568882926e-05
48.922463381004206,23.06857492953181,16.647821748540114,11.361021409490753,0.00011853143312027258
46.98239828355035,26.974736007768783,16.09748611743591,9.945275972450144,0.0001036187948173275
50.38236717225889,28.342056942254988,11.69925879982387,9.576223069876153,9.401578610896562e-05
56.23120041632419,23.061411960783587,11.614636969673398,9.092670723549825,7.99296690107855e-05
52.82794182264545,23.90782854601563,13.214475727049823,10.049668766257465,8.513803164794755e-05
49.0056370766547,24.883576687867247,14.410841947583435,11.699851262314851,9.302557978307559e-05
50.21489130381265,25.968393928350242,12.752236044984508,11.064372771550383,0.00010595130222357843
54.76114314418085,21.83918865764492,13.1596317253779,10.239935524646718,0.00010094814960821461
59.150234936367966,19.21671456988462,11.226304259059475,10.40667677170558,6.946298236014677e-05
58.91308163558312,17.97013431556442,12.46576050785935,10.65092991712052,9.362387257592599e-05
52.096155726579276,24.64322697929248,12.59470510791413,10.665824474927303,8.771128680192706e-05
45.27562407093787,29.99735205145538,13.29596214729835,11.430956803879688,0.00010492642871322676
51.72627238650909,21.24366727360747,16.039668384134778,10.990302957698772,8.899804988806917e-05
52.9211725448409,22.72675424958546,13.386051638837019,10.965945936362234,7.563037438256093e-05
48.173145828098555,27.57612307025888,12.68313168456238,11.567504572506941,9.484457325119069e-05
52.43085443392055,24.06968958310444,14.342010453907708,9.157354500519087,9.102854821815637e-05
48.8731853879894,25.85152553947827,12.672455092434163,12.602752258196814,8.172190135201456e-05
54.383601202955326,26.627160593741745,10.227301406646957,8.761838968936242,9.782771973049255e-05
49.275057714992045,28.42618083878182,12.691201024508745,9.607481910631416,7.851108596929355e-05
47.65153413535027,27.744934256126164,13.053181819422283,11.550257620652047,9.216844923050798e-05
57.35292657977269,21.061223408755954,11.824381501642668,9.761395508468905,7.30013597683309e-05
43.72888871193373,28.052952108630276,16.687276390708007,11.530775102725265,0.00010768600272476464
56.25739865849558,21.557623575390217,12.624396801391931,9.560494544562665,8.64201595856628e-05
50.06556728474527,26.38979181629417,12.777943272373642,10.766602571295573,9.505529133681671e-05
51.898093604151654,24.675240646342147,13.672325409073263,9.754253822244186,8.651818874383735e-05
57.133431532084636,21.58391107748879,12.28301036321141,8.999549271206607,9.775600854274909e-05
47.43179019909262,22.489375978023226,15.654227501445522,14.424523536736208,8.278470242312342e-05
49.780383097321376,26.274242271142718,12.27654929606685,11.668730674333132,9.46611359331749e-05
50.051852866549616,24.70678237949986,14.218763514773986,11.022516021010317,8.521816620167299e-05
52.43831940285853,21.808136268392573,13.345691353218802,12.407750118506414,0.00010285702367024443
57.84026270608052,20.51229522566687,11.859583362407111,9.78776906245043,8.964339509072742e-05
53.67744911484744,22.493772065036207,13.794871190942407,10.03383307368719,7.455548676342902e-05
54.348515530339746,24.5035253953344,11.760912229901338,9.386942127556551,0.00010471686796964965
51.06249941204067,25.25358148659687,12.648660493655816,11.035170311715765,8.829599090296653e-05
50.56845006175473,24.64995731087345,15.317157242099064,9.464349889449652,8.549582311857755e-05
48.00464346498396,25.94625362364203,13.55481014244024,12.494201221832943,9.154710083139287e-05
57.6126760999444,16.46031761250577,14.736967121317909,11.189967521714745,7.16445171774162e-05
53.507218724706775,22.307410451991778,13.592868208014256,10.592420517765897,8.209752129699087e-05
54.91658357514444,21.969231291451774,13.433328628243471,9.680769904257186,8.660090312820023e-05
60.51653865982679,19.780549347354818,10.077872398889658,9.624950128699638,8.946522908805062e-05
56.57890928362135,19.369300831373355,13.829878098682908,10.221835499258514,7.628706387665064e-05
56.17787305133704,22.77782142863439,12.215375169574264,8.828857478531761,7.287192255744826e-05
53.02807115434221,23.40861751520926,12.991099421634269,10.572111538019946,0.00010037079431250754
48.861512510857416,26.80217842962215,13.443318315233753,10.892894261159826,9.648312684787451e-05
48.45402143271797,25.87547831432292,15.845095154530329,9.825322349800231,8.274862856288012e-05
56.05685715379424,20.742140020799432,12.500583742740057,10.700336210493933,8.287217235406424e-05
62.70471857920482,15.97056829469732,12.182386135695413,9.14225008011685,7.691028561342993e-05
51.93057436090619,26.96484019885051,12.23473788240928,8.869749146524557,9.841130947753632e-05
47.95906857501388,27.12826247120895,15.181446993746164,9.731132670152384,8.928987863565466e-05
50.06324867246097,24.47216423473862,14.100531938740012,11.363984783309135,7.037075126541551e-05
55.23873260583385,20.399139956633,13.109083476365118,11.252948390744097,9.557042391414636e-05
53.730251790705175,22.741728706601517,12.418294018950391,11.109626714419253,9.876932365438486e-05
51.11305589266411,25.775313289963414,10.013824142012766,13.097721025451591,8.56499081216879e-05
52.80835433181594,23.739819637489965,11.361504196565232,12.090238034674886,8.379945396295227e-05
53.53462441329848,20.4099367308074,15.567366457051584,10.487988070009507,8.432883302435529e-05
48.02935535828989,25.276062104787712,12.148169901014194,14.546308319090748,0.00010431681744018818
52.27251096593923,22.317158860708474,14.217395865969745,11.192831866632972,0.00010244074956550696
54.99556645405176,20.3452890863663,13.739854477906249,10.91920391464754,8.606702816549732e-05
55.828252072531434,22.165465933033715,12.447298190510054,9.558898145077729,8.56588470786356e-05
53.984995892376844,21.05386910544379,13.46173816303072,11.49930765240078,8.918674784783224e-05
57.19950053196544,19.582410445463164,12.673936261251129,10.544074048814469,7.871250580923644e-05
53.10139117102183,23.671826907412264,13.402800021869215,9.823907693735901,7.420596077653128e-05
48.523477287244795,26.848455357087087,13.074870875812056,11.553099586758535,9.689309752368688e-05
53.351901702605275,21.72520140125369,14.015927548898802,10.906873613646734,9.573359549659042e-05
47.78948580409575,28.28999584812575,11.920086428839854,12.000322416126213,0.00010950281244556437
56.877448199005755,20.610307248394168,12.06367179200217,10.44847104387701,0.00010171672090124595
43.863147694908385,32.39033076010192,11.50815836910371,12.238262874858686,0.00010030102732314726
53.33304533988744,24.852630926555793,12.132724678087563,9.681527178421621,7.187704758557249e-05
51.86659154543363,24.0226633986636,14.047317898131098,10.06334981710346,7.734066820554825e-05
52.39013407305102,23.4151373793982,14.74098219476466,9.45366522031314,8.113247298979557e-05
54.76465419779542,18.29999928952347,14.718091954049214,12.217176257970305,7.830066157912892e-05
54.56102795159323,23.418122880867003,12.57036225548163,9.450407370810563,7.954124758946201e-05
51.51183294695068,25.887448344472624,12.262935621357997,10.337682716390622,0.00010037082808671777
53.27966065648309,21.308014547969947,13.740891216184794,11.671341382503295,9.219685886265345e-05
50.18641023140117,26.452693026659148,12.45527559423186,10.905506485099716,0.00011466260810395899
51.17768492757154,24.88508417722039,13.18641962176007,10.750723998171432,8.727527657399784e-05
60.785732989156415,18.388910011339313,12.0359671000953,8.789313634261003,7.62651479549794e-05
53.7332346343599,20.156490357378456,15.181401597278626,10.928787696339096,8.57146439058792e-05
56.06589295136446,18.757600837717966,14.242929407362828,10.933497968503085,7.883505165222712e-05
54.58350133597426,22.68179189657706,13.367245126258881,9.367376817590904,8.482359888784671e-05
49.88640255112456,24.744668612750267,14.621955539817211,10.746892376957097,8.091935084608487e-05
51.117210046704045,23.981007300097,13.821496719671494,11.080154966296991,0.00013096723047127144
51.042976707783914,23.58716245405806,13.96650120712655,11.403270659465017,8.897156646383375e-05
51.83250052423646,22.153913194675585,14.02579375903406,11.987690987426157,0.00010153462773544383
57.507406816852814,20.570651015120227,12.254409434994265,9.667460179540273,7.255349242589187e-05
52.48900496001079,25.0689515525791,12.180203513019078,10.261746997996813,9.297639422658276e-05
55.52847694255313,19.8677381636052,14.847907890933834,9.755806805683306,7.019722451096446e-05
59.30101851448091,19.50221964482148,11.293327269914627,9.903342903645106,9.16671378710827e-05
52.41150583928793,25.021630308001384,13.130609206612196,9.436170584722948,8.40613755457262e-05
47.516951524665565,26.240226932977322,15.39366227182543,10.849075686170133,8.35843615345899e-05
53.18801088395001,22.481185852310247,12.958698642465317,11.371998505397643,0.00010611587679191725
53.94053644226965,20.436260110293585,14.130067081775142,11.493056168677288,8.01969843334144e-05
43.705411297011864,27.997732649781547,15.034461882218581,13.262291958629499,0.00010221235849110737
55.42619221913873,24.093632726515573,11.278904082795762,9.201207987942658,6.298360726592589e-05
51.54516622983826,22.910392575510357,15.858489616708518,9.685876839511783,7.473843107658171e-05
51.70303271663468,23.885568971735186,13.15978715565026,11.25153916217814,7.199380172675137e-05
51.88846214089672,22.717250344422883,13.90152909080419,11.492672950724476,8.547315172838454e-05
45.999294285836115,28.97812143019381,15.123808977008224,9.898677338398754,9.796856310295258e-05
52.17223371296669,23.422830475832264,14.371052398953163,10.033771915235105,0.00011149701278207238
50.70258449373637,26.029310681031564,12.069464779824491,11.19854868831284,9.135709474579934e-05
50.11951359907212,22.601075833151775,16.68911144543599,10.590209446865863,8.967547426698603e-05
55.68298267029913,20.446423644405346,13.15177031679871,10.718755185602054,6.818289478447887e-05
53.346596327232795,22.863288742526013,13.45145964418303,10.338577054766768,7.823129139282846e-05
52.351934194787276,23.715496057610615,14.46703984065835,9.465435512527911,9.43944158519201e-05
56.55889845322197,19.570724882247333,13.161799747185912,10.708483310897483,9.360644728909206e-05
61.99039561818927,16.60763208162061,11.27744418036161,10.124445787346978,8.233248153376524e-05
46.57403513439593,31.66965156172079,11.965240430484936,9.790982929399906,8.994399842993266e-05
54.85238979930236,24.013078843941507,12.196462114564513,8.937982324230841,8.691796078677244e-05
50.00898114737979,26.99150423436866,12.089407396597379,10.9100191036593,8.811799488276914e-05
45.627247018816966,29.515221550645155,13.373895510715283,11.483540686056084,9.523376651595024e-05
56.544645798205536,21.575619694521905,12.31036163197728,9.56928403249564,8.884279964894842e-05
49.54216390316161,26.738820641311207,13.15600004668241,10.562912196564177,0.00010321228059228641
55.33692236145556,19.722529824197192,11.998343205294256,12.942125546919304,7.906213369330562e-05
57.99936108835815,17.784110930228923,12.317655075192105,11.89878211441943,9.079180138218315e-05
52.21344915298207,24.914984561889064,10.700151651983395,12.171327146886437,8.74862590411252e-05
49.53636778853327,28.082706383314317,12.608494928820235,9.772286826293257,0.00014407303891850445
51.304074248119804,24.323225203324732,13.041392613805986,11.331223222204422,8.471254506015142e-05
47.88691844708367,24.210379148049004,15.667734384052409,12.234886241011532,8.177980337847506e-05
58.08990995202258,19.51733441840053,12.258952228800124,10.133724098552744,7.930222403259594e-05
49.86518097239846,23.5584176837865,15.334207098233662,11.242107402688536,8.684289282898562e-05
49.15837799757277,25.16291062885298,14.401558079987728,11.277054015187572,9.927839894581571e-05
55.3436955115457,20.15215597377947,14.460314188488505,10.04373268665254,0.0001016395337845984
50.69433243859452,24.014875596683165,14.671707864094058,10.619004907358619,7.91932696305533e-05
56.408317227769025,24.417511844064613,9.90914881844808,9.264926293989118,9.581572916563158e-05
48.07495090598441,28.452124410957687,11.775006510906143,11.69779291767148,0.0001252544802834679
55.866689416707786,20.659101306090804,14.600271441457982,8.873842919034319,9.49167091178438e-05
48.321307384169224,21.96022641554165,17.32512970731196,12.393263248440515,7.324453666560873e-05
50.6783790858266,24.626065208165816,16.128559057037116,8.56693135513074,6.529383974317116e-05
54.724377550465384,21.645921675727323,12.582781480569471,11.04683051652016,8.87767176619406e-05
54.03041872187229,21.11154079190652,13.860345594044714,10.997606168094213,8.87240822685235e-05
46.97063731840371,23.075639559631718,17.27411590201448,12.679495932536259,0.00011128741382816272
53.69318195404962,22.230961640464244,12.738957947601461,11.336809867767688,8.859011699036164e-05
50.10328706247732,21.780454688558184,15.762113772897465,12.35406621908085,7.825698618033832e-05
54.83696041823759,23.74374179466876,12.457728485410192,8.961486201342481,8.310034098550342e-05
58.16690033427948,21.837028457155952,11.144911855978295,8.851075018351041,8.433423524483107e-05
51.093297665768475,24.127190051153054,13.969234090740132,10.8101973024592,8.088987913079933e-05
45.36351780407372,28.4834665994996,14.895951365409992,11.256951397225604,0.00011283379107077243
49.596443552692485,26.36088144001275,12.905825162485757,11.13676127860527,8.856620372725694e-05
55.30006655642126,21.32788373276418,14.011356547769896,9.36061859141646,7.45716281972863e-05
50.130263611290694,25.112280317267157,13.18849643493826,11.568863495619999,9.61408838867915e-05
47.662030925508354,25.126485803530755,14.577305977560606,12.634087701216307,8.959218399798668e-05
45.07947684939738,31.70664909152959,12.572628070185477,10.64115590104217,9.008784538370384e-05
58.21401922618969,20.09228772671899,12.01759117924919,9.676017960843119,8.390699902565565e-05
47.29981184353584,21.831563678968685,16.85713325599012,14.011393752515042,9.746899031274249e-05
54.83872632945413,23.55975453067268,12.726607009696478,8.874807052857497,0.0001050773192109483
55.307809067802495,19.388622125909567,15.46741145331698,9.836080685970128,7.666700083132157e-05
55.04443108545923,21.70891944473821,13.823861568102105,9.422709910826244,7.799087421165291e-05
51.18557984883761,27.3653638403868,11.630290394146789,9.818675930521106,8.998610769712161e-05
50.61511990688183,27.120840274307778,12.001379827393563,10.262583468299495,7.652311732310563e-05
49.453895548810785,28.532586462284453,11.936817628630653,10.07660419572083,9.61645532963762e-05
55.71256608055775,20.32569396506883,14.439411253714542,9.522227142360633,0.00010155829824278493
52.91906864995526,23.543924779516015,13.684428375223638,9.852472736986504,0.0001054583185904074
51.40049061351157,22.81306225146273,13.432038865915752,12.354308361988252,9.99071216923605e-05
47.92826666370684,23.92761567212844,16.62908470614468,11.514920488295905,0.0001124697241197032
52.84684212762026,22.816838684655647,16.075465555422802,8.260761248748098,9.238355319479801e-05
46.79592785324656,24.99909284958271,14.390229442441866,13.814669754119329,8.010060954896802e-05
52.09133173398383,22.405295529641094,15.47017060836325,10.033116252419731,8.587559209959181e-05
56.622823969183536,21.27194766986892,11.694251349094442,10.410911371748806,6.564010428934216e-05
51.97978389896885,23.514683228115487,15.183635989774269,9.32181769696937,7.918617201549504e-05
55.33567405373552,23.377275591346006,9.013208115597909,12.27373679592478,0.00010544339579278815
49.2493500906601,26.231725176290027,12.512636679688093,12.006195996386351,9.205697542770382e-05
51.83299299819396,26.36637150547433,12.548433034909175,9.252130733298696,7.172812385010885e-05
50.11053832157254,27.711510962874698,13.13652342296022,9.041339202185243,8.809040729128893e-05
56.95285113547419,21.018478636308544,12.155684031442886,9.872898168609844,8.80281645334625e-05
56.96418793084364,23.35234208807371,10.519046432393486,9.164325690852229,9.785783691835411e-05
54.12427379406579,24.570377718545167,11.675296278020966,9.629958391416604,9.38179514683504e-05
49.76792672399302,24.35034129745992,13.734587061987877,12.14705011328159,9.480327759413378e-05
52.091540364349456,24.432618938404474,13.72101137384448,9.754755789132473,7.353426912374821e-05
49.31087598293383,29.59983720873767,11.467424606032637,9.62176941667352,9.27856223321975e-05
60.96896117838866,17.172655763820302,11.94362655943437,9.914687981378338,6.851697832081327e-05
52.77394779746694,20.140372484877123,16.960862841248446,10.124724891660268,9.198474724639857e-05
53.029796323208245,22.13021043759171,12.105735030723345,12.73416791428376,9.029419294483757e-05
54.49082833310729,23.180915222996394,11.048599674418446,11.279570263901048,8.650557683914989e-05
58.887109932102064,19.923394737883477,11.61937105030871,9.570038761615237,8.551809050751539e-05
53.252581711047064,22.9323487773359,12.808323329620276,11.006649975215,9.620678175693426e-05
57.267555210477326,19.698597211032602,13.361387164289646,9.672365105988824,9.530821159118712e-05
46.46697545594316,27.0807072079427,16.303716849485212,10.148505224278653,9.526235028381555e-05
51.69524234466575,24.87134280467732,13.400014863424985,10.033315515576504,8.447165545294155e-05
55.60057044268131,21.794869384509173,12.569868722107097,10.034618675668963,7.277503344903363e-05
53.63353163275578,20.82418848996893,15.072878375771879,10.469323508814329,7.79926890877433e-05
52.477972203948276,25.790218460497965,12.83231035125641,8.899406494536864,9.248976050488297e-05
49.20460431787633,27.452159665197456,12.672011112258637,10.671117176102939,0.00010772856464221518
44.72502374261962,27.015868016356215,16.839894432190146,11.41913179527819,8.201355584077948e-05
50.554819962452434,24.19502568897417,13.771787337076441,11.478284611773963,8.239972298828068e-05
54.64106159283546,21.38007752946446,11.800891342709573,12.177882303985255,8.723100525492564e-05
48.71106572731349,22.48300046769021,15.182779706462474,13.62304820836909,0.00010589016471427499
48.23417408665071,22.4203052068425,15.924450933778274,13.420960992090178,0.00010878063832955988
51.41222143619236,24.345252172445072,14.141945830460198,10.100482635390314,9.792551204076857e-05
54.261901352095,23.218059642679698,12.473868976042281,10.046077419118502,9.261006449969424e-05
47.18664495525861,27.4704354911031,14.836089795939497,10.5067382771743,9.14805245059936e-05
47.96857757579768,27.609865433907927,12.092061066841643,12.329401847783075,9.407566967998914e-05
50.78029655229442,24.939196820852786,13.908059651981446,10.372336971201422,0.00011000366992173808
50.11185393146541,21.022464569539252,17.97230200576508,10.893257929570469,0.00012156365979516462
47.971455177372576,23.04531523402104,16.29933465332813,12.683798159624404,9.677565386380504e-05
50.68196395484603,23.73422160244699,15.122611403611097,10.461124696186973,7.834290891561647e-05
54.748093646308035,19.189732587081,14.429564254767161,11.632530400113287,7.911173050579286e-05
55.00990959364932,23.642632295077775,10.943732247176815,10.40364071052371,8.515357236026409e-05
53.35042462431453,23.248914522676344,13.245397911484652,10.155193061188042,6.988033643390449e-05
51.318554138447695,23.862839043617317,13.791313518221607,11.027203068754602,9.023095879658487e-05
51.89417897082193,23.904233346436346,13.939033173882958,10.262452954271877,0.0001015545868725777
53.565433102697234,23.01175396017062,12.363217746599297,11.059504912792487,9.027774033305417e-05
56.46536414483515,21.013801950416923,12.088400563842146,10.432302071992194,0.0001312689135710364
53.489819171147836,24.669454056403858,11.646436216709223,10.19419582363017,9.47321089237338e-05
55.065621923067184,21.045262455165883,14.171097210551272,9.717934917884481,8.349333117410131e-05
56.29639689885057,20.165050448159075,12.694055642553012,10.84438700997698,0.00011000046038497837
51.96580202326584,24.349534438891848,13.153255294648055,10.531331579449759,7.666374450895533e-05
52.76833234440916,25.84069805101141,12.973211444166799,8.41767427662796,8.388378466478003e-05
52.793793383924424,25.222914475778623,10.089225066014961,11.893987003441756,8.007084022977136e-05
48.678004050671646,26.936376264320195,13.604235010377913,10.781284912296417,9.97623338246895e-05
59.14888234578718,18.10684779545145,12.03607563457918,10.708124446773644,6.977740854877968e-05
48.7059095944639,25.499626079969907,13.505171517252638,12.289192012162392,0.00010079615115539983
51.54927905482191,24.58677547402154,11.955908987511869,11.90794401135523,9.247228944401873e-05
51.62219490052672,23.58141846788387,13.570302560282663,11.22598450581677,9.956548997402431e-05
52.63704748466863,25.941248089805587,11.266408692547724,10.155201203494983,9.452948307236495e-05
52.64611541810389,25.115588051725084,11.77319169113017,10.464998008566715,0.00010683047413820707
47.73879473074689,28.97968123439234,13.561022028078739,9.72043417605244,6.783072960428838e-05
50.2273517876998,24.764164154728125,13.899478956034356,11.108909930576374,9.517096135370087e-05
52.625378396344594,21.25857429940073,16.441912074768688,9.674053485255362,8.174423063563187e-05
52.84427153437363,25.625953281431567,11.881893936251412,9.647784268345012,9.697959839104896e-05
54.02894422932718,20.911496472970956,13.30635597806444,11.753112414583198,9.090505424905934e-05
54.162666790294345,24.822466206435628,12.289452130776924,8.725316454649471,9.841784364248194e-05
50.068386853113786,24.38699156509219,14.208453119709446,11.336077035439358,9.142664521850567e-05
58.372260030929425,18.978772814544982,13.589827739981756,9.05905853894779,8.087559604207873e-05
54.55996695553554,21.914895031474988,13.30069832013999,10.224360176251514,7.951659796770387e-05
51.16902421914882,24.57556594642875,13.8918939104915,10.363430316148566,8.560778235728685e-05
47.81780846055979,28.77018864791222,13.30839194207987,10.103512788114742,9.816133336279242e-05
50.27402205681869,21.807376874453272,17.233300814477353,10.68518970066624,0.00011055358445435583
50.37232957264193,29.387235271083593,11.847820493074508,8.392531260401276,8.340279868431352e-05
47.55556491023668,26.277768539910685,16.397135721253438,9.769439242544053,9.158605515804457e-05
44.21817130233527,26.638784044322822,16.180189220786463,12.9627469867285,0.00010844582693989657
57.34490122040562,21.031073314304184,12.437761946367921,9.186192096309638,7.142261262872075e-05
44.00218345621024,28.221976017081918,17.454068220285066,10.321689038248655,8.32681741230713e-05
50.92347688435241,26.7004242050048,12.306333793985276,10.069686704228808,7.841242869618815e-05
56.34663667730019,21.25017929796512,12.055848343996828,10.347264965869545,7.071486829977766e-05
55.211930573878966,20.88863699598395,12.881428425749947,11.017911997026708,9.200736043203402e-05
49.938766802422265,27.217161018200798,12.307079061267116,10.536898206205898,9.491190393067738e-05
55.4464648167702,22.997202936144877,12.027686064282163,9.52856636580875,7.981699400965586e-05
44.98240276940448,29.28904912782447,13.853263210031022,11.875188570961361,9.632177867846645e-05
60.219457936769906,16.743284146349104,12.13726975138351,10.899893502349567,9.466314790416808e-05
52.45540468421528,20.865991789625475,14.035228185222188,12.643286327531463,8.901340558259031e-05
42.361322192003456,30.284563612934136,13.638685061542905,13.715331776203449,9.735731606847854e-05
55.012096763859844,21.02196473786009,11.273507684862787,12.692349207939428,8.16054778715198e-05
56.61326770870819,19.700020241247195,13.709827127682233,9.976812808500455,7.211386191896503e-05
55.02014057256943,22.67317234303971,13.31221831753327,8.994388480193862,8.02866637322102e-05
51.655451393646366,19.948192959262343,16.086725869203306,12.30954718040511,8.259748288548376e-05
58.665979188451466,17.59881097310601,12.891574495516211,10.84355759426256,7.774866374387569e-05
49.40751697701605,25.781409265147165,13.348110154974696,11.462882345028557,8.125783354276934e-05
53.218116887666355,23.90336332514902,14.07581189830982,8.802635206440163,7.268243464459879e-05
50.00440174764462,28.305161317188198,10.739900518460416,10.95044084221091,9.557449585501577e-05
42.67536524251306,25.846430840770285,17.341200818740134,14.136901729057838,0.00010136891869198046
53.1036492684642,22.636873075651092,12.316737407174665,11.94264179879908,9.844991095152106e-05
58.55901826681175,20.452788407737664,12.201064334977785,8.787041592169004,8.739830381126909e-05
54.08323829819023,22.791817442807044,14.369033759588001,8.7558125687889,9.793062584371803e-05
53.01307035523921,22.786493600094992,13.127416656540058,11.072950337458742,6.905066701018413e-05
47.444398190118605,29.645910500784844,13.46503623182973,9.444572489620816,8.258764600760632e-05
49.99397588804163,23.83828079291961,14.939737591218192,11.227918951187627,8.67766329427467e-05
50.526399462046626,24.38945797705975,13.812401978001779,11.271625492009607,0.00011509088222464509
46.563956823494834,25.33041944554986,15.55246997202466,12.553056004686258,9.77542443821527e-05
51.33120502379755,24.856734360130737,14.450542565075652,9.361419763665273,9.828733080131664e-05
56.05998181880154,20.12486695266005,13.365390545282974,10.449668042767183,9.264048825041156e-05
51.05216126356245,24.530540358798344,13.87753766383493,10.539668606613697,9.210719057396055e-05
53.01140721515368,22.49282361958884,12.969779180053337,11.52590781714531,8.216805883687311e-05
55.18065070558785,22.282145416760848,11.702462459668842,10.8346440955047,9.732247774835082e-05
51.97994585834237,23.418234968459135,13.521282837999921,11.080440096772506,9.623842606953715e-05
46.83205448513778,28.82818048083638,13.772064584137233,10.567623029948285,7.74199403137389e-05
52.324988672561055,24.9353040458922,12.046823182478187,10.692791548041384,9.255102718002516e-05
54.805628974252784,21.7228401639945,14.128078371217995,9.343370811246665,8.16792880593708e-05
45.72708182146955,28.142219276130405,14.61737021320713,11.513230898453559,9.779073938708331e-05
50.57184985318297,23.612258996019126,14.651370029126953,11.164426624683294,9.449698763590471e-05
56.761445098212334,21.787429217323815,11.506991496557847,9.944059529261166,7.465864482316135e-05
48.39243490537342,27.2596409784104,13.800484907557447,10.547349797491576,8.94111671733919e-05
53.86673942498729,23.957443020043296,10.753905639751075,11.421827147468552,8.476774978294914e-05
52.059975006679416,22.5868200483052,15.080374300436471,10.272746094789529,8.45497893773195e-05
54.41079881238553,17.91167795783741,16.155278159697275,11.522165906968041,7.91631117216524e-05
53.29243010181438,24.080614578353536,11.983013496526679,10.643864830480128,7.699282527456167e-05
51.32506100544296,23.123094998089403,14.29653791304481,11.25522094626874,8.513715407228399e-05
55.72928418658495,19.57827000122931,14.106724018991255,10.585635552822646,8.624037183189298e-05
53.43621610372779,22.805071592993446,12.112525846818567,11.646107099477641,7.93569825522383e-05
44.98259794242659,29.24807027910245,14.550403987410586,11.21882607457111,0.00010171648926013185
50.731086465920896,26.11036073885604,10.873461543647213,12.285016620677109,7.463089875079584e-05
44.91641724191957,28.121719227232727,14.330778060664304,12.63098500380806,0.00010046637534272405
53.25936169036027,25.164940617566682,11.517505173873118,10.058083763953652,0.00010875424629257558
56.75571763878805,20.50316815341456,13.446619535825546,9.294405319993269,8.935197857996094e-05
54.13959619764059,23.768978538849556,12.407332663043274,9.683997408653685,9.519181290681392e-05
60.18020221614571,20.854619280684762,10.828979649369407,8.136126509382056,7.234441807098722e-05
50.97345625376067,25.007728659089167,12.868547194507421,11.15017513807862,9.275456410454054e-05
47.8276938952369,28.991274131101203,12.540621010147706,10.6403184574161,9.250609809143276e-05
48.689948279791025,22.92735387829271,16.811691541065127,11.570929232931384,7.706791975277528e-05
51.53723497448125,20.886873374732726,15.457019769287475,12.118776298902697,9.558259583562305e-05
58.42982920303895,20.092474581174805,11.12961595102853,10.347997911138677,8.235361903802386e-05
49.5298522105513,26.755294581879074,12.511407723247892,11.203355420587055,9.006373470340418e-05
58.50414077360515,20.825098038031438,10.591901440962884,10.078791004085025,6.874331549818208e-05
49.81689981622422,28.31093334700479,10.761960240642033,11.110115133936178,9.146219275385233e-05
51.92729525474152,23.44438076809132,15.6843292392044,8.943903744192138,9.099377061577974e-05
51.935927012485216,20.671814177857115,15.92864901118378,11.463506352000245,0.00010344647364395961
52.475445932762746,23.97899631513807,14.322864362454476,9.222605151583855,8.823806084821059e-05
56.483611862102265,17.056967604592735,16.24279136908633,10.21652348041493,0.0001056838037488099
55.18780834523632,20.624341177853438,14.53104292498141,9.656725622233605,8.192969524981729e-05
49.89620080348572,23.976503918479878,15.8759560594246,10.251238741209557,0.00010047740025152658
42.81954721401674,23.473522077090387,19.780891909386142,13.925935289896273,0.00010350961044419116
49.383425361549605,26.300438928075366,14.15486892365221,10.161179011520513,8.77752023125488e-05
48.00843206748623,25.742215801817554,13.570879188368295,12.67836361836465,0.00010932396327756547
51.35267181652502,26.50524462883042,11.30223963495323,10.839764905479008,7.90142123362445e-05
56.42269652900915,20.044751066954728,12.762416192136051,10.77004216422326,9.404767681348591e-05
55.151596369433,18.5702703111102,14.174523526061748,12.103501400956617,0.00010839243843898557
54.709091525961064,21.52822535381846,12.739982711403044,11.022607159772445,9.324904499274736e-05
58.107700039046904,21.849285637950242,11.005841080716012,9.037099615281436,7.362700537719477e-05
49.04091981484616,21.849113649298072,18.391848675272122,10.718023452284541,9.440829910706321e-05
50.96177377463843,25.7013578605098,12.852617904734323,10.48415118950911,9.927060834447258e-05
53.10271594608128,21.520844625482987,14.036963824934604,11.339392501230698,8.310227042687025e-05
51.394063875536744,25.66406304504107,10.695324283401966,12.246469989838824,7.880618138669016e-05
57.28657522367846,17.658534450087977,14.520646824646555,10.534156147687435,8.735389959271555e-05
51.70890541911463,25.28162512896363,12.048643817656572,10.960723908871309,0.00010172539385718808
57.41851136355957,20.292667744528924,14.094605402667796,8.194134167017646,8.132222607602508e-05
50.13661443925776,27.78421750191105,13.505697002899467,8.57337768552648,9.337040523461818e-05
52.17549479626457,23.892058296123558,12.6706033019962,11.261772546153049,7.105946259978179e-05
47.97964036819401,25.12249219521304,13.76836367380658,13.129417437980925,8.632480542879532e-05
49.69044741860441,25.98636084559348,14.60651669923939,9.716582577541258,9.245902148145557e-05
46.52311232762856,28.86372734519009,12.905460419612025,11.707605745624154,9.416194517042279e-05
54.49449446610611,21.536234001503804,13.727855552736626,10.241324276386138,9.170326730867593e-05
52.91465834286703,23.294676907251286,13.017803498395923,10.772758743042964,0.00010250844280060433
50.256747223372535,26.368199469699903,13.326692644533933,10.048275747424006,8.491496961019164e-05
52.61138517268697,23.043450467415795,14.189969214008336,10.155099712776385,9.543311251518444e-05
51.547959676876864,26.602946283387695,11.163654348283073,10.685343016850114,9.667460225192971e-05
58.62662720284268,19.514396643295264,12.086787859992011,9.772081212565475,0.00010708130457518533
56.28411481333965,19.762629846596425,13.102192283979308,10.850967944375418,9.511170919622211e-05
56.67334522008426,20.341489111591276,13.323281669513811,9.661800970626569,8.302818410387875e-05
56.22146167606944,22.83370703299878,11.873530128266447,9.071220623782079,8.053888326297275e-05
45.43072484252898,29.258973383941612,13.527476972831238,11.782712125986992,0.0001126747111740732
53.00159106542056,22.69523702366293,14.456092708193946,9.846977496758644,0.00010170596390236904
49.01103308370939,27.651763266573447,13.851823063603632,9.485309865621181,7.07204923494602e-05
53.45065738415068,23.36230339475191,11.225374216967861,11.961578629297787,8.637483176194427e-05
46.4020150749065,27.927046696670903,12.797208078324724,12.87362999721789,0.00010015287998665421
54.49439850117924,24.339813053314668,10.716822972409428,10.448885156529991,8.031656666331974e-05
49.00153623526396,23.619420239090598,14.582725206439594,12.796224962195883,9.33570099655159e-05
57.52738596256627,17.981690236881455,11.958376322233512,12.532438406022528,0.00010907229624695432
54.345907329830446,20.953451369327766,13.53648101442166,11.164041442504482,0.00011884391564395707
47.68277501084603,27.894776066298434,14.352235279250108,10.070100569673343,0.00011307393207167565
46.05318652490723,24.165750036178128,16.631207473927727,13.149750263993374,0.00010570099353144138
53.52916412643609,23.614269769204256,11.649081532158021,11.207413947722534,7.062447911582676e-05
52.820220004418935,23.674689413152592,12.918875429732196,10.58611951699721,9.563569906954876e-05
51.42105921673876,25.523788294907984,12.952678970114023,10.10239659910303,7.691913619096553e-05
55.40698232251583,19.9630819315835,13.779247779656952,10.850596928759572,9.103748414784146e-05
54.22308886077881,23.220672561677105,13.434943536902136,9.121204499005946,9.054163599632043e-05
51.687517072402045,24.423541056112764,12.888534703229086,11.000320903774986,8.626448112782477e-05
57.511456457533605,20.574221257071247,12.700546655403064,9.21368660415538,8.902583668488198e-05
42.162386245401116,29.701415159023846,15.241871188600136,12.894217276802763,0.00011013017213595881
54.726020374014304,22.55043644724439,13.790710870277199,8.93273983396705,9.247449705743393e-05
56.4528163352082,23.01707024065635,11.308131714809234,9.22190809428828,7.361503794252119e-05
53.12528525748781,21.13827428988852,13.347809789771507,12.388532608852678,9.805399950330837e-05
55.368738524774365,24.03974993918513,12.015809825671965,8.575632082564038,6.962780449415734e-05
55.654093007914355,22.10314432620912,12.42276568483904,9.81991658910369,8.039193382494072e-05
56.81564914252414,21.626534030710427,11.625692067589485,9.93204588946556,7.886971038440648e-05
56.23612065864967,17.96174279213074,13.554300974691133,12.24775778455812,7.77899703249389e-05
52.98436649732699,24.760122809133968,13.137833457295917,9.117602014192306,7.522205082096044e-05
55.27486438993847,23.535599593280295,11.32608064046147,9.863372162153027,8.321416674214565e-05
54.05785359609535,22.834991411393947,12.604593635963035,10.502486634509028,7.472203862180635e-05
50.48542240654888,26.069595919488446,12.301378519314406,11.143515585995296,8.756865297416359e-05
52.0238021941813,23.976428053044437,15.430464907529458,8.569216871627754,8.797361703802786e-05
55.42596680324907,22.850440321499548,11.336511590163651,10.387003633583797,7.765150393156569e-05
50.52943954188673,26.07027221452495,13.91219501667494,9.487991682788428,0.00010154412494738691
48.771193991567955,25.962422958487085,14.761183217848947,10.505120032677922,7.97994180905422e-05
55.14140957282879,21.23218247575369,12.755021981402468,10.871292967486449,9.300252859052736e-05
56.01580869947481,21.91870443897028,11.75724621670414,10.308137622866411,0.00010302198435816192
58.48227983676858,23.143353295174578,10.286339431058805,8.087944307551853,8.312944619195302e-05
54.32786812603536,22.137289125063152,12.285855451518403,11.248900522405163,8.67749779226168e-05
51.732819448994015,22.868559316018423,15.268689194911047,10.129864230666554,6.780940996891026e-05
47.28669033844201,27.443998585562625,15.01528986973244,10.253922245255161,9.896100775780598e-05
53.962281362937084,22.47222934404088,11.87441853205757,11.690966762384777,0.00010399857970010837
46.731985372346465,28.903555501306265,14.90202863092367,9.46231393924666,0.0001165561769504247
54.563055028292936,24.22202655818564,10.277087499170882,10.937748880532583,8.203381796027119e-05
51.03401353848858,25.863787636878317,10.75958813818707,12.342522641872689,8.804457336060688e-05
54.040892750811956,23.422643199892565,12.965178423441701,9.571197172826325,8.845302745909326e-05
50.48740942157416,29.239582107972563,10.76208372952739,9.510846783394946,7.795753093946385e-05
46.90857016612531,27.92697259305997,13.631969419379624,11.532378456603974,0.00010936483111605985
50.94306456296764,26.613164938503665,13.140501796323253,9.303175880377951,9.282182749241244e-05
53.74742483986983,25.856272360071497,10.859292714600342,9.536927895279717,8.219017862214663e-05
50.237909538045834,21.902502593198307,16.242974910411267,11.616517231285,9.57270596015955e-05
43.825689526723544,28.478953475396956,16.05123018180123,11.644040305534851,8.651054342438788e-05
55.36947456404901,19.72327380265804,14.474920262819182,10.432252061705965,7.930876780053797e-05
54.08994757953693,22.99975836256078,14.043325031214895,8.866859840927276,0.00010918576011232911
51.43021556393232,23.66115710896847,13.945012270936866,10.963530007583076,8.504857925443038e-05
57.118359858307585,19.267607650875235,11.957602258209485,11.656343159120912,8.707348679239734e-05
52.88758560584468,22.01159414145518,15.980236389832037,9.12049529285128,8.857001682226076e-05
50.49184177613726,25.061507754126396,13.053292144937101,11.393276439526339,8.18852729024604e-05
50.20208916417557,22.67269998559631,16.388102731480277,10.737021884296047,8.623445177997988e-05
47.63013863656259,29.791471918412647,13.044735147370314,9.533567425226833,8.687242762225735e-05
54.83688121824136,21.30639028871359,13.345788571195271,10.510866558476117,7.336337366138843e-05
49.74508412304897,24.10311982038186,15.336532485260596,10.815149213653399,0.0001143576551743591
60.70219483600094,18.88103612352844,11.690376090267703,8.726311756713924,8.119348898842089e-05
51.366496880598135,24.164104690856043,14.02224023718992,10.44706145584848,9.67355074228026e-05
49.05204378995595,24.025083082353095,15.111538149225371,11.81125394603292,8.10324326522244e-05
58.75402699131227,19.96929333220653,10.955079378987307,10.321520950459838,7.934703407117908e-05
54.19860282219771,25.37481317200325,11.672470586743685,8.754038779523272,7.463953208516098e-05
41.52480747091863,26.95729300834861,17.28414834843956,14.233624763381608,0.0001264089115940952
47.09840187930112,29.417100206911527,12.230882743586907,11.253512419980035,0.00010275022039528242
56.70717587302991,24.167222828256374,10.004023075546284,9.121501784001854,7.643916556783378e-05
45.80126168205008,23.496359433085264,19.28542856480871,11.416838145105588,0.00011217495036267716
54.08715105881466,24.59157290415394,12.334182388637835,8.98699877550633,9.48728872482612e-05
46.70291377078864,28.857405067058178,11.968290126674857,12.471269068611672,0.00012196686665634114
55.25827333008807,21.863943325469915,11.789563598735846,11.088139153816643,8.059188951423091e-05
52.07380667452154,24.64997137759267,12.038315330198811,11.237818351642275,8.826604469667428e-05
45.48224939329632,24.593827789091073,19.509905157654597,10.41388883804999,0.0001288219080077246
45.71124217525758,26.541377105624758,15.620125837536945,12.127142878989895,0.00011200259080336852
53.21247751620357,24.32302001808218,12.236849302805425,10.227558388369811,9.477453900077436e-05
51.88917200895723,24.58662543680404,12.515227708652008,11.00888863130937,8.621427734469911e-05
56.708222375663055,21.587552812913497,13.837108458699014,7.867039077266524,7.727545790824325e-05
45.127779389078285,28.622823179105882,13.975530914143159,12.273750088701775,0.00011642897090488088
50.46597274734277,23.53329667290054,14.061539058788563,11.939091001604355,0.00010051936378491271
44.648286108506056,27.437430066018763,15.957359454505893,11.95682073648187,0.00010363448741807552
46.532005464001834,25.370961518728773,14.554448906716184,13.542496579941002,8.753061219153943e-05
49.681692645730585,30.729108880534977,10.849182314282094,8.739921015384445,9.514406790567694e-05
51.84510676551102,24.542238322115445,14.20813147015599,9.40441484868722,0.00010859353032646157
53.043852408392844,23.14576490984496,13.315576368839476,10.494732959018965,7.335390373983271e-05
59.92774494368609,19.81490636809253,11.334039624531025,8.92323727916993,7.178452042736795e-05
53.254990615442786,20.91545216709217,14.912073174934056,10.917404730383108,7.931214786188471e-05
53.2365154052605,23.18680690011635,12.53220951967606,11.044368260492481,9.991445461675165e-05
45.41964324039595,26.309921565542226,15.91058359806958,12.359729483436121,0.00012211255612203526
53.8523027599981,24.906463588687476,12.114028716795445,9.12711480561212,9.012890683542689e-05
49.67277644072979,23.11818273124193,14.86869843106115,12.340248641223688,9.375574344369104e-05
56.78846052534574,21.9376336809314,11.268680766647822,10.005149416672857,7.561040218429627e-05
54.56931219721631,21.602381415196987,12.904019703566014,10.92419785089955,8.883312114031959e-05
48.54680611155329,22.965684986846863,17.038113339481068,11.449303185841652,9.237627713278522e-05
60.02925296880274,15.841286676616791,12.361636188717453,11.767726113635058,9.805222797190016e-05
52.22080954889346,22.037905127058696,15.004116438111408,10.73709070668149,7.817925494141513e-05
56.50835707774707,22.889344949908576,11.672766938530138,8.92945948099842,7.155281579211e-05
53.80681485677281,20.88789250344889,12.462401207443714,12.842807169889554,8.426244503868322e-05
49.47534826544373,25.7994751326827,14.407279521951441,10.317814598438076,8.248148406695049e-05
53.98265192090715,23.273217402135536,11.626874495869439,11.117181018200414,7.516288744345036e-05
52.481567053466904,23.601034053358543,13.036176660470252,10.881127471133095,9.476157121893318e-05
51.17498746807758,22.8703201386234,14.335320539713296,11.619285617087137,8.623649859017286e-05
46.75246333456746,26.528777913966735,15.999135398729164,10.719509618537943,0.00011373419871460854
57.315162425714114,17.616504274957805,13.922755428964942,11.145499621836215,7.824852692773051e-05
54.40663346617034,24.114189475297444,13.109008124352108,8.370082808799118,8.612538097869882e-05
53.2817841298719,23.96886243327471,12.614831827666901,10.134449712869099,7.189631739890283e-05
52.595607612403306,22.69859865528941,14.182355582672667,10.523360021532458,7.812810216363729e-05
47.55492107156427,28.99539312308405,13.835728939631519,9.613872981251937,8.388446823129221e-05
57.58341090516166,18.940935875408176,13.296097307365832,10.17948642690332,6.948516100798104e-05
53.33149956926944,24.255432392571915,12.924958624907113,9.48803090108939,7.851216214262388e-05
45.83711330506128,32.05366098644548,12.327213162249388,9.781925952707574,8.659353628650525e-05
55.44741392671494,21.964311849782757,12.371235846620316,10.216961280300564,7.70965814272136e-05
52.63729076994657,21.852204353466576,12.001647528621687,13.508777277314266,8.00706509218448e-05
52.87147470129058,26.14935733509273,11.973676630332053,9.005411932766732,7.940051791718897e-05
55.12673629335472,18.263712513045487,15.479386795218053,11.130080476251443,8.392213030075535e-05
50.305096534856695,26.663524119030953,13.012725175884244,10.018545714832275,0.00010845539583036278
51.41409091842364,23.780894904606615,14.365354589604701,10.4395713368313,8.82505337432202e-05
53.383279347046994,22.7244044159444,14.433165401684594,9.45906631892129,8.451640271742516e-05
48.36009506972745,24.49384126546528,15.048828498757644,12.097140076029202,9.509002042257705e-05
53.527249668130416,23.01367691151267,12.451330001491465,11.00766695171005,7.64671554077822e-05
48.78266478546814,23.221202990420633,16.968835847905392,11.027217335087549,7.904111828980868e-05
53.44201999528118,21.321288836449146,13.954672768978496,11.281928457198202,8.99420929883909e-05
49.7171938690361,24.450529928406027,14.185587454119814,11.64659867678799,9.007165007219484e-05
55.446970782778315,22.772980132599127,11.512347027968806,10.267616480271176,8.557638256015612e-05
49.42462075421615,25.618254962750964,14.28180414288224,10.67522384324058,9.629691005549907e-05
52.9356649214218,24.9146814519154,12.171901416846822,9.977664891574598,8.731824138822506e-05
48.57496852022109,25.680874528252033,12.712401615253253,13.031647506016746,0.00010783025690331769
54.85295315435701,20.094211694784562,15.69808317423739,9.354661856792696,9.01198283373291e-05
49.70502530194679,23.76919567092749,13.322328591572525,13.203348471170775,0.00010196438241741584
58.74742879765393,20.697808395300992,10.948714829468232,9.605966624775784,8.135280104837423e-05
45.135876151503226,30.30379880901411,13.271322073376787,11.28886432924025,0.0001386368656157149
53.92768220017058,21.755525682887804,13.16640749591902,11.150306084375208,7.853664739703155e-05
61.413658558145144,19.977944843284906,10.035250920593537,8.573074643246736,7.103472968346538e-05
55.736770541278425,22.11222819386786,12.20549863165115,9.945423141848215,7.949135435198256e-05
57.06745029745451,21.94764564536919,12.358486279659655,8.626336012596807,8.176491981926951e-05
60.42242775045621,21.5560419481224,9.887371997237363,8.134067082344501,9.122183954633851e-05
56.12037300988529,19.243618404642216,12.8823197749103,11.753605813030703,8.299753147941883e-05
47.59198687610111,26.624579465897664,14.819678788078756,10.963673159630694,8.171029178376065e-05
51.845271737742,25.554351610106917,10.539282558971223,12.061012544572085,8.15486077719634e-05
47.922281536824244,28.26031816786739,12.866438594805318,10.950859523970143,0.0001021765329012542
58.195657809093426,21.137560558885422,10.914039492902502,9.752671876859178,7.026225947182888e-05
47.344642140584796,27.880436012755066,14.055967293069765,10.71885625939916,9.829419121304069e-05
53.8628550440597,22.978236172205207,12.080393016836048,11.078423734829384,9.20320696903039e-05
54.858083935251315,22.864563633349505,11.829291364603652,10.447952617808813,0.00010844898672819137
54.25011607969578,20.901390880132727,14.715978279080854,10.132429468555413,8.529253521528035e-05
50.98036458680936,23.477851316094625,16.135348491677735,9.406348562274351,8.704314392828113e-05
51.347396226017025,24.499588150528623,11.808655405796834,12.344275264096087,8.495356141539457e-05
49.269606324463936,26.388198020734304,13.080882482669248,11.261218684411473,9.448772105460023e-05
54.74091390103767,22.430013992760006,13.769186765877887,9.05980177085504,8.356946940633062e-05
50.23624774854487,29.75950124778851,11.211328649306534,8.792815886884252,0.00010646747582659813
52.29933390205803,23.67852173207338,12.897206779588934,11.124837883034038,9.970324561030929e-05
56.67180813994378,22.554315414824195,10.460937434730585,10.312856804286495,8.220621494406558e-05
50.25824240395595,23.86632261217305,15.213713161210546,10.661612773738272,0.00010904892219663445
51.575184688845724,26.243879644821316,13.668934663552623,8.511921521393582,7.948138675404808e-05
48.99114884833383,26.43875405095476,14.912483583565429,9.657524333769945,8.91833760487973e-05
57.34420486750614,17.465125034515086,14.709198074617913,10.481390080966307,8.194239455036567e-05
52.07638397464872,24.13227854048482,12.952430968279414,10.838821184452874,8.533213417274993e-05
53.95936875243491,18.87919531350028,15.625272123060308,11.536078185218622,8.562578587420941e-05
52.74735567186249,22.59874292560009,12.480845491294822,12.172959538299537,9.637294307213246e-05
52.191273327949396,24.144410896705352,15.089592879980774,8.57464386218899,7.903317548079926e-05
53.07582592683262,23.767908685801274,11.387627699287886,11.768564575297058,7.311278117166204e-05
41.94307374839133,31.811175432587202,14.125792462437067,12.119838441094343,0.00011991549005761156
50.94548538760441,23.08586118708603,14.488763578040837,11.479798070878058,9.177639067780797e-05
52.083680539309505,20.14838045360539,15.985527768909988,11.782325264949488,8.597322563416168e-05
46.03921693017888,25.048004720288517,15.869581144312642,13.043052485125417,0.00014472009453187764
58.64045687581253,18.603869088887574,12.368393337233938,10.387203344102309,7.73539636411191e-05
47.290557506038354,24.106371173307178,14.942429844999822,13.660547513008636,9.396264601421531e-05
55.86094701434769,22.129352531293765,12.343744739221643,9.665853525039234,0.00010219009768671893
53.160684761706975,23.022123770818883,13.499273178624009,10.317804578897237,0.00011370995289524694
45.78112432453812,26.170379598220023,15.369128229490558,12.679285826126721,8.202162457083409e-05
54.60091434567575,21.52576069975124,12.048973520328689,11.824262679357236,8.875488709966896e-05
49.36217930110591,25.47589018987014,13.737076533316534,11.424773416556015,8.055915139699807e-05
60.15158353767197,19.1786038147134,10.288678534096512,10.381022473899423,0.00011163961869496572
47.20160892509314,25.842584384697524,17.58114769131324,9.374545473026247,0.00011352586983514464
54.24374442525076,18.845818034332527,14.897312115051351,12.013037548444176,8.787692117378357e-05
45.44545315628895,29.01906472398219,11.984909597031814,13.55046391615028,0.00010860654675579187
51.41165895615178,24.221085891136067,11.867331950307653,12.499843293143732,7.990926074994564e-05
53.6466751330531,20.746387818997537,14.594622847716787,11.01222238871048,9.181152209070643e-05
53.46037381030405,23.885938248401818,12.863305718104415,9.79030259537071,7.962781902575511e-05
49.19622525998541,26.481141198900232,13.981017678602392,10.341532118436875,8.374407507432728e-05
51.96450448568351,24.95425941030162,13.384199965410879,9.696945459010086,9.067959391463251e-05
49.77029341949306,26.325250141386284,14.364101374135513,9.540262115764902,9.294922024767671e-05
57.549386666554526,21.61382078569229,11.50568317178136,9.33103033616749,7.903980432635232e-05
46.629893400152724,27.89734057436434,14.411577918870568,11.06108139086961,0.00010671574275478613
53.38178507983354,23.106202684563016,14.31023527278947,9.201702548183913,7.441463005199085e-05
50.48655758329061,23.07905031089835,14.33257018921844,12.101716544958432,0.00010537163417534183
48.04161973007817,26.23815307041714,13.31769369743388,12.402437420459442,9.608161138685339e-05
55.90605556512147,21.02011262416456,12.956270309621932,10.117469376217013,9.212487503996249e-05
47.93134507769029,26.488551421702123,14.15477172627643,11.425224796655616,0.00010697767554051655
50.72109695729571,23.955156279724253,15.733894587833374,9.589782904100948,6.927104573068883e-05
51.33916989244105,24.85853689487754,12.528434302415492,11.273786546104798,7.236416113445547e-05
54.833365369539436,23.381651036479507,12.922827875544977,8.862065421801066,9.029663502275909e-05
49.87038631095299,25.12656026893562,12.176399354805552,12.826563145728457,9.09195773837886e-05
51.397616763406276,24.77790808109415,13.490788319997717,10.333606193425418,8.064207643069748e-05
55.82213739937549,19.851295872447004,14.362217850695647,9.964268232588664,8.06448931993142e-05
54.822018389635666,18.78863915236686,15.620900692111986,10.768338955278615,0.00010281060687211189
56.05592829150861,21.243170414839412,12.645319796615084,10.055500630222896,8.086681400273171e-05
51.34584907063636,26.08196375242252,12.816695166313416,9.755394971779287,9.703884841557272e-05
49.77675769777798,25.34445963712846,11.613816867239334,13.264866011853055,9.978600117644674e-05
51.58631525537739,21.25887109649359,14.7830596086602,12.371665548269725,8.849119908651898e-05
49.31282181297609,23.746183767627365,14.608255401840637,12.33264272303173,9.629452417528183e-05
55.284493261273795,22.233903565997927,11.832284695323796,10.649237753420842,8.072398364911883e-05
42.64331941733628,35.25626404632934,12.575915684759002,9.524402813052694,9.803852268302608e-05
52.659255970671204,25.015504522872362,12.929402044550084,9.395753574653144,8.388725321623255e-05
49.034273633722464,23.297251998798828,13.62072216412458,14.047669200612642,8.300274149177356e-05
47.829480590958774,25.304825310441288,13.993357046682423,12.872245270335208,9.178158230985686e-05
51.61394535599927,27.208698957977656,12.186775093772866,8.990485008737199,9.558351302253592e-05
50.80209085234987,22.378173961053662,16.565513085830403,10.254139520062495,8.258070358577472e-05
54.384362531610606,22.052849478806653,13.667174978639885,9.895541541996906,7.146894595135024e-05
54.659472578833324,25.516906003522333,9.740888576945755,10.082649155186735,8.368551184525568e-05
43.56539904757987,27.217421682691985,16.970083233816464,12.246988978394565,0.00010705751712035583
55.08510932117583,23.423095445998538,11.764821714011587,9.726874498107202,9.902070685658524e-05
48.32327089132476,24.061596293135405,15.112377379690026,12.50265779549235,9.764035746140986e-05
51.00257328979569,20.50084028126763,15.07089174668876,13.425597428042725,9.725420517542828e-05
49.037326712669916,22.8862414646198,15.830145154174035,12.24616585632953,0.00012081220672470801
49.26691845095163,25.33597649468893,12.789929749290746,12.607078080495384,9.722457331437447e-05
49.21242531619715,25.032408844849673,14.626724530364681,11.128349973999473,9.133458903519326e-05
53.5096837265492,23.58593082598142,12.476784451780198,10.427521479108853,7.951658032446232e-05
55.07817965770882,20.185344075579547,13.47638470291424,11.260013078414861,7.84853825252137e-05
57.759865406146695,20.481503196242674,13.363648891314817,8.394901285632058,8.122066376380249e-05
47.67834866902957,28.388909423022398,12.847722933631381,11.084931039202536,8.79351141209169e-05
46.583803610497675,27.762374795739596,14.052481846195564,11.601224433205575,0.00011531436158108356
53.455335723115994,22.141558980744907,13.46934690878436,10.933679140738453,7.924661627737408e-05
44.93054379655375,22.986588382460692,19.452338477872065,12.630440391846864,8.895126663453059e-05
47.49854495746839,23.92018896470403,16.158276355157593,12.42289653466339,9.318800660319221e-05
54.21641250091652,22.800370217149908,12.59873238162611,10.384399834509319,8.50657981378727e-05
53.210110360587095,24.054246966783513,12.98350766634869,9.752054727076306,8.027920441307671e-05
52.851926995246835,21.60540212571012,13.127374582758664,12.415201408998682,9.488728569259045e-05
53.24204503506156,24.25251160641911,12.155863170969898,10.349491384364436,8.880318500573761e-05
52.31443442330199,22.24088272861081,13.468005973152298,11.976595216465224,8.165846966679874e-05
54.62642432920336,23.64957964991716,11.485476065929838,10.238414329538498,0.00010562541116209208
45.52510190157113,32.40464002702092,11.222897344978751,10.847272210499284,8.851592990899393e-05
59.11905700850038,18.979953581091227,12.932217664230992,8.968687727199931,8.401897744888947e-05
54.51158460022284,21.787852595818098,12.026250759702256,11.674233733253365,7.831100345241678e-05
49.90575386805239,26.14122273506414,12.922997206427336,11.029947137845621,7.905261050580357e-05
56.46305888771015,20.928905788805114,12.702606831013538,9.90534900172621,7.949074499967564e-05
56.69865448774546,22.670415760193567,10.458465826204735,10.172377620110177,8.630574607434431e-05
50.82251727077609,26.163100832618298,13.330296718589906,9.68399390378038,9.1274235345668e-05
49.02301794871036,24.47868228871638,14.401425878490087,12.096756142445477,0.00011774163768875885
51.547865126118374,23.424655789530565,15.186451924656966,9.840934530878775,9.262881531333344e-05
56.08782641643681,16.85064674247652,15.034907526019643,12.026515400606296,0.00010391446072715953
49.00053338942319,22.24171264208428,17.09919969863785,11.658470040335756,8.422951893000478e-05
53.8282744783243,23.053037401906696,12.20820902664393,10.910376560775058,0.00010253235002426292
60.17601311456651,20.458514792780353,10.007561023925746,9.357841603085804,6.946564159517651e-05
50.195245538533094,28.259245986531447,11.327844869671198,10.21757409079143,8.95144728514169e-05
55.343860225876476,23.96724431835702,9.992999050960135,10.69580223525654,9.416954982758097e-05
46.844867646743396,27.873653237583447,12.972265142173875,12.309115594440678,9.837905858828491e-05
40.40810069306803,33.731794373869334,13.970319949749943,11.889691994523005,9.298878970814379e-05
53.55526949356813,20.805905881620514,13.562217484593726,12.076511581763864,9.555845376085732e-05
57.058069169778314,20.982265372774638,10.70193433862958,11.25764824205769,8.287675979840542e-05
49.02784954309781,28.30703192217997,12.541645457925224,10.12336851019092,0.0001045666060867399
51.97846591988525,23.4321534912106,13.166871667381727,11.422418376095784,9.054542664370988e-05
52.69919138428835,20.93527688991009,14.505087883378797,11.86034240688287,0.00010143553990767986
41.518575310594024,28.498706597380824,17.22729902960085,12.755336252678942,8.280974536185946e-05
49.665140012416835,23.436874641346442,14.935207029260095,11.962699575978231,7.874099839932374e-05
50.76834288376363,26.32467830475602,12.87004054307655,10.036839857108703,9.841129510780727e-05
42.69590780494156,26.79777500936522,18.781693727968314,11.724534277522134,8.918020276263348e-05
52.93287338824446,23.89425495288956,12.761899362872601,10.410868458685814,0.00010383730755919326
49.0839829656031,28.104355960854267,13.103074386278177,9.70849997471039,8.671255406816767e-05
49.7409443434731,31.283913203419694,10.975944266341687,7.999118523507804,7.966325771154381e-05
52.92179132237504,24.559030698017455,12.85860111220101,9.660469587638605,0.0001072797678854121
52.93329791730087,23.21096586715175,14.411828241288752,9.443818882640935,8.909161771125502e-05
57.1244897730637,23.49277663574908,10.428962822605893,8.953697114653991,7.365392733113925e-05
49.94330772684224,23.671415391699288,15.018285934492795,11.366889986748669,0.0001009602170066896
52.73928900263907,23.71683958808174,10.985174325963259,12.558615718200544,8.136511539815146e-05
46.90606686365654,25.992120110845573,14.448495338215809,12.653215716059291,0.00010197122278838494
49.867019957455696,26.097560428403416,12.108175406731123,11.927170196463418,7.401094635418386e-05
55.238624653566134,20.308774119839814,12.355363971099893,12.097162408673942,7.484682023262213e-05
54.522760095008294,22.419001299450702,13.10901085905894,9.949139249708724,8.849677332236369e-05
52.19337566686795,26.52332645783823,10.660488103288126,10.622709688124026,0.00010008388167202014
51.64498988329992,24.61031474329617,13.54131899169284,10.203290025709427,8.63560016406888e-05
57.71910587859841,21.29174926193769,10.939976938413357,10.049083066226776,8.485482376284084e-05
56.81975126097678,21.429715359677402,11.687190462626546,10.063257060447214,8.585627203080492e-05
49.364899450358806,28.186696398763406,13.321957758837508,9.126346357408035,0.00010003463224694624
51.75211554747291,24.218314517980744,13.856181004683869,10.173293111497363,9.581836510934354e-05
54.89668039315738,22.396324140953876,13.853636258322563,8.853274666482811,8.454108335808242e-05
53.68140288338744,21.136553651266837,14.708191103307708,10.47377609673888,7.626529911801386e-05
57.312247353424326,19.958628989847035,12.579899772923131,10.149140512624479,8.337118102162984e-05
52.88559778370123,25.02956343729292,12.083338382839678,10.001411842553827,8.855361234961586e-05
54.89336881408319,21.878728670277788,13.607418604909357,9.62039590831013,8.800241954962677e-05
50.31132212636342,27.130060181654116,11.839421225622306,10.719109914798409,8.655156172844085e-05
51.27907298967778,27.088474251321866,13.465221351470985,8.167136782612998,9.462491638381366e-05
59.17894004725396,18.014405070694703,11.527636246476906,11.278931199125358,8.743644907288186e-05
60.613882044217085,18.658650280079105,10.54489722431061,10.182488844384215,8.160700901141662e-05
56.67232337146446,19.006101225284848,13.454600419840654,10.866878662271587,9.632113845562673e-05
51.463822135299054,26.489586324861918,13.494475588068283,8.552041686905069,7.426486570060398e-05
52.92987747614206,24.52534030535185,12.0258577620349,10.518840571933694,8.388453750306388e-05
51.78619497112547,21.639099522182214,16.18039012808066,10.394231550303552,8.38283081117889e-05
47.17349011577722,26.85111101770035,13.138949192334948,12.836349267996964,0.00010040619052267086
54.36402745017792,22.671894788736832,11.290709694808704,11.67328582651378,8.223976278616569e-05
49.47786996942129,29.248998301593087,11.459848362614757,9.813208519329656,7.484704121188475e-05
56.1902749132344,22.20211605314903,13.171411075691248,8.43612338256261,7.457536270018138e-05
43.306410613112725,27.456102607726653,16.781743205902806,12.455645400583307,9.817267450473339e-05
57.78294018915573,20.673516609100346,11.529350303417013,10.01412537341182,6.752491511077813e-05
48.85497094513777,23.29267954961486,15.104228543151644,12.748037856209695,8.310588604057138e-05
51.16190201593046,25.860434952803462,12.314762974908463,10.662802653038698,9.740331893810637e-05
52.47913725132156,22.2012570454164,14.109291132168433,11.210210737933409,0.00010383316020590294
49.8041710416252,22.115787806331813,15.55365950030819,12.526292938794786,8.871293999836106e-05
55.476740873944884,21.537070566860557,12.93893121767184,10.0471896301443,6.771137842689987e-05
52.373075686193445,19.255197721172188,17.932633484351,10.438986135342638,0.00010697294070425396
52.29161248718399,25.33749818505406,12.78944769050141,9.581370965753887,7.067150664547744e-05
49.09232859901821,25.056723668554127,13.54316064571878,12.307689077002156,9.800970673714528e-05
50.531588238332745,22.465893239514134,14.501529486530904,12.50087637096147,0.00011266466074258294
53.4546035128959,25.024845513927392,13.38559709171079,8.134859469164248,9.441230165938588e-05
56.66244953785128,19.518939923071432,13.837764511433443,9.980761051201299,8.497644255760713e-05
51.28408899038327,29.648142539752982,9.808445449197585,9.25921376943679,0.00010925122937906838
53.72300070052049,24.457669977546203,11.016197352950979,10.803043237277405,8.873170492546903e-05
50.23270298625161,23.35516068225821,15.047709686792041,11.364344104986209,8.253971194159684e-05
51.85833869665931,25.776641797459295,12.18767404534331,10.177274004465719,7.145607236906743e-05
49.95575189340991,25.51994527483523,13.609541901414623,10.91466957291126,9.135742895699726e-05
52.00492215058017,23.371901284761787,14.80903103066232,9.814061730862662,8.380313305102618e-05
57.046266648584464,22.42588047629942,11.31866216923116,9.209091650183982,9.905570096625696e-05
50.10429749397112,23.067856893624878,13.025882345679404,13.801871313746805,9.195297779560634e-05
53.54444628926488,22.047225180226484,14.128937272642755,10.279286095781174,0.00010516208472800237
52.7608551712178,22.997378650910022,14.5761663594804,9.665510445673018,8.937271875318253e-05
50.748889177959065,24.979560750418422,14.279535639986838,9.991923928506763,9.050312891220068e-05
50.2505148865519,25.832935101192266,12.1038780517079,11.812591846211642,8.01143362713026e-05
44.93696663443008,27.59639134230318,16.023659231152468,11.442883601976366,9.919013790986437e-05
51.988953769519476,24.360433345667538,12.463686446091836,11.186829771479829,9.666724132728329e-05
48.31780268839964,27.10200904848701,14.792887168258323,9.78718094166149,0.00012015319352958389
49.581297416034054,27.108939479228745,13.510273638802603,9.799397215320088,9.225061450574358e-05
54.114054727742065,26.05544126278847,11.416721212260136,8.413682934036123,9.986317319243705e-05
50.836237166145295,24.32214217900979,13.470447061331628,11.37107636057571,9.723293758359931e-05
53.25744842583716,23.519613061174738,13.847428355880128,9.375417092846392,9.306426158213551e-05
46.54682817250356,24.771332216989393,14.796499665200272,13.88522457254499,0.00011537276178257792
51.633092318163584,23.895527898781936,13.703120684662744,10.768167017423618,9.208096811974825e-05
56.02191091410431,20.72297766558067,14.40562590966207,8.849388250167076,9.726048587239589e-05
56.16865613103948,20.15104121649907,14.263501799092094,9.416718189319436,8.266404991171442e-05
49.888045298485046,26.609476427703676,13.708788182381154,9.793604880088552,8.521134156189241e-05
52.322668660956026,24.616087302418258,12.053268282211338,11.00788330365617,9.245075822437362e-05
48.22435765246421,28.746092971524245,14.102562062532941,8.926892023867923,9.528961067543007e-05
52.97243163910329,20.201123435146656,15.495501764187836,11.330860497744943,8.266381727388801e-05
49.812086006830185,25.841734818077022,12.047599051868808,12.298509775395852,7.034782813859109e-05
52.286448829586575,22.799299797202625,13.785415158459987,11.128728631491306,0.00010758325949958857
51.301036260749854,21.31368775688096,14.250105068487793,13.135076731533152,9.418234822986793e-05
56.56995668543083,21.854321121689306,12.555119171319234,9.020535766384642,6.725517599307984e-05
54.424210662557705,21.24091673361509,12.550249732837415,11.784535869013808,8.700197597412586e-05
56.51096664472909,20.95750961818347,11.627252012612821,10.90419560797133,7.611650330342296e-05
54.99999960710629,23.64505078994486,12.075560079452092,9.279311190240518,7.83332562504527e-05
53.132259478413246,27.635811922630072,10.334585560977017,8.897240011323708,0.00010302665594525998
52.53677285952981,21.841507846421507,13.731409522732488,11.890209903029364,9.98682868079414e-05
52.1131949372805,22.488196435870073,14.844704044706326,10.553815842593513,8.873954960256595e-05
51.779784902870375,23.684993726089747,12.000356634949178,12.534785742293767,7.899379693401595e-05
51.33272665154644,23.620133269160938,14.08462233808966,10.96243073463326,8.700656970871827e-05
52.921433080348294,24.194978290945485,12.273797181796953,10.609692788806127,9.865810314406587e-05
47.98783160024296,27.3464435126835,13.842457485616515,10.823169447771138,9.795368589596791e-05
49.36586245902288,26.049181980904017,13.593576961679002,10.991291961363043,8.663703105138495e-05
55.48505122237516,22.931097289397627,11.112027800422856,10.471738544541754,8.514326259571586e-05
47.93303809273223,29.186775565717525,12.448996893739112,10.431087477248436,0.0001019705626846456
58.366544261562424,19.627306660898068,12.24746502358381,9.758615365053293,6.868890241855429e-05
56.006409393384125,18.949739067269462,14.323093022220156,10.720657126609916,0.00010139051633722218
55.429798869175485,22.179881811957056,12.028014942897777,10.362219419159326,8.495681035184313e-05
52.94283565534265,21.22318397212454,14.41212078533658,11.421746398822492,0.00011318837374215837
51.18563532872202,21.806810131677263,16.102644015163133,10.904799859540741,0.00011066489682630754
53.54134925549333,24.746648599362473,12.240188085172298,9.471738086519691,7.597345220109655e-05
58.76467366434618,21.558405832796968,11.43235398073214,8.244481785183094,8.47369416198749e-05
52.81827349818749,23.311492047662625,13.723302843427954,10.146852312230147,7.929849178570423e-05
53.18483263598809,24.757752905021707,12.221084651834376,9.836243996349648,8.581080619456741e-05
52.38795475289309,24.235185679725202,12.303487577395162,11.073287573151916,8.441683464108307e-05
55.33359587674531,21.961108184288758,14.218139673534507,8.48707529939138,8.096604005028654e-05
51.73417730767258,21.638711299238018,13.117923220735323,13.509085034766363,0.00010313758770918027
53.597339878274795,20.355656909971714,13.620231361912873,12.426674935776733,9.691406387698594e-05
48.53946556572918,21.410872267040883,17.031598718794683,13.017972085315243,9.136312002731514e-05
56.1732363096441,20.736338923997238,12.898175434154549,10.192157722961163,9.160924293610661e-05
57.94874606533417,21.27294908080086,11.229846189093044,9.5483850066641,7.36581078233615e-05
45.65816977837625,25.101505967564304,16.38907368429738,12.851141305086603,0.00010926467545347248
52.365588379398055,24.172582866755633,14.603704709333742,8.858024411652528,9.963286003540717e-05
50.67739814047503,26.908726627321418,13.104594048552883,9.309197616356341,8.356729432626538e-05
52.518577041336826,21.460621796139684,14.00603032361614,12.014686244961654,8.459394571252432e-05
50.1022017233,25.05622027516775,15.274236235271607,9.567231142930876,0.00011062332976873004
50.69852659617502,24.868153442753673,13.844729849642878,10.588510731731352,7.937969706353775e-05
57.489205874594276,20.813315527982734,13.441908275336663,8.255471178802813,9.914328350450017e-05
56.946451382231956,23.324986408118814,10.59064521767644,9.13781366475658,0.0001033272162107434
53.928028132100245,22.404077946705655,12.469220890992409,11.19857474551431,9.828468736808097e-05
55.38245633470289,21.6547325042373,13.860135509459834,9.10260335754755,7.229405243571907e-05
51.19759869014396,23.39518431487444,13.37031729964139,12.036835301087702,6.439425251059081e-05
48.41923306921901,23.48394140425732,13.112981099981127,14.983751811414752,9.261512778401013e-05
57.64980190215658,18.497539550871096,12.861315694012221,10.991261358219182,8.14947409127619e-05
51.01588193762802,21.976935404122777,16.51583804267071,10.491234194594695,0.00011042098379938332
46.01178256380108,26.035936260246125,16.257526717587904,11.694649852835175,0.00010460552973835287
44.03055488271435,28.670394481692522,14.811506077476766,12.487453911387332,9.064672901033344e-05
58.62119530655794,19.660475807313553,12.453694962129621,9.264547664322771,8.625967610167466e-05
54.03821259832608,23.23099325295135,11.410813189005422,11.319887964582712,9.299513443539221e-05
51.10513834914251,24.737409093350696,13.506322892838075,10.651029053561714,0.00010061110699738609
51.05080650893349,25.992048285585255,13.606307461420714,9.350745071610419,9.267245013565192e-05
57.080770677225864,19.94308087700592,12.64490980071738,10.33115892860765,7.971644317175711e-05
52.7992566551947,24.148277754741926,13.441686415925586,9.610688691841606,9.048229618439411e-05
57.197173186635574,21.946187597614948,11.379702939157722,9.476840910239197,9.536635255374312e-05
56.47566102899745,22.288079578895033,12.194313635212648,9.041868146181297,7.761071358526438e-05
49.14754705921824,26.048077990949896,13.115371476160172,11.6888949414304,0.00010853224129348245
55.950737188039646,17.921189095241374,15.015683928823867,11.112307750755729,8.203713938517567e-05
51.40234569145109,26.44696710050949,12.906291144435885,9.244318159699768,7.790390377718574e-05
51.3441431031891,23.209563531143452,13.32306843610532,12.123124564462616,0.0001003650994843135
53.98037540131434,22.618891933288243,13.26016909681425,10.140494450733826,6.911784933566138e-05
49.36250260031612,26.51832349621434,13.469790907145526,10.649302145654142,8.085066985581772e-05
53.5900184456907,22.63143307032417,12.706360344833948,11.072102700998592,8.543815256248179e-05
49.990763039318004,25.77624858823151,13.609285321848944,10.623607246348602,9.580425294134031e-05
51.27276969814777,23.808320016724334,13.497402071344514,11.421417003019968,9.1210763410305e-05
58.41152460960933,17.545788253013754,13.589066663664873,10.453530142383487,9.033132855179508e-05
40.71139646865093,33.9128231843554,12.949283506263768,12.42638269060318,0.00011415012670755888
53.79393954275026,24.24158059545991,12.134406708038647,9.829985635514674,8.751823651992199e-05
52.58669621733784,23.144043908111097,12.276512035333532,11.99265682812031,9.101109723136868e-05
51.99727072069605,20.306309308819838,16.15803931124013,11.538286962800745,9.369644321279094e-05
55.34028871503279,23.405651551572817,10.696531869024724,10.557454798828811,7.306554085619656e-05
49.290296010910886,27.728197501694453,12.080117946801602,10.90129117504697,9.736554608890404e-05
51.623222701584545,23.234002996576958,13.763986011986374,11.378696368651813,9.19212003101696e-05
55.406855950657395,21.175651536738975,12.426968716710885,10.99045175061605,7.204527669215876e-05
52.318515521282706,27.154995930008496,12.06621508229082,8.460187942166153,8.552425181601893e-05
45.817837890106674,29.24382986763108,13.853647714741147,11.084591959288804,9.25682323023337e-05
49.064871353116345,25.624942178144554,15.133489771644356,10.176608214988311,8.848210642439759e-05
51.440213142645256,26.280517117609985,12.355571774682547,9.923617564524712,8.040053749532952e-05
51.58409847073371,23.316748734680527,14.73889839546543,10.360165055316116,8.934380420153798e-05
41.59511710863278,30.395697137235665,16.97857262569271,11.030512754639602,0.00010037379924900949
53.90872751242836,24.014964592348328,13.359889061535435,8.716327826813375,9.10068744990204e-05
54.745028424372,21.944790028768924,12.754583784595667,10.555505928523418,9.1833739991993e-05
52.82117750676301,19.942901308306013,15.254275849162585,11.981560383116154,8.49526522509086e-05
50.16983969486045,23.668238466523654,15.418699680730686,10.743129928256542,9.222962869538522e-05
51.327566922244664,20.985650031191007,16.6079630660746,11.078707566875114,0.00011241361461055633
52.661173964433715,21.760293025428908,13.936546804162056,11.641889684861466,9.652111383518931e-05
54.031301142841805,21.96659962300141,12.329794448842112,11.672200234914001,0.00010455040066730057
55.240605505484254,23.441305015166623,11.784289596087925,9.533734267082702,6.56161785005775e-05
56.031099130062344,18.924296279433655,14.944648182189542,10.099852506829462,0.00010390148499105625
55.13157892508461,23.502450326851978,12.09331818778201,9.272588155333809,6.440494758352989e-05
54.16524099470852,23.084206450880963,11.718593780644431,11.031882581658953,7.619210714740457e-05
46.42135766472995,30.269402569731284,11.344096447179357,11.965059336712226,8.398164717292242e-05
50.977938085930695,24.385071445066558,13.470337085531478,11.166574927392501,7.84560787674391e-05
51.144350905940414,25.128569550608454,11.899479524428827,11.827515467647158,8.455137515398475e-05
50.45526099881182,23.78739760969989,14.571841274158922,11.185399097970107,0.00010101935924208874
54.42868578836018,21.985287575177896,13.07695979266822,10.508988346845753,7.849694793999862e-05
54.11219777732895,23.238324758168126,12.312112460804043,10.337267394839737,9.760885915026384e-05
49.461330014026004,28.520472834392663,11.876265672718283,10.14185874054471,7.273831834101012e-05
49.598955585069874,23.776287071919956,15.705581187288455,10.919084650322306,9.150539941143504e-05
54.527205508146224,22.58154104909787,12.36746818698056,10.523720921604466,6.433417087596375e-05
55.56906053453486,23.34521389124972,11.654584167038804,9.431060893032111,8.051414449491614e-05
54.172800876089546,21.449804588112016,13.396028802208587,10.981282351009643,8.33825802198606e-05
51.936383632492614,23.56637746320371,14.015818726470556,10.481316486848046,0.00010369098509272498
51.15102885622084,22.382641908998348,14.075058701996154,12.391177555343551,9.297744110466271e-05
52.878757710625365,25.441004588369704,12.295295353064748,9.384871732487207,7.061545295390802e-05
48.84753417033028,28.697286512226633,13.058873803946916,9.396213254217633,9.22592785371981e-05
50.47653468213681,23.953973776727864,14.320482810820739,11.248931642651005,7.708766357634233e-05
51.28257445677173,26.855061196738678,11.516070160013783,10.346206812249278,8.737422655447645e-05
48.08182041301545,31.28609455494104,10.572145115444147,10.059845264353216,9.465224615673847e-05
51.507772773529496,20.847097560781286,16.54312498713334,11.101904174149833,0.00010050440604731925
46.68562746543254,25.838129643142288,15.252983879276593,12.22315655915993,0.00010245298864929383
51.44705394914168,22.236483051128122,14.81530172940527,11.50107596879635,8.530152857352455e-05
45.79077586214644,25.05639517931867,17.863436002454225,11.28928943146225,0.00010352461842075579
48.890889130682616,28.40320965399029,13.51742076844287,9.188372313613328,0.00010813327091068905
43.64173656167217,27.33964509541311,16.189179527140176,12.829341768635436,9.704713912123666e-05
52.947380615043215,22.855253687840264,11.515336205363159,12.68194507443635,8.441731702471852e-05
53.018779908750545,24.84947479784442,11.28750561598674,10.844160280667639,7.939675066067375e-05
51.92571650775146,23.227605338260958,14.02798395176352,10.818587177388874,0.00010702483519149609
56.54172435934544,19.260175696145886,13.27660095533787,10.921426710837085,7.227833373952636e-05
56.37833710769059,21.905758801119653,11.04331948111942,10.672512057696522,7.255237382416754e-05
53.183916253481854,22.00197134818484,14.581392843152338,10.232637766812907,8.178836806061906e-05
54.808319830433796,24.263181297739507,12.210165472860023,8.7182347308843,9.866808237115964e-05
49.24739469331923,25.960080574049492,13.894160632101205,10.89823348118465,0.00013061934543139993
54.38641279084847,22.366451005814174,13.839959094133093,9.40708928737703,8.782182723758415e-05
53.34326778410786,25.554443322033144,13.352344936581442,7.749862301972846,8.165530470483743e-05
56.48318335682393,22.218461921456083,11.186953357675918,10.111322547968888,7.88160751894399e-05
55.082607498505695,20.975533868127847,14.40310117441394,9.538677364778094,8.009417443530216e-05
56.095664033121416,20.560477078559497,12.787014434706911,10.556752525160759,9.192845142452541e-05
55.06752300844624,24.82046360304033,10.897094541967864,9.214835798185337,8.304836022134096e-05
50.02883955130175,24.444041750058222,14.66859571020939,10.858427830275053,9.515815558183287e-05
54.47286236788992,25.02810848289846,10.54691873400068,9.952000564828612,0.00010985038232786704
48.354102468191684,27.930255939382008,12.242469441829511,11.473050554043258,0.00012159655353909567
57.55170590241092,18.072299675561133,14.21916828499409,10.156754924316234,7.121271762315039e-05
53.473717628902705,26.27868299055054,10.907922051431736,9.339587630555055,8.969855995772965e-05
53.80753197166217,25.696146736945284,11.114169811793275,9.382056121839584,9.535775968673744e-05
55.931115305333826,20.834032972933603,13.889858430406358,9.344922577270514,7.071405570019734e-05
47.86702958658603,23.9251744412739,15.929720761755442,12.277967472865688,0.0001077375189336791
52.631871236805374,24.1718322054756,12.694458525569392,10.501753434118744,8.459803089692759e-05
46.215625546403274,27.38693448353421,14.378972701680395,12.01837780057524,8.946780687136944e-05
47.44569499267794,25.160289536149662,14.975761790661887,12.418177535788727,7.614472179163735e-05
48.35188554242224,25.760072571906846,12.505827434107083,13.382115480264956,9.897129888719532e-05
53.801277082816355,23.152816376229385,12.025125015606164,11.02069728285888,8.424248921106979e-05
51.01722520140195,23.262472563695,15.487780996293013,10.232432400022361,8.883858768618892e-05
51.322354319313824,24.360422766003918,12.58596252342504,11.731173121022659,8.727023455592497e-05
53.979166221240895,21.53669512329031,13.137728474470345,11.346326781544226,8.339945421169251e-05
54.64881406774352,23.848657120589934,10.472377261384716,11.030075102745837,7.644753597980841e-05
53.61420047227603,23.999635983493206,12.90553239109538,9.480558126726203,7.30264091693795e-05
55.48955550379243,23.683378192937035,11.078638783974382,9.748346315820063,8.120347609474435e-05
55.452297494950955,20.14873042175547,13.384602733831594,11.01429250648679,7.684297519426877e-05
51.88351000056098,26.0646763915151,12.60263744217451,9.449074762773243,0.0001014029761550132
51.81339545450496,24.831354524649598,15.418285606067148,7.936865897291972,9.851748632388346e-05
52.08027525595672,25.88528924298003,10.097491647504905,11.936874399770828,6.945378752041437e-05
50.8650123290075,24.64443731651611,13.472127827244796,11.01832211333033,0.00010041390126803992
54.95835485183147,21.420690681547732,14.415426483644184,9.205445672105794,8.231087084655287e-05
53.808138797759206,25.83223222215802,9.443281306535917,10.916242793427953,0.00010488011889350086
51.273359898840255,26.67317461342827,10.52055767358652,11.532825449545028,8.236459992067734e-05
54.92739626160624,18.955693069577762,14.602171525435784,11.514645113191586,9.40301886342916e-05
53.12942594957515,23.370941140245506,12.634195910696008,10.865365185930816,7.181355252158336e-05
50.90920880246189,24.87527329756273,13.461909515587111,10.753506976112693,0.00010140827555780733
51.96444060801028,26.980270293165642,11.653236265071085,9.4019630229205,8.98108324863035e-05
55.82500139912799,22.42756887561911,12.492597762944998,9.254744717775095,8.724453280375917e-05
54.85542060438483,17.0027439582288,15.258603036451992,12.883153595916488,7.880501788857378e-05
49.74109305383926,24.994900851481706,13.970677851249281,11.293227498877814,0.00010074455193857504
50.83073727272206,24.089507545182503,14.626217417415935,10.453446998834993,9.076584450104077e-05
44.484236502651456,23.72475885872159,20.667846342728414,11.12303407382358,0.0001242220749518405
44.29214882080396,27.49689391155558,14.961739810009671,13.249115415487465,0.0001020421433228234
49.54272959916472,26.51511097260693,13.082184654468886,10.859874630987361,0.0001001427720984396
52.83980513488448,20.820041976446625,15.879341323997117,10.46071648258532,9.508208645473991e-05
59.78494937632563,20.24058416417293,11.06131383149981,8.913084248532543,6.837946910758659e-05
47.16139591533143,28.85153597185558,13.40082632869904,10.586152087596108,8.969651782390343e-05
52.95799461118818,23.266907999903623,13.06626173019421,10.708756343701536,7.931501246360829e-05
49.59851682776233,25.27636863071383,15.694873937017636,9.430152678008048,8.792649814498824e-05
49.316463157338895,27.59887248461826,13.014683477251687,10.069891691766477,8.918902468273859e-05
52.58502580693853,24.618076685805903,12.542854869728021,10.253947064778936,9.55727486078711e-05
49.16254635645976,23.492107261552704,13.68071419523394,13.664523485159375,0.00010870159420692158
55.6739967682798,20.51444885709986,13.600980453654996,10.21048903851247,8.48824528817143e-05
55.19021284543126,20.051512376612028,12.609313745510251,12.14889684995526,6.418249118661634e-05
52.370238725255604,22.6418281794685,13.104254623262564,11.883574704770458,0.00010376724287433514
55.57540118527007,21.668791765005615,13.299856634981957,9.455858708638116,9.170610422808397e-05
49.975080806212006,26.36735425154534,13.472534005412562,10.184922993783594,0.00010794304652120658
50.58044984866085,26.328833036154226,12.464711394522556,10.625920960945411,8.475971697559922e-05
46.83545665274727,26.88288536536842,14.078219084627483,12.203341658422623,9.723883421599966e-05
47.44710782229706,25.83990539792536,14.153563875883494,12.559309596966845,0.00011330692722570278
45.86483828161953,25.89570914132381,15.904252256990606,12.335086254467802,0.0001140655982598981
49.88443528563312,25.85090288202784,14.800824733909923,9.463741057211147,9.604121796144861e-05
56.01753120501816,21.657022596678445,12.28299357827655,10.042369981218599,8.26388082401557e-05
51.323972164254116,22.267921286038998,14.827660030946433,11.580361688767626,8.482999282312776e-05
52.21894212479173,26.84099966930148,10.867712343729133,10.072259637465816,8.622471183551589e-05
53.122447800617046,22.732690244903907,12.909103478210163,11.23567501327653,8.346299235649279e-05
47.63731574183175,27.328873044713486,13.397631922008143,11.63608478950953,9.450193709316677e-05
50.43368432367461,26.078978283274974,12.580387212534081,10.906820033465664,0.00013014705067762908
47.511152319690794,30.854820678170142,10.548311962098683,11.08561816422963,9.687581074538846e-05
45.84034660150184,25.593600081844624,15.444423798436945,13.12153166601904,9.785219753510569e-05
55.46101114778151,22.46243840918078,11.875468142517075,10.201005883583573,7.641693705019663e-05
49.94359744087623,26.554090414600388,11.717366446823897,11.784855121012521,9.057668696041292e-05
56.439722383608256,19.989318954137627,12.673072296669075,10.897820222568095,6.614301694471929e-05
54.68138054265557,24.778208957037496,11.23263447801557,9.307683172730663,9.284956069405037e-05
53.25158811441093,24.79740011497722,14.699332495045104,7.251582347935533,9.692763120356774e-05
48.630863544207216,23.987194171664143,14.822258794441318,12.559563173725117,0.0001203159622078692
52.86211958006116,23.773827279044998,11.07435155208453,12.289613330458378,8.825835092768345e-05
55.951889446238454,21.42893499507339,13.656503505716202,8.962561809444335,0.000110243527616447
49.26045251352661,22.51580906349774,16.460063878773965,11.763573613713087,0.00010093048858357503
44.99184566839131,30.123007287937103,15.039197182386522,9.845852426174758,9.743511029042869e-05
54.00905903845573,23.372603188440195,13.96663506183813,8.651624913755688,7.779751025604427e-05
51.378218324166504,26.423277354478607,12.407712422245327,9.790700634276094,9.126483346496008e-05
56.26322862032186,24.621120233721346,9.63721164627214,9.47834311298415,9.638670049498771e-05
55.33877560755137,22.936090794000087,13.619211652974325,8.105831856252054,9.008922214840855e-05
49.25330975766817,27.306034083899345,12.501762298345382,10.938825535996067,6.832409104017851e-05
47.1744595521926,25.752834889481896,15.04474544590117,12.02786112731565,9.898510868022377e-05
50.648400856347905,24.73517311314049,14.157927877778018,10.458412823462936,8.532927065349279e-05
54.74411573626852,24.5061185192054,11.502687579127812,9.246981944910226,9.622048804701488e-05
52.29832529522657,20.848147411273086,18.003710630346237,8.849726786931107,8.987622300047925e-05
48.89915264251888,28.26179516300462,10.855509129519698,11.983468622454083,7.444250272081366e-05
49.448146292950184,26.59194806745177,12.160958463391982,11.798858486372485,8.868983356978418e-05
59.43266767703626,18.932606478769873,11.32039548930486,10.314256315515724,7.403937329936989e-05
55.579939723727925,19.968601452894813,12.09586623513819,12.355501814176655,9.077406242846692e-05
49.71143324279927,26.79356899012668,13.224242612557099,10.270662450061272,9.270445568810818e-05
52.21510613328913,22.224842461697612,13.333284753311927,12.226668167225451,9.848447585964108e-05
54.36967350488323,22.20205616331911,14.237977480505734,9.1901965643104,9.628698152228781e-05
51.96989530804566,23.545643165310075,14.614396990539882,9.869971204638212,9.333146618615304e-05
50.103454564083094,26.239412270135638,13.766980703605,9.890076323110938,7.613906531685289e-05
55.34680703226118,23.069781302343312,11.97172581398878,9.611615297653922,7.055375278495865e-05
51.56530156507224,23.331984336766105,13.387823245983766,11.71480231121555,8.854096234221526e-05
48.7423460006521,24.66311714245345,15.847699948559136,10.74674540267373,9.150566157708138e-05
57.03603724113415,21.330779609899942,11.488712749624238,10.144393899055245,7.650028641562358e-05
55.171888122411836,24.101129276355316,10.138282604244122,10.588630085807042,6.991118168826224e-05
50.7970140190711,22.791054388772665,14.28140659015969,12.130449395597784,7.560639876031544e-05
55.009021489265066,23.56755973067878,11.134435378483687,10.28890914079473,7.426077771642072e-05
52.71495910667571,23.26086325774779,12.441681784870342,11.582400094776412,9.575592973884419e-05
46.27516911743299,30.168162646873174,13.230776084990522,10.325789896495904,0.00010225420742379903
49.038211007130386,23.152178862271917,15.711973874092624,12.097526194584,0.00011006192108007753
59.277925708788004,22.00438186211566,10.16545779272511,8.552139282254197,9.535411703157071e-05
41.504174212219304,29.805386448801556,16.58765365730824,12.102673277700156,0.00011240397076038344
49.89972040976771,24.79151169661709,14.020957614033636,11.287714392998046,9.588658352110642e-05
52.99633069825429,22.77649854385564,12.686865212588708,11.540218353593302,8.719170805280446e-05
47.95154504034758,24.034230519842545,15.836861013919155,12.177252888755358,0.00011053713536193722
53.18318503771131,25.13020633409732,12.418188789757997,9.268350838596454,6.899983691369543e-05
53.46834933113295,25.57560309947228,11.358446129584479,9.597528461499753,7.297831054764555e-05
53.73460578152901,22.507874785113806,13.558678824583566,10.198738088295233,0.00010252047838185293
50.51061488090751,26.801080701592316,13.05545359910435,9.632758686881775,9.213151403255966e-05
47.45742409343677,26.26085102143846,14.620994953145832,11.660639586659327,9.034531962389078e-05
46.79080453583405,30.076091393112392,13.013200110153495,10.11981390962217,9.005127790491244e-05
48.8131328483199,29.90532494374778,12.327979924427774,8.953493166400351,6.911710420676005e-05
52.99339303205739,26.141469854650758,12.102175315431774,8.76288528789199,7.65099680809823e-05
50.23001203395475,21.135560167435347,16.262551045680866,12.371786731879645,9.002104940374588e-05
52.2815994581275,24.81433451161964,12.32446161730089,10.579508553600803,9.585935116280191e-05
50.5102004381629,24.155467198740382,13.805131185087479,11.529105421021727,9.575698751943742e-05
57.20870045257202,17.868304527716063,13.368716630787345,11.554212746891453,6.564203311407479e-05
49.6837795804185,26.10864137478388,13.738889244328792,10.468581048394778,0.00010875207403855108
51.13914468940938,20.40098915442391,15.03079892242505,13.428960102551734,0.00010713118992986037
56.45284486677154,18.904489174626065,12.589177262412285,12.053408865929738,7.983026036937326e-05
52.31712406208803,26.916906293009657,10.95585266950031,9.810025782173248,9.119322874346774e-05
51.15343508399099,25.594509164594726,14.673846767305182,8.57812132985254,8.76542565758223e-05
52.192852690339606,23.28200700652324,13.746414169462614,10.778643633770594,8.249990392570304e-05
53.65045089334352,22.739614931659645,11.782485322212487,11.827364623808355,8.422897601400114e-05
54.10290562363301,19.618265161746532,14.908254520503963,11.37049752838543,7.716573105658533e-05
55.11068112754054,21.227085142899828,13.437664841296101,10.224461999681887,0.00010688858162924261
47.40575358107327,26.23580554457773,12.883147104843818,13.475190921473354,0.00010284803182512926
53.04075424533995,20.845972527236178,12.5476496086763,13.565521717720952,0.00010190102662872955
51.68953144660768,22.706401269992124,14.685778029681071,10.918182819978407,0.00010643374072269798
58.66063756045986,18.241080537739027,12.489653376223291,10.608531675885704,9.684969211822298e-05
50.61810076199017,26.048606082736665,12.729802784591765,10.60339787903215,9.249164925216136e-05
51.33337101878931,25.945668048028175,12.53574330509565,10.185126921565457,9.070652138724383e-05
49.69187196897024,27.14001374650706,11.63409982050091,11.53392120920738,9.325481440990547e-05
51.21925879570182,25.271237423413258,14.019463173350848,9.489929374066843,0.00011123346724022323
48.87995871974224,27.54876292077915,14.225898692786771,9.345257063801617,0.00012260289022505578
51.70572665029669,21.562521772700865,14.435516509061872,12.296086733725453,0.00014833421512083626
53.48123269441971,23.48766209773902,13.149023166600154,9.881983679340296,9.836190081981368e-05
50.93942050573317,25.78457466117842,11.768067208745817,11.507830347322281,0.00010727702030787738
53.21606312072076,25.935335430130955,11.365987129770918,9.482516214344352,9.810503300856601e-05
45.1785641187684,28.818994349914878,13.181045285182444,12.821297824555907,9.842157836806167e-05
46.56628503341266,23.692750762769634,15.490443916201233,14.250415511584144,0.00010477603232841867
49.119236293456105,25.277978609897367,15.002456920626738,10.600234766975422,9.340904438462941e-05
54.751021997996006,22.112220296952042,11.821128265354258,11.315560879495976,6.856020172819953e-05
55.23329196574921,19.654382092054444,14.34877176834922,10.763464980408166,8.919343894699951e-05
52.89432652329784,25.163810844690815,11.164267146947529,10.77751148621969,8.399884413954405e-05
46.27925731646651,25.915539547825244,16.758590399953434,11.046539496640525,7.32391142740581e-05
55.15620441996604,23.09787659420089,13.150417544149995,8.59543252279176,6.891889129620238e-05
53.275799810072485,23.88403192365993,11.671494740213625,11.168589841363229,8.368469072268916e-05
50.71859091014254,25.422780606926032,12.417025249839792,11.44152075209504,8.248099658735379e-05
54.078600344970184,20.554420202719115,13.534375354731909,11.832511682782476,9.241479630000736e-05
52.75971268953852,24.86678385839901,12.694923122530763,9.678486635369312,9.369416239597814e-05
49.06034799705707,28.517470013160384,12.518633677069415,9.903468340248939,7.997246417865974e-05
47.92276444377103,26.12628133680619,14.252893766117516,11.697970969967024,8.948333823209015e-05
59.23132295798794,21.124168756663288,10.082285532590873,9.562130787152952,9.196560493819248e-05
55.80533524046879,22.870074428447268,9.742783270421242,11.581733282677064,7.377798562574425e-05
52.128932200370535,21.289983731370743,13.359639562793937,13.22135610141537,8.840404940278585e-05
49.707404656882346,26.61637008751879,13.1471529866451,10.528971699844138,0.00010056910963325768
55.47846928988821,22.294758028205877,12.770943324174688,9.455755358135912,7.399959532896797e-05
54.7870837026352,21.24589630273804,12.15591492901993,11.811016318904734,8.874670209199909e-05
50.596704825955726,23.675457886663335,16.597556481763167,9.130201983300362,7.882231739930683e-05
54.260901687784326,22.01731159902456,11.63040777967747,12.091267938220223,0.0001109952934359329
56.946322749950674,20.171578893749235,12.432320240245694,10.449692426735737,8.568931865214701e-05
52.54076676758429,25.016830657295458,13.979073246952575,8.463252442393781,7.68857738966402e-05
56.902808941390184,19.30271682191783,14.343359613949271,9.45101628022358,9.834251911376582e-05
43.93253145111,24.317277997927306,17.43725787039743,14.312822382889886,0.00011029767535014413
51.47219755728588,22.88779884724684,15.627307836371696,10.012589247068071,0.00010651202751985239
51.01345183364586,23.280442945285124,13.711942764312507,11.994065684368575,9.677238792624127e-05
54.87041413913028,22.742616531565485,11.859424172451469,10.527459557067756,8.559978501796084e-05
50.16515126670471,26.745526262553504,12.346916271126426,10.742310289810368,9.590980499130984e-05
49.63003153548534,25.434494823123053,14.027004410313411,10.90837724958034,9.19814978583521e-05
51.51505812151738,24.451545046536342,13.636971523892166,10.396337304990407,8.80030636954578e-05
52.658616189858606,25.683715813467117,10.447375121568893,11.210217824474041,7.505063134110283e-05
50.192787862677136,21.02041696891638,16.996747087670915,11.789923903204308,0.0001241775312786139
51.02268401863969,24.15427791214472,13.398220938598234,11.424726660719635,9.046989772023801e-05
54.81095011923801,18.929150635784918,12.879327870480045,13.38048550851256,8.58659844695631e-05
54.97234226995492,22.964876175183317,11.910873197422278,10.151807966158483,0.00010039128099809169
49.712524266143625,25.489481510544515,13.149406412657012,11.648485364378272,0.00010244627659157208
50.09011963586668,26.55645023624607,12.80314318622949,10.550196055258523,9.088639924018865e-05
53.1257760645159,21.895955047104074,14.077462212980086,10.900727725551665,7.894984829348528e-05
55.77975982600897,20.32855971086085,13.447701310461795,10.443909077314654,7.007535374515929e-05
53.615619266255365,21.369957497251434,15.713448593239512,9.300884213626352,9.042962732431196e-05
51.60874958392701,25.374869916665077,10.121729118136049,12.89454967834844,0.00010170292345077196
52.37858016877409,22.43338863996477,13.806077682585787,11.381882106104964,7.140257037354019e-05
49.76895680399701,22.890495256316722,16.114420601491002,11.226025125368837,0.00010221282644193469
54.87878733925026,25.869155819181504,8.891255849359258,10.360723163344778,7.782886422118215e-05
52.47095410078396,22.584047219526624,14.529472448320382,10.415429039764689,9.719160433211994e-05
54.83947129002902,24.065214296938166,10.975244898613125,10.119974129567687,9.5384851992728e-05
48.37580546082923,26.06017567739216,13.0130857979502,12.550818381218598,0.00011468260982948328
50.366428871807365,22.92858124722981,13.429393728629929,13.275508649440058,8.750289281661882e-05
54.58867021321717,23.050907327077972,12.894918263415065,9.465418288023745,8.590826604998709e-05
51.11488853453838,20.55945040002255,15.273105848575602,13.05246466151896,9.05553445090651e-05
55.49961716828498,19.776865812187552,13.209490629490125,11.513950829353647,7.556068368367081e-05
57.81186533618411,20.688800318824807,12.71057151438885,8.78868635399019,7.647661204436008e-05
53.58388530072482,23.828985102685735,11.839327434666743,10.74767927480796,0.0001228871147347841
53.8626200849435,21.286503343125702,12.827052147582124,12.02372787513388,9.65492147972332e-05
55.36296905118875,24.96241356592492,9.897649192516269,9.776891019030924,7.717133914548376e-05
51.074112991429196,23.603352186484155,12.542856371901292,12.77957544851837,0.00010300166697950869
57.43838994900921,22.705011164550633,9.84650887680477,10.009976722522651,0.00011328711273182061
55.36835100889327,21.440759152575637,12.0091181987917,11.181686179919009,8.545982037169634e-05
52.78176241008337,22.4306556456419,13.172833276691055,11.614662424668055,8.624291562002357e-05
50.38175083310799,22.484864768612415,15.870222627080564,11.263057273447432,0.00010449775159624956
55.831858078495635,24.447925656988765,8.74023311289728,10.979894477837986,8.867378033807757e-05
49.699060141225814,24.76069840406453,13.976563329508366,11.56360860521724,6.951998405586876e-05
53.124335490894225,24.289655730397026,12.014108091599406,10.571829172772604,7.151433673818553e-05
58.39702259981213,20.240503901900578,11.40349336897384,9.958905805175949,7.432413749523804e-05
49.55235910125095,27.362947827982726,10.99826580209527,12.08634556208494,8.170658610335279e-05
51.87256485896755,26.083244622507834,11.736960346348692,10.307147698731791,8.247344413641164e-05
49.83964011682082,24.30517055366747,16.209916986595196,9.645155775075464,0.00011656784104013367
54.10188191773312,23.361047268781903,12.119502491503441,10.417464847635943,0.00010347434558419819
51.29713970862594,21.565203635098822,15.651735085140931,11.485815697012525,0.00010587412177733848
54.20394099011639,20.36309842582866,15.28018976001267,10.15266462191495,0.00010620212732245291
49.925376007377956,24.036544226768278,16.20277020844714,9.835215482449337,9.407495728248896e-05
57.26843946872802,19.197221546722513,12.75700585925312,10.77724801426843,8.51110279250378e-05
50.17282413038737,25.626013045688023,13.708863757644036,10.492209034245608,9.003203495876155e-05
59.020842838709996,19.6087666127646,12.637697227489625,8.732625929861046,6.739117474558494e-05
50.90370273010451,26.73585750943924,12.186075826270459,10.174271296982758,9.263720301082576e-05
46.9223308497433,25.582743399851022,16.92981016198565,10.564992304668483,0.00012328375155240873
56.78407924179727,19.49544147226024,11.9548167915689,11.765575246099825,8.724827376911763e-05
52.403840964430714,24.36864603324237,12.852242637436683,10.375187126610998,8.323827923213755e-05
53.81428908856088,21.047047995324622,14.2443650966659,10.894204440733821,9.337871477436536e-05
54.28664767366076,23.4488608946446,12.461025799141847,9.803382548296435,8.30842563646228e-05
50.285498143163544,22.89433851811226,16.28333129384521,10.536709171340627,0.0001228735383581906
56.882365391803404,20.35290495796135,13.175072595040987,9.58956170457577,9.535061850145898e-05
48.00827469663896,28.558738101337873,12.497166330362855,10.93574374447495,7.712718535700062e-05
56.18737455252628,20.301488036816593,12.795078061389459,10.71597774191677,8.160735089067427e-05
54.830592403207326,22.530055275483424,13.266671160986773,9.372601615790927,7.95445315379707e-05
57.180080654030185,17.964817361787272,14.513867969279627,10.341137089952175,9.692495075679561e-05
53.1133353338358,19.62671026542448,15.250522836879316,12.009314098143555,0.0001174657168415927
52.614592647886994,24.689759872716408,13.585841008054581,9.109714169563144,9.230177886562503e-05
58.48870161782855,19.138401509642797,11.593575259263941,10.779249652008737,7.196125597638374e-05
50.05563929349708,25.107499625880394,14.408242990479291,10.428511126556957,0.00010696358627506799
54.81095490444492,22.567048777411575,12.645973731885732,9.975943931078161,7.865517960470738e-05
55.870353449565954,22.840405280055872,13.31609889799496,7.973070392868636,7.197951457004004e-05
55.4773571003784,20.68041919388398,12.794327815510512,11.047833740889885,6.214933722005047e-05
54.6315922586827,22.22840520779115,11.43490964527285,11.70500041427984,9.247397346318778e-05
52.5276980217494,20.609777149162536,14.482383197435594,12.380058942363307,8.268928915232049e-05
54.49913025993076,23.49637676377416,12.800489353015909,9.203919501861279,8.412141788275549e-05
57.443953628914514,21.540164007277586,11.671682284508982,9.344114454052368,8.562524655154397e-05
53.75823445500614,23.300453065020264,12.168740830339006,10.772476469620205,9.518001439305236e-05
50.89153869035563,23.86894757469997,12.207291208989135,13.032137604977024,8.492097823566358e-05
50.257316902660776,24.9806537269053,11.88807559783151,12.873866444344479,8.732825793976807e-05
53.884881452640045,22.103540742226116,12.653741227069803,11.357761713714288,7.486434974829397e-05
50.90858018489517,22.345681176674105,16.25760895198526,10.488047607709946,8.207873550650207e-05
56.49249233157154,19.27364175580793,14.371715319217648,9.862069857368763,8.07360341197642e-05
54.747406217427375,23.11309613617428,11.91262872275703,10.226794494980398,7.442866091068147e-05
53.27035491452124,20.685423855781824,13.582376163478843,12.461741329557727,0.00010373666035866396
53.19814318242911,23.45131660534153,13.445898005420743,9.904554853991272,8.735281733504882e-05
42.839265563668945,31.71302510387639,13.05600527500313,12.391615767145604,8.82903059154772e-05
51.19731058856245,21.182068347291462,14.069248803248094,13.551278263627498,9.399727049171188e-05
54.91442201289637,22.414020941478455,13.156246241471012,9.515234011846744,7.679230742948723e-05
54.340348223351775,25.138885522372778,11.750734200757684,8.769960872948042,7.118056972324264e-05
47.07156476615555,25.650481502389056,14.32862853630533,12.949218437909915,0.00010675724015621075
60.04499288923887,20.46086959501209,9.911803552593584,9.582258868398895,7.509475655885771e-05
50.23025785561415,24.765026913497405,15.042349317316967,9.962268510131285,9.740344019224263e-05
52.74817345442094,24.19713526783182,12.339174000935236,10.715426087776759,9.118903522625422e-05
48.938873759806526,26.509204813962544,12.882154021924125,11.669646124956754,0.00012127935003471511
47.04270914888372,25.517056527426966,16.483539720211812,10.95658453860995,0.00011006486755753401
58.385999021469736,20.81627710016797,10.61152014666278,10.18611210995621,9.162174330114525e-05
56.19636091360102,21.49113719851657,12.264543513344545,10.047880059388241,7.831514962150778e-05
48.99801589699814,28.867421199168643,11.049660322492247,11.084824060219871,7.852112110488682e-05
55.38287350185412,24.823822316860266,12.066589698743634,7.726638296607128,7.618593483571068e-05
47.12547817216802,25.41986900603114,16.22295055337814,11.231588460434274,0.00011380798841810675
54.054597401946424,21.863664477841173,13.229073634075602,10.852576126217278,8.83599195286546e-05
47.562280178212305,28.872983414241066,12.718269175707727,10.846356620732884,0.0001106111060179941
51.567575752790695,22.64679310262348,13.686511908318371,12.099048075706303,7.116056114541501e-05
47.92497816641373,23.356848881942014,17.003422640887635,11.714638358899183,0.0001119518574394303
58.384298215903485,22.14118903451736,10.596867838551645,8.87756614043829,7.877058922723575e-05
56.755094937960926,22.410075334952623,10.660652816916572,10.174095127540838,8.178262905819301e-05
52.897426081251744,23.516208014828198,12.011209942771043,11.57506316633026,9.279481875667627e-05
56.38629906659469,22.178344940903457,11.655008407247164,9.780276943476705,7.064177796570778e-05
49.05243872938746,29.265283242051765,11.476413801213441,10.205778710271627,8.551707570726831e-05
49.54597807792157,25.34609042874891,14.23104835332016,10.876805958417847,7.718159149982829e-05
47.406898855309805,26.634313781783163,13.478803790317444,12.47987967539428,0.0001038971952991349
52.337012781826466,23.778671705847497,13.567469403559706,10.316752369348462,9.373941786262123e-05
54.84160578733044,24.819836783240916,10.482446619470736,9.856052534551685,5.827540622911322e-05
53.91949959845137,21.23549184945229,13.061388454883705,11.78353674544638,8.335176625924666e-05
52.62135682681568,27.87338483140127,10.774840350494332,8.730348778849589,6.921243914287166e-05
52.77515016692996,24.632708051736678,10.92700924356712,11.665024143577815,0.00010839418842404788
48.3248862783906,25.719525365877494,12.72059937962948,13.23489883589152,9.014021090955415e-05
53.66601355272888,23.95856471528112,12.441602436719053,9.933723194532124,9.610073883598566e-05
49.1391750566058,28.576268356238753,12.759390034761534,9.525084853484973,8.169890894690776e-05
54.14467318327157,18.983230028774315,14.81365667095513,12.058348534251575,9.158274738715254e-05
51.528375392764815,22.328174795498974,14.030286277648171,12.113083657286328,7.987680171990058e-05
53.79596225999717,25.104761056096013,12.029926155384755,9.069278659444514,7.186907754931055e-05
57.10509390038183,20.51646872966075,12.463692701251727,9.914663663016029,8.100568966445528e-05
53.3792515126615,24.511148545091675,12.899784557056964,9.209724659438029,9.072575184878601e-05
49.39227202374638,26.64808155397564,14.2491415193194,9.710414447485686,9.045547289802299e-05
48.34391017370731,24.484737502717667,15.47873207490654,11.692523667042009,9.658162648684309e-05
49.845176433287826,30.43492962355967,9.94337947644253,9.776419191983383,9.527472659619411e-05
57.70515350906891,18.798083038897413,12.04860282709327,11.448088636001547,7.198893887273675e-05
55.98118943159548,22.040654872237006,13.884956983624633,8.093123912533494,7.480000939898276e-05
54.70692067144661,21.49779103499454,12.460905119294068,11.33429671426261,8.646000217293061e-05
48.45078758886821,27.772772452636318,12.887373698701154,10.888968583240162,9.767655415845071e-05
50.67806329106821,25.789889761878364,13.595620537949552,9.936322100331616,0.00010430877229152556
44.193790011837194,30.71002248896019,13.034635611327028,12.061464315015511,8.75728600770149e-05
51.47646804131739,25.29422470713628,13.385929256797905,9.843294970508834,8.302423958844255e-05
46.1703687181756,28.783065904273435,13.66046304535497,11.386001835009752,0.00010049718625072448
54.27855140980008,21.68382095122142,12.452587028377366,11.584954762688152,8.584791297712358e-05
55.03674925715417,21.549432196366862,14.623118585292282,8.79060675567153,9.320551514207556e-05
46.8016498872541,27.036899006446852,14.236730079112633,11.924626201823642,9.48253627834959e-05
52.868171023166724,24.250274009806986,12.542164200645578,10.339315646168023,7.512021268808633e-05
51.40733443986946,26.70691600026868,12.359514147652012,9.526165020784088,7.039142576932485e-05
52.0029232163308,24.912377041609727,13.401680917625564,9.682931440702472,8.738373141322815e-05
57.0334776445255,19.652400881172568,11.72423659748823,11.589810018080625,7.485873306808689e-05
50.64493009852412,24.493712637782526,14.074240028451806,10.787025013848329,9.222139322530014e-05
57.74202866666894,21.838923756673694,10.236011342595647,10.182951309900494,8.492416120772977e-05
50.386253751214674,24.09364324214299,15.720667611199604,9.79935245985278,8.293558996096102e-05
55.832127568054325,22.890139616919463,10.008915108026766,11.268743148375464,7.455862398417199e-05
51.62958818934421,23.199155543340343,14.204592135400748,10.966562768554681,0.00010136336001113361
56.60337623536108,21.20579327275911,10.795302195676978,11.395437017301498,9.127890133778532e-05
54.47282207713779,21.517127975481156,13.47665163299033,10.533310468877763,8.784551297037455e-05
52.67607969587487,20.903987295336286,14.750524139866089,11.669329719482873,7.91494398852921e-05
52.744208502128984,24.073596062808477,12.791663131588418,10.390447240586145,8.506288798760629e-05
55.2996335113836,22.480984675647147,11.771313281389226,10.447975073283828,9.345829619368104e-05
47.29761036180605,27.8751371858432,14.237259246498793,10.5898983187154,9.488713654645096e-05
50.71887067850657,23.541402512502383,14.031162181460727,11.708456550438504,0.00010807709182052433
47.540411956263185,26.05037446699135,15.24147356556581,11.167644435363748,9.557581589613152e-05
53.18432812262894,26.279622929874986,9.706946319161473,10.82901405323953,8.857509508382448e-05
51.45391518688097,23.16807301927269,13.30871749301084,12.069210380165837,8.392066966370446e-05
53.78212632132274,24.334290682802067,12.22187626508754,9.661611618639778,9.511214787182039e-05
50.60380760099318,23.637019549021595,14.886968219526079,10.872111406680352,9.322377880669384e-05
48.74656715673313,27.491337910445097,11.999596779142921,11.76240773887823,9.041480061437081e-05
54.79416802824818,23.365360281451032,13.759694647424864,8.08070355289292,7.34899829969716e-05
58.847541318472096,18.59533471417811,12.237324585122456,10.319694209472495,0.00010517275484482653
58.168398270740276,17.701353135434623,12.398138920568304,11.732026535785723,8.313747107019434e-05
47.959182891248794,20.854538115685656,18.247578701631085,12.938596302736618,0.00010398869783581459
41.14313950928538,29.581743472834738,15.791313787597472,13.48370085801604,0.00010237226637481027
51.726336091355485,23.490129257796394,14.643636799093937,10.13980320770808,9.464404609241998e-05
57.83593672515206,21.372631715660688,10.470741031518184,10.320627348037515,6.317963155759648e-05
52.28404936265807,23.305234610237456,14.652472281525657,9.758143912218204,9.983336062128216e-05
56.42534943167553,19.51414380225512,13.040199110437802,11.020214605182451,9.305044907447911e-05
52.018311623358535,26.241068932558846,12.317746848966603,9.422797632995213,7.496212080257948e-05
54.11652096502873,19.73577830909024,15.341630308576507,10.805988995007382,8.142229716493645e-05
51.97565149392338,24.873398141234887,11.707371770804945,11.443496626787518,8.196724928023011e-05
53.314586401839584,22.864632030504158,15.575424487443524,8.245272825189625,8.425502310956683e-05
48.79825145552113,25.10312774312486,15.118897660317076,10.979642627463537,8.051357340641166e-05
54.83047289490527,22.083253997096733,13.466191924152755,9.6200037006288,7.748321645802409e-05
44.82960322231518,28.605111274823436,14.141217113991248,12.423940730648681,0.00012765822145981625
51.35439915303209,22.13332213949424,13.343398180744176,13.1687839834279,9.654330160334663e-05
57.04210498602732,21.115922900795812,10.706124951986656,11.1357399814598,0.00010717973040548619
54.90912079199079,22.72862155409617,12.487565379670723,9.874609563473587,8.271076874557006e-05
48.38968109172566,24.929816207334447,14.996116648529211,11.68429336064109,9.26917695971882e-05
47.67742799081899,28.36781317276068,12.433151270788583,11.521502476090346,0.00010508954139546994
53.34261646992111,18.466095934452266,16.744542875886864,11.44666901002563,7.570971412806108e-05
45.42482369712581,26.83430266587383,15.471720385127115,12.269063176666208,9.007520704125009e-05
48.00890824694185,29.089642388659122,13.873733444682879,9.027606203531475,0.00010971618467298871
54.806469709725,23.42643786109604,12.51071179516425,9.256296902877896,8.37311368092586e-05
43.4965955927904,28.349530397872556,14.196455999034544,13.957311695957591,0.00010631434489666121
55.314704534939175,23.635478951424517,11.017012656121167,10.032721020411449,8.283710370824205e-05
55.18499860512519,19.519563373543356,15.808765778254507,9.486589545292738,8.269778420971808e-05
54.67584575765733,22.824679547886436,11.866815934980126,10.632566451136425,9.230833969007179e-05
43.449670739202375,22.93538450491806,20.470211258440035,13.144624321353046,0.0001091760864778982
50.826212689872094,23.896083868993838,14.195604341491421,11.082014959635403,8.414000722285714e-05
50.78708511548441,26.33756946544059,11.696578660480265,11.178679803799676,8.695479505815772e-05
52.00334161940703,26.52263902575574,11.43341850069818,10.040507805360896,9.304877815888193e-05
49.468235910895096,25.61557546426189,14.76941786162962,10.146675940259788,9.482295359994945e-05
53.49076577828775,24.5380567308207,12.123610009479213,9.847502556015957,6.492539638711861e-05
49.86837077414451,23.200814918981763,13.906199403958702,13.024518980633179,9.59222818552979e-05
47.366162480876476,26.46916701483627,15.55394554245132,10.610635388506418,8.957332951941489e-05
53.695876241711936,21.86581789487375,13.730145731684807,10.708061593941718,9.853778777229115e-05
51.29372631919837,22.786933912025887,15.29110924920148,10.628138117395185,9.240217908192107e-05
46.473932056344864,25.401658959750563,14.431723951563457,13.692586624925502,9.840741562169565e-05
52.718983183579226,22.905574510410236,13.635137915849246,10.740220190306932,8.419985436496323e-05
56.097161355612194,22.82989811247581,12.20184441170671,8.871012866854297,8.3253351003913e-05
49.08565673482484,26.261840536801945,12.731208292027443,11.921200342437015,9.409390874535003e-05
54.168151827184815,27.093814639224963,10.266793870662386,8.471167190642625,7.247228521328412e-05
53.80032779432554,26.03223896356692,11.182203793420369,8.985150395295806,7.905339136535719e-05
51.13854076989238,25.14712792445269,10.860564277043396,12.853669844406678,9.718420486425606e-05
48.4684988937672,29.04227913916832,11.092425970842202,11.396710616635735,8.537958655752306e-05
53.48413205995573,23.62231893602904,11.912845531038874,10.980622303965905,8.116901045705304e-05
54.40371794890792,24.703589734740664,11.368275243963668,9.52434819071158,6.888167617980633e-05
53.6145545427845,18.625248245281906,16.512718529771742,11.24737963118687,9.905097498099491e-05
46.76671004261877,27.540560851233014,13.213313561410855,12.479299978087381,0.00011556664998003194
48.825262242539885,24.856783545827916,15.104718289333292,11.213148475953718,8.744634519025151e-05
49.69377286018875,27.773098753729787,12.139393583193407,10.393629839201484,0.00010496368657606678
47.692466948070255,24.581960914496637,15.749607531383669,11.975865771068573,9.883498086212951e-05
48.74417065626707,26.48345971058478,14.308109516415298,10.464153840178437,0.00010627655441629447
54.66256153898669,25.02902242265031,11.410182025994267,8.898154559593902,7.945277484945444e-05
56.4283998045514,21.882037433480907,12.504423255787803,9.185057867209068,8.163897084576781e-05
55.07736537342613,22.844423525938698,11.544193769403401,10.53394373395768,7.359727409873166e-05
55.552081275928266,21.981866903981654,12.870577076550783,9.595388845349422,8.589818987754539e-05
58.69981726708786,18.210237288517764,13.119929362727062,9.969913612827964,0.0001024688393490192
54.40143235228114,22.17975093380322,13.516826970341736,9.90191248712501,7.725644889772691e-05
60.36683285720008,20.32997686523719,10.211867410207088,9.09124614341921,7.672393641332513e-05
53.9955458106872,20.1957388498625,14.708754724647607,11.099850839777622,0.00010977502507534883
52.023187862553854,23.78567518366824,13.700245705191676,10.490815626664352,7.562192187995395e-05
50.33135148547606,22.928979373013792,12.920692512073265,13.818891200818479,8.542861840627126e-05
58.74201316662527,22.122443243548638,10.807419322268876,8.328055961032796,6.830652441609713e-05
56.94537460873591,23.845865979448575,10.438323836322573,8.770359641553718,7.593393923419037e-05
52.4825480348519,26.346810703768675,10.779598507657093,10.390949789014085,9.29647082389373e-05
57.08139042787922,20.297550401370522,11.019095093020512,11.601863302910992,0.00010077481875073647
51.0193001827833,21.864528032649222,15.903323376049805,11.212747414031538,0.00010099448613062095
56.38508203885184,20.96329656010492,12.696875275166738,9.954671947680687,7.417819580050516e-05
51.688750001865735,24.588263298831254,13.205934966868282,10.516963596076705,8.813635801243788e-05
55.19036063220122,22.401708137833346,12.386366494567884,10.02148037944406,8.435595348531612e-05
57.17785935170235,21.333786805801573,12.509626263437193,8.978654146428308,7.343263056399513e-05
57.82586463293933,20.10733534421388,11.429009554694105,10.63770823024586,8.223790682291581e-05
50.41871095904966,20.17985221275991,17.94220329634042,11.45913956304048,9.396880953353217e-05
52.7412886638405,24.445630368849727,12.760895748957141,10.052113283925342,7.193442728605203e-05
52.30853160012266,26.677923602176534,11.604947967472858,9.408498395081475,9.843514647988653e-05
55.04467370570757,21.984056521612885,12.846686485887753,10.124499541499988,8.374529181691935e-05
51.86725054769729,27.00892840259619,11.925111930503903,9.19861780623296,9.131296965796806e-05
53.433178388616945,24.21935273075011,11.672975026143535,10.674417835431758,7.601905765374618e-05
56.63130014539115,18.819909932778735,12.401178916385792,12.147495510268671,0.00011549517563501515
53.130468724107814,25.35927989676972,13.505659771243797,8.004478320978501,0.00011328690016430213
50.95863987537545,27.388976701362594,12.114798826598427,9.537492736599075,9.186006447227616e-05
56.94601053095687,19.532784583873358,14.348482974747306,9.172657182072639,6.472834980355493e-05
54.05591050963638,23.199485773033846,11.215427899815287,11.529094108888033,8.17086264665818e-05
50.69381262537662,22.697971104201304,13.989386085507055,12.618728322051764,0.00010186286326993096
44.71991526501968,25.875926437004516,15.702443128526486,13.701624877885546,9.029156376142782e-05
50.51370520786082,25.6568353732183,13.425077528009933,10.404285522103486,9.636880746919208e-05
55.34680579777579,20.99941141494445,11.766019844857505,11.887692364848125,7.057757412831547e-05
51.75405305143931,22.915919082300785,14.666493510019823,10.663455200241094,7.915599899078327e-05
51.90060883728377,26.35904605696504,10.946775164050191,10.793469513421595,0.00010042827940541548
53.76146030904599,23.290504092626342,14.221162163605353,8.726783098956506,9.033576581768727e-05
57.583950711923315,20.325186057316333,11.585649780558697,10.505131012063185,8.243813846203299e-05
50.09302852491915,25.893406704295096,13.23744879005669,10.776033799872716,8.218085634715394e-05
48.34424418554195,26.89353050024324,11.953245085578052,12.808871829087456,0.00010839954929498137
52.26518548384617,22.87810807511585,13.062633013701008,11.793951778126521,0.00012164921044513467
50.48578033092267,24.003999316588377,14.404886864900982,11.105221811904865,0.00011167568309771918
55.085239279868794,23.400028924466547,11.690381921014371,9.824281934106653,6.794054362281888e-05
58.81074516707552,20.425110765668737,10.633028186620214,10.131040270292054,7.561034348261564e-05
45.113224878294986,25.197862608644538,16.262291228698754,13.426516481998153,0.00010480236358085858
50.141073936759014,25.678542820463147,12.96543478952525,11.214857606989177,9.084626340592084e-05
51.49910813252261,26.389260639362355,12.847407726227242,9.264135672474472,8.782941331974909e-05
55.2196963344853,23.632764890352863,11.888120325551505,9.259335833521,8.261608933400957e-05
49.64563441376553,28.3795612420114,12.47185349308083,9.502850082947925,0.00010076819430030537
43.48084636522526,26.366663572972453,16.38242038320054,13.769949641378401,0.00012003722334868432
46.609652536145134,26.932168651319692,15.03147102057453,11.426563708372814,0.0001440835878168269
49.145318938083385,24.79437331855138,13.594460590708957,12.465752153105257,9.499955099930711e-05
55.063786162407965,21.368531930639143,12.849495338983019,10.718112464212371,7.410375749723771e-05
46.61013424326847,28.540896737781352,15.259685743833378,9.589201169780473,8.210533633283501e-05
51.76520116545679,26.563804928535284,12.203952090986908,9.466963669760897,7.814526012243225e-05
53.23314766087234,25.061049190520084,10.583482197686834,11.122224479582243,9.64713384940173e-05
50.18722969191415,27.21638877122558,12.109094546943869,10.487195440726046,9.154919034728748e-05
50.093070848421995,24.196103267737282,15.543470315685893,10.167263503112526,9.206504228621628e-05
49.379682924712796,26.710977754401465,13.085678041367624,10.823559527034828,0.00010175248329959912
55.61931529679798,21.071519715321838,12.103723352208865,11.205356509220461,8.512645086171027e-05
50.61973077326365,27.608276401681675,11.198427390926465,10.573476989402376,8.844472584527211e-05
46.71659698947011,29.796463546924645,12.344912788241936,11.14193925990348,8.741545983528851e-05
53.50134116881914,20.635301558279366,14.38334893463518,11.479915179785149,9.315848114497195e-05
55.24865096409963,24.789028026283713,10.603132815418622,9.3590850183444,0.0001031758536157328
50.92175030951025,23.109634625370116,14.75753781904013,11.210986185586885,9.106049263061616e-05
53.79522844562238,24.35405658344916,10.822873956568207,11.0277275058958,0.00011350846445022638
46.22361215052965,31.18845998755547,12.947567090399643,9.640258481888338,0.00010228962689194956
50.304708103772754,27.314543446655804,11.380058106084466,11.000606967065059,8.337642191176035e-05
54.04189001279634,26.92603526908809,10.409605872992318,8.622394388865743,7.445625751459846e-05
58.40384562728941,21.501231460188507,10.829512222861712,9.265314467181017,9.622247935370442e-05
52.37302261859384,20.70811881058912,16.075484270575828,10.843285212772034,8.908746917507653e-05
53.738368076418276,21.713003373418243,13.165283701895053,11.383256832030748,8.801623767300827e-05
49.33868646694163,27.803070307383525,13.191511866897418,9.6666330714315,9.828734593192115e-05
54.93270768944709,20.233485200171213,13.936482360683138,10.897241816617298,8.293308124638499e-05
47.90565498128294,24.60780883158313,14.076010447936396,13.4104210903674,0.00010464883011999075
51.841250502213455,22.035866279410683,15.557364966970718,10.565428007065712,9.0244339409581e-05
54.595315007274316,19.843270735793247,15.933626164247055,9.627719208443414,6.888424195622016e-05
56.36509675182742,21.990231764770908,12.623452190985377,9.021140234301589,7.90581147088269e-05
46.63788819955042,28.372750945075666,14.485318583932932,10.503956726393483,8.554504749561325e-05
46.47762723970819,28.301951305881946,14.328861159405873,10.891458008867398,0.00010228613660196264
51.662636951279985,24.96133682879413,13.326152260093366,10.049780055535088,9.39042974379649e-05
50.80794427307854,25.913680772023824,13.267314630894624,10.010964311080915,9.601292208890252e-05
53.53114063772251,25.587554987643625,11.038678452841202,9.842522140145125,0.00010378164755170863
47.48141268518836,25.754372781637386,15.709007957083415,11.05509550617145,0.00011106991937614192
57.32594811236873,19.046648080205497,13.66763878909697,9.95967573941607,8.927891271136564e-05
53.19842504020107,22.105425958308437,15.059258718782267,9.636800149332839,9.013337540679052e-05
54.66720033361132,21.112417139522886,14.492235230472394,9.728053065743262,9.423065013591387e-05
49.70811341411502,29.35071976534695,11.808139087396617,9.132941556475966,8.617666545320633e-05
55.16754360530681,21.132830165078577,11.615102284356773,12.084445809169145,7.813608868983858e-05
54.4175315353842,17.339470517077736,14.990372536593021,13.252553024882044,7.23860629971462e-05
45.20618075222361,30.52704987970989,11.89250593059902,12.374167573469009,9.586399847088251e-05
52.587386029245344,22.93136459217083,13.157483499796838,11.323677117383637,8.876140337529761e-05
52.82096760798228,21.50639856360484,16.533656941344248,9.138862529552972,0.00011435751565931043
45.968274972155044,27.833416581286485,15.498737612918939,10.699473793731022,9.703990852381804e-05
56.7887498349561,20.38977609993153,11.858630677009522,10.962779449437807,6.39386650485881e-05
50.06412073466109,22.443313785870114,14.725414815813856,12.767045535623314,0.0001051280316224358
52.273349445484875,22.751133939751604,14.15572589035699,10.819702754256435,8.797015010569857e-05
41.35458754135589,31.11194397377655,16.059506838666614,11.473859426494933,0.00010221970599765627
55.50195109845735,21.125435321034217,14.277071768421587,9.095446552002368,9.526008448094785e-05
53.60820126451691,21.46037486430511,13.692168502614766,11.23917978416192,7.558440128721419e-05
49.09907734888548,25.959490372752786,12.7189759579278,12.222355437659099,0.00010088277482285388
46.962674156430104,27.733068098530385,14.276789590741817,11.027373937759666,9.42165380384454e-05
46.22777945723316,27.28790819811454,16.131118476587428,10.353093764951215,0.00010010311366209547
50.70394874341384,24.232224202904234,13.331355715666056,11.732374211508002,9.712650785824373e-05
56.02871522391859,21.974484449102324,12.775078508976994,9.221632757896158,8.906010592569605e-05
53.94705370410345,22.142518061412158,13.23204256445586,10.678306486923335,7.918310519719319e-05
54.291854198709586,22.458812290940553,13.542609368287689,9.706628864746158,9.52773160194684e-05
51.17128608033884,24.87071469213327,12.787460555670568,11.17045735776671,8.13140906233553e-05
52.95895310099633,21.91588726976499,13.982884303164106,11.142187358062685,8.796801189013931e-05
53.73142857225215,19.77540075762276,14.522318997298644,11.970761668388818,9.000443762808591e-05
51.37731969121522,23.36769667422218,13.049255511604013,12.205642808083459,8.531487513359373e-05
48.70067201367551,24.255101229527487,15.81823910378464,11.225883471590544,0.00010418142182176813
48.91885387975666,24.060788297151735,13.783244209695923,13.237007784174072,0.00010582922163277767
49.38018256202294,25.14860278645383,15.144479826964705,10.326622396048576,0.00011242850994482389
49.96169267520037,25.088205216993746,14.151948635501691,10.798058335343361,9.513696083682549e-05
52.056875644175335,26.8577160148964,10.883886970784063,10.20144447206725,7.689807695014692e-05
56.851154250684644,21.736265140564644,11.40265871133919,10.009836114363333,8.578304818700227e-05
57.03788437411419,19.82309284060902,12.046462880539833,11.092483827825665,7.607691127859529e-05
48.94211957081118,27.0578108816117,12.969395250553644,11.030583861778375,9.043524512108735e-05
52.784346310033605,22.075243105984352,15.797029630746215,9.343272821150624,0.0001081320852075179
56.318481087816764,21.082371005309852,13.217791238826912,9.381277771760459,7.889628600449228e-05
47.83518979213444,26.18171930308515,14.326654034061406,11.656348972048411,8.789867059104041e-05
51.338852915591836,27.728370388993877,10.58431482584251,10.348385774624543,7.609494723004739e-05
43.67389815994933,27.336250759754606,18.99812420924561,9.991634405009671,9.246604076469075e-05
57.46133043630981,17.827518170287355,13.867818009163177,10.843242155988907,9.12282507606826e-05
53.4387773860169,20.99933242363505,15.669751953226807,9.89203732755168,0.00010090956956208865
51.08985170715474,25.653019342216204,12.922890409003912,10.334108725986207,0.00012981563892518842
50.02386133444264,26.251954690176472,13.333622408678458,10.390462329487534,9.923721490873049e-05
46.94133512957783,28.293014196568976,11.949182080770848,12.816388163228606,8.042985373259024e-05
45.99367662556696,25.691025548580587,15.034249180479756,13.280914524779384,0.00013412059333213036
51.845806215060584,25.43343251284399,12.21653444117702,10.504163381217227,6.34497011687065e-05
50.27756114251141,28.739596515243232,12.064520458199457,8.918236085334875,8.579871104198741e-05
50.833456633674054,25.25442640653589,14.16656505004656,9.745449952027954,0.00010195771554346869
51.879317691265484,25.786087876652207,11.245587221923772,11.088896395038805,0.00011081511974694286
50.99015717323459,25.1413325334651,14.461120188415903,9.407312934636881,7.717024751643598e-05
52.28550149446155,27.216005668704618,11.164568582291578,9.333832961232652,9.129330959312846e-05
55.0897630762085,23.087229041705434,11.47660679301307,10.346319305089951,8.178398306024069e-05
59.526296344291296,17.58313793784912,11.773166646717904,11.117318132974004,8.093816767604387e-05
37.97936511402889,32.881447215028665,15.938836704750582,13.200262327003617,8.863918826424372e-05
52.7984880098888,23.396392282125884,13.968015436116993,9.837006118173614,9.815369470826556e-05
47.81125637440036,25.213344200036076,14.771578054664195,12.203743282255331,7.808864404783031e-05
56.29407840792696,21.88243813667255,11.010925243810753,10.812477800784002,8.041080571518791e-05
47.886681647790596,24.075944396741498,16.07678066386984,11.960472264945013,0.00012102665306102243
49.58464869134615,21.61925417518822,17.07419945308629,11.721797728188955,9.995219039222162e-05
55.87559166628143,21.1272717469239,11.933750366079012,11.063318148793572,6.807192208542912e-05
49.93603870170813,25.097106631075157,14.244170226490318,10.722597352983962,8.708774243997616e-05
52.31023694138065,24.585474400705845,13.237334098621254,9.866866174541574,8.838475068537306e-05
50.60028295985048,24.31082125594913,13.841299241568297,11.24749927868693,9.726394516024942e-05
56.917218365356625,18.776544803570854,14.35497770747286,9.951204638152022,5.448544763975909e-05
51.73425602949278,22.855026403631193,12.37675290330591,13.033851621806852,0.00011304176326035122
58.473937629906246,21.126512655816516,9.440983086755876,10.958474068776178,9.255874517983024e-05
53.524547407957535,21.758042963402268,14.540601844673596,10.176729715090879,7.806887572241551e-05
59.86638346727536,16.52199601380933,13.964564589557954,9.646975884166533,8.004519083046357e-05
54.32919031864343,23.284205584305873,12.595144726329742,9.7913631422521,9.622846886560719e-05
57.30051703513793,19.385785136265106,12.959230634059093,10.354396245603269,7.094893460041016e-05
45.86183848611173,24.961146389470077,14.506816647378837,14.670081617772846,0.00011685926651507177
58.19770307271504,17.899795956104363,14.207665517347287,9.694759023854711,7.642997860991983e-05
41.35967789020879,29.15681796189762,15.863295772332103,13.620093461670239,0.00011491389125208967
54.134452694256474,22.455905483880564,12.166622032610821,11.242942118816732,7.767043540741774e-05
48.97063754775048,22.06003886442597,16.678767539373656,12.290477463210244,7.858523964939925e-05
54.358778216915226,23.280558348027256,12.615325272227448,9.745252271314008,8.589151604864676e-05
56.48298685634639,22.807271721100108,11.629369908281479,9.080289496629362,8.20176426750422e-05
56.14048665283382,22.403383237985725,11.761953946828543,9.694086816199787,8.93461521194533e-05
46.50409256698886,28.376500440361323,12.652571003882148,12.466739161022417,9.682774525800745e-05
52.596436702530816,24.752134171294298,11.554510363264168,11.096825759065188,9.300384552330674e-05
56.15417329926606,21.702576030037278,12.83959142311962,9.303563388676006,9.585890102292491e-05
53.57927666993286,27.972873230493068,9.929577633208355,8.518181415354713,9.105101101496309e-05
50.50254867701496,23.540212732128797,15.22215149939233,10.734982307759495,0.00010478370441468555
51.54547847910056,27.90605039180982,10.577281739141489,9.97109263299222,9.67569559284201e-05
58.05909351181098,18.60727231286545,13.4085518088602,9.924988776932366,9.358953101881712e-05
51.81568082044811,25.061585058680535,12.831477648183274,10.291181057955873,7.541473220339215e-05
55.05168625274116,22.45577645528245,13.5679727121642,8.924468784166848,9.579564533526531e-05
55.14529101280263,23.451216901644006,12.876372803880756,8.527027342839148,9.193883344032341e-05
43.281847597861216,31.587826025198122,12.450612440396998,12.679600764448631,0.0001131720950315873
47.21508719933482,22.401317281496137,15.71254775921621,14.670934369255734,0.00011339069708647407
53.92685905377716,26.03252770660367,10.779169705670842,9.261372820858703,7.071308964196576e-05
43.17662926537928,28.463446240313367,13.7856971473104,14.574129716972914,9.763002401916316e-05
50.7939863781798,24.872441679877948,15.341874660061942,8.991589114988908,0.00010816689138257082
54.64144092916165,22.88567849707399,11.136093453517875,11.336710362115953,7.67581305527769e-05
50.12325541395346,26.297307315860497,14.542153183491937,9.037202100584631,8.198610949692978e-05
52.728967265213186,24.34857178743824,11.67244377133522,11.249942698298081,7.447771526750535e-05
49.375478952088145,26.204448046063362,14.790960606280207,9.629017593075718,9.48024925677352e-05
51.544642412992516,24.490870342549247,13.376074681926632,10.588334202311435,7.836022016394238e-05
59.33895291014929,21.446633254053943,10.618907528634082,8.595430781076887,7.552608579907002e-05
53.77985447109259,25.95005513771419,10.734210320407454,9.53579479030335,8.528048241297336e-05
53.243098386980435,22.24900488025394,14.681700570760714,9.82611371855318,8.244345173381398e-05
49.03835555491752,26.81542464243564,13.629848908340362,10.516268164123167,0.00010273018330438957
56.39305349214422,19.08928166653245,13.866297646610729,10.651276952711697,9.024200090733005e-05
49.3632700804427,22.414991779128105,15.545586027458189,12.676040889906343,0.00011122306466232698
56.291721693976136,23.130184618649253,10.157344108908486,10.420662707810656,8.687065546824132e-05
51.86225739540684,23.048751653428187,15.017214386043602,10.071683252781446,9.331233993645033e-05
52.219111384483895,19.23250752971589,15.322270331489946,13.226012534991893,9.821931836454878e-05
55.26633430917652,23.408896747773692,12.056972702602378,9.267709534968635,8.670547877407321e-05
52.60072419866132,22.338034996305257,14.861227883281936,10.199927473638391,8.544811309460084e-05
57.113495571743634,22.277091923074664,11.55382042163409,9.055508153827695,8.392971993376862e-05
52.32501219538563,23.773852748493915,14.38285563045009,9.518201055437803,7.837023254390051e-05
56.38102960550327,22.773018026470908,12.043647959492832,8.802216743789616,8.766474337993338e-05
50.11489351015446,25.015260671788393,13.98447873655825,10.885275115820635,9.196567825151584e-05
46.978386746730216,27.008869982284462,15.163628527805992,10.849005701371063,0.00010904180826811086
45.38529457359442,27.65333002078172,15.081684260876488,11.879609315537504,8.182920987906475e-05
49.42932064362483,24.80106880813385,15.051882655748953,10.71761923034153,0.0001086621508463825
55.521924737725655,20.68633198024157,13.97315913665377,9.818505155404905,7.898997408701317e-05
52.69874851485532,21.983799122966477,13.834717212372924,11.482637072000916,9.80778043701065e-05
49.048420765202245,27.359746013692327,12.787804737512406,10.8039209737978,0.0001075097952221564
50.88083825197065,24.40554896018244,15.040917750500707,9.672611807788947,8.322955726549955e-05
56.17680903803042,20.319731240635907,13.260506444525442,10.242866098980977,8.717782726034306e-05
53.080534539561356,24.583629001700093,11.52359529039471,10.812145228079206,9.594026465824929e-05
49.938864055759026,31.17812587661784,10.818990641521637,8.063951239875495,6.818622599325268e-05
50.59411083308092,26.156264200352,13.950245952499404,9.299288724488061,9.028957962051501e-05
51.33467284030731,26.37758022072475,11.939072491643152,10.34858765762999,8.67896948109881e-05
50.96244557922758,24.31717338118417,12.581051860493803,12.139254256573757,7.492252069786505e-05
55.34581121833604,20.061228968672516,13.365995120580482,11.226889927110618,7.476530034500918e-05
53.75775301458204,21.572107880512405,15.23102738103368,9.439012357018422,9.93668534401616e-05
54.2419764464945,23.167916162403916,12.718835659338962,9.871163187406696,0.00010854435592296376
49.47848810881692,25.411619273074564,13.666417776970267,11.44339165944976,8.318168848354643e-05
52.53913925592229,26.198856758344764,11.626305950296718,9.635606525322057,9.151011417693057e-05
52.1899622414034,22.781753734814814,12.47455761035015,12.553634689100152,9.172433148916101e-05
55.42935960492513,20.705805620168096,12.729260509434951,11.13548381717404,9.044829778715801e-05
56.00092774435678,21.544194325237928,12.43298178810869,10.021818382819404,7.77594771822897e-05
54.23951243876136,23.793921735327913,11.6295409353306,10.336958098687653,6.679189246880948e-05
53.82929152451257,22.03032049965619,13.267837883544766,10.872462320196261,8.7772090195878e-05
55.413342430551126,24.61873844282881,11.589833039426042,8.378002332724238,8.375446979071962e-05
51.45052590312178,24.56052314642207,13.585265491480584,10.40359588008123,8.957889434797568e-05
52.314838168500735,24.777142505551463,12.14561128811545,10.762326086005684,8.195182667079963e-05
50.270401825870024,25.345341132828352,13.537449299316625,10.846730111795155,7.763018985373741e-05
51.73382940640279,24.14279013364973,13.532254764861037,10.59103692948759,8.876559886952012e-05
56.25623993855633,21.935258229633547,13.421168771021156,8.387243514219826,8.95465691458679e-05
58.01530911942011,21.289553891285063,12.360231680378327,8.334821051358432,8.425755808606262e-05
56.21877207870192,23.24551308974076,10.421733585356673,10.113910778234224,7.046796639718645e-05
56.18995365116079,23.032401606862297,11.162456769334604,9.61509273194624,9.524069605071627e-05
53.7777256893085,23.8213095668101,12.526701044158283,9.874172847204797,9.08525183241121e-05
54.611755336393266,25.095538386415278,10.350799225484758,9.941836388718466,7.066298823444082e-05
54.58506529778444,23.696705979538223,10.193642953943897,11.524500967524936,8.480120848707975e-05
50.76500888983651,24.63551350711671,14.068280445838013,10.531094172417525,0.00010298479124637172
51.99971201188964,23.95435441986808,13.531686667008161,10.51416793686236,7.896437176341995e-05
51.47059491135023,25.48951939409231,15.16660659413572,7.8731844333915095,9.466703024577242e-05
57.28549791646541,20.938947321919972,12.8830778630556,8.892383190817313,9.370774170784287e-05
51.64732264238222,25.878968918665635,11.205165914932962,11.268428610564325,0.0001139134548487753
48.09030374550236,23.360620875626726,17.24636854360931,11.302628060522489,7.87747391221146e-05
52.993517564997774,24.334741490187305,12.415173867257545,10.256483788542269,8.328901512211287e-05
51.09405074733012,23.106918283360837,14.631060116314002,11.167878964056847,9.188893820871697e-05
49.04508730423478,25.78907508005553,13.94762546388221,11.218104633101206,0.00010751872626270043
45.905924047600976,31.212131340118894,12.173117055937976,10.708755250651421,7.230569071512009e-05
51.76237461213956,23.978706591649757,11.445731140127373,12.813091504471554,9.61516117525124e-05
56.86877832076216,21.744318556328313,11.660276615539617,9.726525310653463,0.00010119671643728631
48.33477461328113,26.540498905888764,13.63473707508339,11.489886233696899,0.00010317204982169627
59.56143689108425,20.452377703418563,12.201347771635739,7.784774272328813,6.336153262887378e-05
51.915341032411,21.81707126329101,15.388460200878344,10.879024722987783,0.00010278043187543331
55.416746972886756,22.830578776117207,11.543906239881291,10.20869744820907,7.056290569207114e-05
53.94614741056828,23.02701381057269,14.056553228049498,8.97022052283209,6.502797746637191e-05
52.61303496621703,23.93845219091892,12.218685675419968,11.229735430243522,9.173720058773354e-05
54.53286141810669,23.63246339843752,13.070135708879526,8.764456965264754,8.25093115062247e-05
54.597160999351956,21.939458674341513,13.632997218597993,9.830295170199445,8.79375090980604e-05
55.05729114869632,22.608604079319303,14.202535565693855,8.131483949877877,8.525641264436921e-05
48.46084207852415,30.78280413263823,11.168978357716005,9.587272821402273,0.00010260971932670022
54.696899402336854,23.892045709489764,11.95317304882507,9.457807024090698,7.481525761018275e-05
57.675798331521285,19.575553218967208,13.162082291168458,9.586499993982923,6.6164360120222e-05
53.70690889541383,20.961440592552954,14.98278814140751,10.348769804577298,9.256604839874723e-05
52.62842808499437,25.300031341444786,13.492751744756717,8.578696230918665,9.259788544718664e-05
55.647110572844284,21.557155112960814,13.148074583689368,9.64758365101101,7.60794945289255e-05
45.597476309407696,25.46428703698913,16.24631519735191,12.691826337060588,9.511919066215307e-05
56.02884835766847,20.812258932156382,11.364039328976311,11.794757105565251,9.62756335905328e-05
48.28701239527695,27.521155083441904,14.458070459267311,9.733642973225711,0.00011908878811449944
54.92668616924512,22.77895170514371,12.427598517920318,9.866671248907744,9.235878309941832e-05
48.12495257323793,23.55081858153562,16.174840096045763,12.14929189583733,9.685334336071002e-05
57.07366629214202,20.71406792682383,11.343672020237777,10.868498830781112,9.493001527300422e-05
53.97371652858355,23.17419407757295,11.828683926459933,11.023316433736248,8.903364730678115e-05
50.214166522601865,24.262920798841417,14.275776768139256,11.247048548677826,8.736173964044308e-05
54.12459389348658,21.704238287694547,14.186799530880965,9.984267731308757,0.00010055662912966613
54.94807149614533,22.38626598600978,11.662780476582741,11.002800940345132,8.110091702708276e-05
49.88997312419327,25.279744219900024,13.604462669100116,11.225730449134435,8.95376721578851e-05
52.27359341663437,27.152713073184113,11.309280024170391,9.264312787201863,0.00010069880926175832
52.729898566206025,22.786423561044053,14.23848755817268,10.24508677101235,0.00010354356488632043
47.1890075096325,25.40087603538793,13.729341970677542,13.680666537113453,0.00010794718859458583
51.71191191070835,23.28326580018696,14.54062072537157,10.464129903465242,7.166026786237073e-05
53.14770003838382,22.939339103016756,13.105569933353436,10.807298111789233,9.28134567530453e-05
46.12223477675307,26.344449100318627,15.376167086515219,12.157071458571735,7.757784134462643e-05
51.46140183985201,23.995811801322525,13.729595979017855,10.813086534806365,0.000103845001235098
50.667911880552495,27.403637701940823,11.807215833047948,10.12114639550292,8.818895582794898e-05
52.284228293520016,21.451175713539026,14.89454868815416,11.369969048418596,7.825636819591689e-05
54.205163596449424,21.553759288297243,14.034264650882772,10.206728367643757,8.409672679809307e-05
54.179940692397466,23.294868198535347,13.984972745230467,8.54014782694155,7.053689517432596e-05
49.23753906236385,26.89115632362768,11.6224298422237,12.248774916389042,9.985539573340787e-05
48.086490542499185,27.965149386370342,11.558872682552858,12.389405328886355,8.205969126229446e-05
47.780380294904354,22.18689511341215,17.42854989779508,12.604092193143854,8.250074456939686e-05
51.57232860965828,25.46950572088361,11.540230548761299,11.417854082722712,8.103797410152397e-05
50.07937033817787,23.707542974742296,16.55719486288417,9.65582716547377,6.465872189844085e-05
55.70699576733267,21.44284029657885,13.255675277753495,9.59441667701942,7.198131557288644e-05
57.33900058508783,19.984084494698852,12.58556200032744,10.091259901176988,9.301870888478358e-05
53.918034647905856,19.343810763366985,16.192188060134736,10.545863292502151,0.00010323609025625482
56.40091632074344,19.24310236583955,13.342178994033294,11.013704353619506,9.796576420858326e-05
48.241160174253665,25.131597678985386,14.912057291168887,11.71509051962792,9.433596413374155e-05
53.034840287239774,23.14883947436641,13.156232667390299,10.660010837442528,7.673356100536033e-05
48.24421744678513,26.22339892950693,13.279782739831564,12.252512115945574,8.876793079825638e-05
51.5830557727218,25.173222254647857,12.666806916937876,10.57683796189896,7.7093793500367e-05
54.37839288428729,22.952721887124007,11.920953154626996,10.74783286144226,9.921251944928706e-05
52.45271633069357,26.25775485053787,12.283060167298391,9.006368803273713,9.984819644085552e-05
57.239928826691234,21.6341692942398,13.346509863378241,7.779319909332007,7.210635870269429e-05
47.377094375991874,29.469804356531746,10.919213161217321,12.233794500821741,9.36054373069075e-05
49.18796111809543,25.939559050296857,13.03242202514121,11.839967179983619,9.062648287641417e-05
53.1441663515931,22.73725773530597,14.339880206014696,9.778597641208005,9.806587822893252e-05
53.285967278725174,26.93689213031772,10.180259812287911,9.596785426340602,9.535232858937628e-05
53.78459566219536,23.518486907179074,12.012579279463399,10.68426983972787,6.831143428208423e-05
56.081141207134124,20.0803538895949,13.906608134215748,9.931821657013575,7.511204164783073e-05
54.62015060854962,25.356999706738087,11.254466089119115,8.768300213625086,8.338196809252167e-05
47.820124939645524,26.15735943817288,14.928613091615105,11.093801511627676,0.00010101893880519445
49.52113790371839,23.60982421814207,14.014847546146097,12.854088252908266,0.00010207908517983296
49.81159559117035,24.412631009553486,15.267869899751094,10.50782383797568,7.966154937337421e-05
52.937177162404126,21.893624972849977,12.876784037779169,12.292322202041133,9.162492559900226e-05
49.28274462994989,24.227497899082138,16.35252803879909,10.137156816730476,7.261543838490114e-05
56.03318200743812,19.407588368653048,13.944188296164311,10.614940596163642,0.00010073158087614907
52.29809896953024,24.418387267620016,12.719427193100511,10.563980965898399,0.0001056038508197699
49.86176319106775,27.35428034392058,11.78620867839066,10.997651892159887,9.589446111696955e-05
42.02391861293843,26.926707621784296,19.077014001655833,11.972258914600932,0.00010084902050595594
55.3247509463764,23.35394774120292,11.781891784905715,9.539322700749501,8.682676547065257e-05
48.932206397199806,27.87096699071859,12.57988995332352,10.616825902536387,0.00011075622170056597
52.7122727628439,22.541203852745443,12.654410240335636,12.092030659092877,8.248498215760112e-05
57.65529127098734,17.916540666942794,15.778784856915854,8.64927172701971,0.0001114781342956392
56.399407838295545,23.53931003654721,10.294716232749204,9.766499454911209,6.643749683467887e-05
53.82473284907652,18.972580075151093,15.952823950067433,11.249778826261169,8.429944379979243e-05
51.11813156609711,26.0281487916785,12.694877872229807,10.158750375682025,9.139431256863482e-05
52.617926463946006,26.007029626447007,12.437168608637291,8.937776433874745,9.886709493885439e-05
59.25298473405736,21.34078960696408,9.41988348065015,9.986265622780412,7.655554799420604e-05
54.01901840241773,20.814503488414648,13.362655049678377,11.80374930938223,7.375010701872814e-05
47.6901344826284,23.448603911543124,15.615696050253138,13.245454991414467,0.00011056416086563042
55.42809771312422,21.213915986082775,13.133897398215527,10.224012981201398,7.592137609561e-05
46.99908574610161,25.349842943970785,14.9435904520678,12.707383231017186,9.762684260662642e-05
54.20023649672066,23.159198613859576,12.299730435820345,10.34073950136645,9.495223295859186e-05
54.49924541973758,22.885996780252825,11.100773454067319,11.513906220316114,7.812562613464881e-05
51.86876687791601,26.467291560413013,11.509802176968812,10.154052051240159,8.73334620063856e-05
53.079092624643295,20.69665529018285,16.173401763782028,10.050758406420051,9.191497176919772e-05
54.683913175333174,22.803850429134457,13.3796332802896,9.132522180844536,8.093439825074844e-05
47.944748683276224,29.379349907687676,12.804156959337105,9.871662723972968,8.172572605360859e-05
52.75140415747239,19.538776793220176,15.797140937417934,11.912589368768769,8.8743120725382e-05
46.21970053019295,31.15018348686405,12.581664373426552,10.04836041502618,9.119449026540845e-05
58.85757587960805,20.858005586931863,10.753307708087966,9.531026568186816,8.425718529041271e-05
53.38315488509734,22.157784349663746,12.99205621369685,11.466919748792796,8.480274926332995e-05
59.009749109539925,19.358787403505982,11.19020214566031,10.441180321946563,8.101934723510595e-05
53.0203600219255,24.44680930128406,12.667750211856244,9.864992349508075,8.81154261457404e-05
51.41849613694318,21.46226723065423,15.458496591743817,11.660656430654038,8.361000473346891e-05
50.172690556308766,22.43883526599436,15.886406975149233,11.501962694025071,0.00010450852257376247
48.807713225786806,25.49041972496735,13.502481116335247,12.19925463332944,0.0001312995811558915
56.842380130057634,22.373675979036435,11.97155302014576,8.812297143410275,9.372734990686424e-05
54.74458448448647,22.827607100270445,12.323543907221184,10.10416891240057,9.559562131853805e-05
40.77179068815454,28.80384090292436,18.07934120642351,12.344919971802987,0.00010723069460332587
46.71422523502333,30.29485293105514,12.48512830764317,10.50568438969267,0.00010913658571749658
44.762068218644494,27.494705706773843,16.42452264860016,11.318561564554946,0.00014186142655624816
45.087232471726765,26.645515249601807,16.31182518776952,11.955341477767496,8.561313441290528e-05
46.58089678410914,25.665248692919953,14.872813445444363,12.880951857723375,8.921980317062021e-05
53.83364565314043,25.172252171279574,11.296531728510022,9.697470012221942,0.00010043484802550791
55.57838806731943,20.52434470066541,13.60622996029765,10.290961056752561,7.621496494754511e-05
47.29696907833793,24.446675860636308,14.478256128953365,13.777990821641476,0.00010811043092599453
54.71206486850285,20.933942535378755,12.267805820375445,12.086100574704965,8.620103798250466e-05
50.935765284768294,23.01328840673839,14.357247977229948,11.693583674205456,0.00011465705790760281
50.63028184776329,28.04827874668419,12.516984908265918,8.804351425539096,0.00010307174750175479
47.62680450712381,22.49481033414177,16.746422417613875,13.131868433031658,9.430808890219502e-05
54.85192336359721,23.835344213987053,11.984769022064,9.327887451602178,7.594874954484055e-05
54.028434796443314,24.670868517203125,12.605226640420309,8.695345873572181,0.0001241723610563512
54.66045195240551,23.50342746687097,11.570796708666235,10.265239164931828,8.470712547116053e-05
52.17381429946782,27.019266478953607,12.786910383596775,8.01992347895878,8.535902300465038e-05
54.09898992367498,24.759725306827615,11.30558821561015,9.835576377452112,0.00012017643514568458
50.77458901052623,24.98877853452576,14.710198137613183,9.526323384815283,0.00011093251954142838
52.748593502931996,27.72345946903477,8.92109077301015,10.60676573418036,9.052084274352165e-05
55.37533959518435,20.113758202102435,13.561156100334063,10.949661289561393,8.481281775682378e-05
44.85634775690001,26.835613298344725,17.342421834361573,10.965496168639524,0.00012094175417097242
55.778955421662054,19.92100384832917,14.242298576244664,10.057645076202022,9.707756209010999e-05
54.26627928433471,22.100962750241315,14.23318824162897,9.39948955729828,8.016649673689289e-05
47.927703352763764,27.627077877903712,15.394501809855504,9.050611720719976,0.00010523875706107518
54.195486082677434,23.685247373090938,10.472355509666171,11.646834522997244,7.651156819593015e-05
52.58823088106372,23.717634760837935,13.116040073556926,10.578014042257163,8.024228424491144e-05
55.3903082730665,24.634682347574877,11.00934608961339,8.96558853275175,7.475699346708743e-05
48.7674781740279,27.79515550513817,12.474057715437306,10.963196954807714,0.00011165058891726417
52.36468296843208,24.5613255567312,13.57430444356561,9.499613238357032,7.379291405655266e-05
51.33823469186565,28.711220239885794,10.688348536122513,9.262109508178867,8.70239471969519e-05
52.190536792453024,23.799542819170025,13.828762870683153,10.181058147631736,9.937006205388203e-05
57.655072241518404,22.7542626425384,9.379383987121612,10.21119571271592,8.541610566861542e-05
53.248677303684644,20.89863918962719,16.20630306209422,9.646290860055712,8.958453822493297e-05
48.863742314040415,26.14373904660275,13.557338036541635,11.435086079409706,9.452340549571002e-05
54.92968391099132,20.494401732992422,12.927950550927939,11.647872929845953,9.087524236643305e-05
49.203156127086416,22.89704162121599,16.02278331867618,11.876922109113671,9.682390773345777e-05
52.230251066644286,23.10356947143447,13.299635394511542,11.36645544096144,8.862644825915465e-05
54.37017389303013,23.26977171893821,13.060963848823256,9.299000369207725,9.017000069615026e-05
48.60826833291426,23.3432508133124,16.021704517734996,12.026669309038061,0.00010702700029546747
56.90546860965839,21.742241258827065,12.20057759954612,9.151617215722178,9.531624624950719e-05
54.924342694156195,21.691978028018028,13.356133807735832,10.027475367855143,7.010223480847122e-05
48.443481594541836,23.910810746042674,15.82701897930292,11.818608992040012,7.968807255147217e-05
57.984364327077664,22.013354302272518,9.430013741202265,10.57221185236136,5.5777086210827456e-05
47.00006899164338,28.570640519480932,12.975788603519481,11.453399692278007,0.00010219307819551532
51.93310632444852,24.24328622572519,13.975023390849598,9.848510340159349,7.371881734204005e-05
49.86013742266383,25.68725108628773,13.964908507250748,10.487609953121344,9.303067633829442e-05
52.1608099138124,24.583906934161497,11.775992081599195,11.47918121854796,0.00010985187895120484
54.76481141950125,21.696395401042253,13.19970129152565,10.339009914530852,8.197340000275814e-05
57.06618308674724,20.20249570461098,12.74086088359658,9.990360889621888,9.943542332994307e-05
58.19736765018172,17.907753018923053,13.33313822738387,10.561671470087266,6.963342409795683e-05
51.72139081313133,25.3076419394342,12.707509997401475,10.26335872869908,9.852133391458382e-05
49.91667040429094,24.05164611474998,13.641354238778607,12.390241575689467,8.766649099446064e-05
50.52644485957117,22.148484821627598,15.602996389767226,11.721978928283518,9.500075049690294e-05
51.27418246478298,23.521176035875094,14.2264129681789,10.978134162812216,9.436835080640155e-05
43.26586661139534,28.675490236549223,16.35144233482098,11.70709386430108,0.00010695293339135984
56.73700292833297,22.084135888460587,11.091181336038508,10.087609731717444,7.01154504910336e-05
50.85556513869861,24.859818058551024,11.709138914390474,12.575386459086413,9.142927347989043e-05
55.61691257264065,19.410007956192256,14.692287849618179,10.280699465503817,9.215604507265206e-05
56.99299851274715,19.35206781696361,11.67558524691969,11.979262117129567,8.630623998065215e-05
54.05226102506164,25.45235892582892,11.805808852771111,8.689501795486969,6.940085135982458e-05
56.69692203853012,21.30321912486948,11.84323934379043,10.156540750699152,7.874211082425956e-05
54.14284052174927,24.19749413139591,11.182931945002458,10.476659825841933,7.357601041870998e-05
52.47253566665172,20.119154514497765,16.555058770256167,10.853152701442527,9.834715181378398e-05
52.51257495409178,22.537251078778592,15.768541408135334,9.181552335970949,8.022302335169697e-05
46.03276199698813,26.812266056104907,15.11450267685987,12.04038343806166,8.583198542599796e-05
49.72298680640837,21.746321225106755,15.81178366610436,12.718808862661298,9.943971921176212e-05
57.87732816229252,20.467150110729104,11.252826792965855,10.40261342375002,8.151026251180873e-05
56.789769343065224,21.75899791996262,12.902045776590176,8.549112606764355,7.435361761539655e-05
48.40985749362052,22.989892528063933,15.85011364413204,12.750034551084019,0.00010178309949318474
52.53931102726824,23.448359876815108,12.938115300784206,11.074139738286924,7.405684550504781e-05
47.79487833984234,24.327955250908058,16.03769750420118,11.839384861949393,8.404309903362441e-05
49.342211595279636,26.763146597035703,12.386129023621411,11.508411926013128,0.00010085805013376742
47.83097436027538,30.98523385678701,11.257597630567634,9.926100943810496,9.320855947982973e-05
46.59108146083884,31.52011109757911,11.396288453145713,10.492438269823193,8.071861313948285e-05
52.479236845250874,21.685573481767914,15.28969560098151,10.54541001569368,8.405630602887868e-05
48.47058231739803,23.87090360964964,16.43366952342415,11.224743885391925,0.00010066413625192048
51.42742495268651,23.870387396754566,14.368651698455952,10.333447538543556,8.841355942361101e-05
57.356654434614775,19.83963195073201,12.337483160395527,10.466150053887894,8.040036980265278e-05
54.78929881849572,19.904416871309767,14.852102594894795,10.45409837385951,8.334144020255217e-05
53.58018750756869,24.716055065906055,11.253251530203755,10.450416727127537,8.916919395753069e-05
47.539804957207835,26.691736284087025,14.480567973779795,11.28779446153312,9.632339223192143e-05
53.051531142184004,22.96110305934136,14.75586522544976,9.231410416377802,9.015664707457392e-05
57.50797161956069,19.434656093523678,12.195806967533557,10.861464245322864,0.00010107405920497949
54.63598166974377,19.343638658988795,16.050133555113668,9.970146041614354,0.00010007453940848595
52.581935324978744,23.229486337830313,14.809672678330843,9.378841106493782,6.455236632830097e-05
54.30480083315808,23.028895029355418,11.659218562293134,11.007016726144151,6.884904922129927e-05
51.287978787157385,22.003855563256963,13.821848132253207,12.88620331000001,0.00011420733243682737
51.31230091870579,24.457661555876097,13.501300978456033,10.728639277760177,9.726920189027036e-05
50.3132492292341,24.49295354134577,12.719386182879353,12.474296712701777,0.00011433383899707935
51.952245859601945,28.701067500436167,10.373142700613624,8.97346888793371,7.505141456230467e-05
49.34758932533826,29.650599485013736,10.814997103241215,10.186707897292212,0.00010618911455798573
51.79939793614919,23.87899297959675,13.364529494179076,10.957000116872551,7.947320242002326e-05
53.090640958588054,23.425177724234842,12.647952706443878,10.836138173043961,9.043768926710378e-05
54.994415612958825,22.806180057259454,13.403256073763206,8.79605909607496,8.915994356679202e-05
53.1089683146594,23.631510423298547,12.724890879638838,10.534542617176855,8.776522636914275e-05
50.02030428752556,29.243263863236653,10.665988083300922,10.070377588975258,6.617696158843022e-05
49.31137700264117,24.71916760051049,14.523461227322136,11.445904879787484,8.928973872560702e-05
47.49009905384357,30.613676825570575,12.847488967666434,9.048651054160564,8.409875887227572e-05
59.00374102694555,22.17383823865379,10.041127214595614,8.781209836990554,8.368281449792939e-05
47.17611099513128,29.016008845710473,11.545501374879793,12.262294068657827,8.471562061291425e-05
53.44734045102195,23.69502045390647,11.784715526337664,11.072846093497255,7.747523665143338e-05
54.639227142523126,21.45849142490179,12.82536732362892,11.076847053592871,6.705535331241669e-05
50.49949615403306,24.460113793538767,15.323245461005522,9.717043147985894,0.00010144343675172943
53.26867719519356,19.347364832512554,14.753388899049503,12.6304442869966,0.00012478624777880065
51.5199537151499,23.99987137416393,13.853696965832341,10.626379054381854,9.889047196668676e-05
51.10886449633968,21.657155617314878,16.07527331683687,11.158612551248678,9.401825987752028e-05
52.234563509466916,24.262689858387194,13.72623684383635,9.77642133135858,8.845695095686563e-05
53.7761306027466,25.285193581489857,11.049935791765538,9.888620491965822,0.00011953203218840001
56.23172614878014,19.371117126682975,13.081500267949083,11.315575197008677,8.125957913952457e-05
50.29216205227485,27.396636015533645,12.99219313589515,9.31891915263479,8.964366156707428e-05
57.35737544635013,21.424460320141144,10.334213028212288,10.883868459937833,8.274535860928877e-05
54.861352939600664,19.080469956437987,15.727908298648996,10.330181285881542,8.751943082195534e-05
50.239831139980595,24.09368200833797,14.756869502881212,10.909507976869252,0.00010937193096281265
50.21773003652517,23.693341067157824,14.190511964350993,11.898323941330858,9.29906351659773e-05
51.840077380581185,22.102461068090783,13.82592581986121,12.231435065213102,0.00010066625372601021
52.31481631739926,21.50984503409572,16.132278087948055,10.042974360290598,8.620026636413323e-05
51.373990754715734,23.76493843265649,14.910562060871696,9.95043968222135,6.906953471624077e-05
52.863861020871326,22.264968235269844,12.955657923588385,11.915431192508956,8.162776149416775e-05
56.20195843804395,20.014743166032446,13.78335663451036,9.999862345925566,7.941548768481816e-05
47.583119796522524,25.69113246456012,15.676694980428001,11.048955904367011,9.685412233087048e-05
57.89354824852405,22.57939894840662,11.040040764131842,8.486928338330957,8.370060654354132e-05
50.46052670836861,25.717952625110634,12.63125702771448,11.190174516411435,8.91223948285247e-05
50.21001520718136,26.627674820913178,12.508002200342771,10.6542153866396,9.238492308850265e-05
52.13251343992287,25.244931604348814,12.444819875911392,10.17764067297962,9.440683732212712e-05
55.15855029852912,23.78941106626307,13.468076744147792,7.583883767934334,7.812312566649846e-05
49.17385474647967,25.90230383714005,15.09479126700878,9.828947728250311,0.0001024211211824062
55.705594046035415,22.323302125191187,13.619000885225962,8.351993810263597,0.00010913328384308973
55.79001345782044,21.407082415550484,13.451711604388663,9.35111828407522,7.423816520066462e-05
56.228469466919904,21.796133413144297,12.212015359020386,9.76329269262504,8.906829037927685e-05
52.07766220234576,25.53122690878638,11.580911376852235,10.810120448772054,7.906324355382027e-05
50.452082665572526,28.40441507105702,11.791743940121762,9.35166011543175,9.820781692621029e-05
56.14641604304465,21.32462745605392,13.409476786618335,9.119395673360248,8.404092285664573e-05
50.03608509491403,22.83988796002445,14.840114304357263,12.283825689842518,8.695086175466291e-05
52.00291070063919,24.869156010796058,12.350033605166375,10.777808267022907,9.141637546573693e-05
55.08667273380959,21.16190397348962,11.039899515736257,12.711411334296024,0.0001124426684912945
52.02029627038372,24.257948838699146,13.107884150339192,10.613795078269414,7.566230853513033e-05
54.06914448177197,24.3602642046849,10.89026227223549,10.680235929224928,9.311208268740282e-05
56.91684143905215,23.83015113508695,10.339131787945947,8.91379223695695,8.340095799195753e-05
54.393252234006084,23.19516495926125,11.705823149109595,10.705682890725745,7.676689732596003e-05
53.43460988730868,22.50594079167356,12.969785047260347,11.08957100781263,9.326594478630854e-05
47.15294464115285,28.833868139750564,12.381198472643822,11.631883879982663,0.00010486647010938845
47.13769089236355,27.84175067537051,14.33050872485807,10.689941811850174,0.00010789555767712739
57.620425911094266,22.826233288922474,10.809455103384865,8.743806697222805,7.89993755846002e-05
52.53089054181385,25.21277976781262,12.394193433406295,9.862040168125787,9.608884145880595e-05
56.940605260238684,20.97057201136331,11.79807035635416,10.290672570527732,7.980151610266888e-05
55.08763944146862,18.904207558419255,14.565994157828472,11.442082366486641,7.647579702677536e-05
53.19907735405482,24.78911511090717,10.326688177118863,11.685021934297511,9.742362164526735e-05
57.91808423694172,18.8178084245719,12.456152341938415,10.807868307060446,8.668948751935149e-05
51.41617032495993,25.891743066968925,12.667197100182195,10.024801797255002,8.771063394370334e-05
51.91021467472281,27.965156290724853,10.69575126663063,9.428800010515412,7.775740628908334e-05
53.338658981238595,22.29405436134924,15.43287206669613,8.93433053749372,8.405322230258326e-05
52.882415823459596,24.717837373770106,11.099221693378592,11.300437923970946,8.718542078511987e-05
55.662345925890556,19.990235618951505,14.254339724214937,10.092969062692555,0.00010966825045739824
58.026774581764684,19.38930153696695,12.0328115581325,10.551034167888197,7.815524768235558e-05
51.79740668753654,22.928177932397126,12.165459256520023,13.108867804155302,8.831939100413736e-05
54.62581234956274,25.514197443002,10.704267364200753,9.15564411676796,7.872646655671093e-05
52.28567819063704,25.748806006774622,11.102455956588882,10.862977025741593,8.282025785251924e-05
52.89789230731557,24.58777110663214,11.63123909347069,10.883023841811633,7.365076995864076e-05
53.67580638187934,22.936818615709857,13.559427042470098,9.82786319693865,8.476300204037799e-05
51.62986185429429,20.539488484560827,16.79182319279221,11.038751017447407,7.545090526909996e-05
50.40719190811194,27.62448698302385,12.046324289043355,9.921899105733326,9.771408751226826e-05
44.31012395908173,26.25937684770983,17.213521916954814,12.216873095904223,0.00010418034941313736
53.463763684456175,23.259228516668564,11.562266698795689,11.714653032346089,8.806773348118593e-05
55.52285904965814,22.705289062001,10.544774453089556,11.226997115482867,8.031976842637642e-05
57.531884483468055,21.758337534111863,11.95155179353085,8.758150971310261,7.521757900334082e-05
52.63845922239856,26.399895321332373,10.544425344505697,10.417128809162786,9.130260058959287e-05
53.23749141433682,21.34168673773205,14.184123379354293,11.236603555178451,9.491339838892752e-05
50.84184934929442,23.897021632013058,13.910461714170916,11.35056122776308,0.00010607675853908131
46.440956969900334,25.79665243558483,15.622719585403116,12.1395840544107,8.695470102890125e-05
55.52995989851565,25.456187739937477,10.635852813901241,8.377919132503427,8.041514219409373e-05
50.67450578199788,28.419129484084614,11.862753714647509,9.043521904358894,8.91149111095475e-05
56.451114631724366,21.62938053488277,12.455338259230032,9.464079046041805,8.752812101700349e-05
48.0642782825134,29.336802169887072,10.790507860576556,11.80831494079414,9.674622881884257e-05
54.07337996393661,24.998561201700912,11.534277711815227,9.393704346958351,7.67755889002449e-05
54.173671057993374,24.20718270012276,11.241046173503202,10.378013625243918,8.644313675939659e-05
53.207155173267175,25.24591154963184,12.030022169344873,9.516818354766198,9.275298990176576e-05
53.79543710906315,23.748407665039252,11.53454072725097,10.921532211392316,8.228725430749983e-05
53.238111876505435,24.378951237308335,11.477434646574476,10.905414529637849,8.770997391182599e-05
52.21075679880464,21.733508645482218,13.951551587861836,12.104085531099647,9.743675165738144e-05
58.00462332071967,19.951997664306898,11.673813037749303,10.369480562063787,8.541516034455494e-05
54.43740981921407,24.132980436019928,12.343793169039584,9.085729382984308,8.719274211312563e-05
49.88642617488474,28.232096449850978,11.535581048454073,10.345788470500342,0.00010785630985665689
53.31943460581227,22.232641910395397,14.030454769631906,10.417396693634913,7.202052550513826e-05
58.130299123694854,19.202477603676776,12.111207332394834,10.55593606266858,7.98775649449005e-05
48.77531711401824,25.631368432944228,15.106396264164509,10.486823507720992,9.468115201623072e-05
45.49890972139607,26.69622849812412,16.657555174745433,11.147198944310313,0.0001076614240652061
56.056239388221215,17.16300999652208,16.067050038083124,10.713588493694266,0.00011208347929510442
56.429563465644264,23.127827954460564,11.24618831961069,9.196331092641131,8.91676433456128e-05
44.88158589232275,26.524042528307607,15.756541143346,12.837722590363413,0.00010784566021684962
44.468613424650144,28.468650015804286,16.46681386764236,10.59580941865519,0.00011327324802009299
50.20628447448456,24.44126871212297,13.462969400529012,11.889376546875459,0.000100865987989
54.94898047560453,24.099702682856808,12.256911718125476,8.694325674791612,7.944862158038795e-05
53.804210125933906,23.433468421934396,11.88021833037524,10.882015598001239,8.752375523365553e-05
50.574265241430716,25.938641771427424,13.570732271357485,9.916254065054904,0.00010665072946439258
51.337547310567224,24.411630509078623,14.49612750514247,9.754611627116976,8.304809471803665e-05
50.7627142867705,23.453677580160836,15.526452642450577,10.257059095443637,9.639517444621798e-05
51.64285487507273,20.923964103459074,14.420786525831517,13.012297856496266,9.663914042502735e-05
48.390005645165274,27.485024638980764,12.968158835283921,11.15672096538371,8.991518633433465e-05
59.1897122844325,17.10408218759784,13.4524143155291,10.253717466107808,7.374633275478084e-05
53.5300415013915,22.89256274580014,14.182189799432882,9.395114824160608,9.112921485790386e-05
52.026376309603165,25.927024393432507,12.443583934965186,9.602939980613858,7.538138528575645e-05
50.35667083610028,24.546704101571216,13.112225876769063,11.98432152152016,7.766403926303104e-05
56.06543144461583,22.666922842872886,12.3208129909549,8.946747119613532,8.560194285318387e-05
51.63678641213573,23.50278870917168,13.518577162666109,11.341749146679483,9.856934699619078e-05
51.93661999631013,25.106197084686283,13.754777436896312,9.202329764928649,7.571717861523247e-05
54.13659009346484,22.62302856746274,13.45876641800644,9.78151777581675,9.714524922182163e-05
56.361484785210614,19.358997427565058,14.485702845375565,9.793733256559953,8.168528879667951e-05
51.39193797228382,22.979716764028566,14.452140373129271,11.176118176809167,8.671374918941e-05
57.80323739605271,15.384502261872804,16.44788278725474,10.364290359958538,8.7194861203497e-05
44.23824843750118,30.22120282701662,12.929977365284318,12.61047623584398,9.513435392281221e-05
52.76383101497759,21.52541738763875,12.833147532931477,12.877512086871384,9.19775807921516e-05
54.540899100425065,20.924965795572398,15.278502499831959,9.255552722277221,7.988189335264799e-05
56.91544304055445,20.272835703102064,13.836807725329434,8.974830252755126,8.327825891891205e-05
51.79296262415115,24.477432794071284,12.715370335258026,11.014140077406598,9.41691129415674e-05
55.67975395470287,22.577338015590797,11.522372429749007,10.220451568525943,8.403143137837356e-05
47.985325754160165,26.65062003235579,14.206221178545572,11.157740195553748,9.283938473219492e-05
54.147660115664166,25.07286137482842,11.626960526633288,9.15243500874445,8.297412970320228e-05
54.85518190902109,23.035492153107413,12.05514138710283,10.054088357341595,9.61934270687044e-05
54.00153719262306,23.3530065362857,13.387909720180117,9.257458424101806,8.812680933531189e-05
54.27831929972003,22.702904949938247,12.478034747603012,10.540628250887464,0.00011275185123504838
52.86450703983368,21.414889911806718,15.865805375377626,9.85470556818971,9.210479225525532e-05
47.30046473331749,26.244009490780414,14.116348168378417,12.339077045054111,0.00010056246955896508
55.85985816503866,19.153201453304135,14.053640556967148,10.933205976347065,9.384834301256735e-05
55.78936360482525,22.8069792403531,13.348149102352004,8.055426688560315,8.13639093353651e-05
50.891597173728975,28.640505508642967,11.244318861334536,9.223496126346406,8.23299471228368e-05
46.911785699426325,26.8408875302357,14.01935725871654,12.227892368638093,7.714298332621521e-05
52.267475062785294,23.909631176988132,12.782087990693789,11.040717417408292,8.835212450912902e-05
51.01882684855988,24.24191034782343,13.025375756648183,11.713809057836523,7.798913198304343e-05
53.11714325443769,22.5937791463927,12.694122976730851,11.594854935101518,9.968733724490448e-05
46.073270179812155,28.737409021824156,14.506972618064907,10.682221391344365,0.00012678895442483254
52.71167467353164,23.90329158246193,10.688262945267734,12.696680333529079,9.046520962445771e-05
58.39639685929032,18.407827699262338,12.80118179525985,10.394520238985354,7.340720215187008e-05
52.23684590556233,24.83735555171684,12.814754785289958,10.110959794567245,8.396286361936632e-05
51.00688754488035,18.131582839439005,17.920218771762816,12.941228800390839,8.204352699169736e-05
52.900442674460315,25.152279909875364,13.571480099569664,8.375716552558938,8.076353571207484e-05
50.344209197613246,26.935995196738556,11.758261007011992,10.961458705015808,7.589362040884233e-05
51.8521574715912,27.14480819237345,12.6370837806682,8.365868035000613,8.252036652370614e-05
53.595995968132314,23.569689131244942,12.52184030531008,10.31238065767108,9.39376415795768e-05
50.5322035136076,25.25118982676553,12.475156287556038,11.741362812189339,8.755988149509149e-05
51.97469316642933,27.12771955114181,10.74633578777137,10.151157400909687,9.40937477979449e-05
45.441114123376245,27.893644836658062,15.18031176564903,11.484828320828878,0.00010095348777264371
45.62548016554404,27.514359606392524,15.858344718978106,11.001744318300192,7.119078512233635e-05
56.7223517540842,21.56601025159861,12.491480010658911,9.220064776748897,9.320690939988003e-05
55.94149347530555,24.864995082595406,9.176071875355102,10.017357026637535,8.254010640843681e-05
47.62299291687012,25.907680563900158,15.360327109516902,11.108897529983249,0.00010187972956524366
49.40405593129124,23.93619594745713,14.745406347807325,11.914237088966098,0.00010468447821590304
56.74617700410447,20.7269676891428,11.711293260023742,10.815491009012781,7.103771618757522e-05
50.49138077320398,27.397954710332957,12.392152665753622,9.718418386279462,9.346442998149758e-05
56.16285666869154,22.43961454691579,11.561727430483632,9.835709783989858,9.156991919127029e-05
52.90558430817717,21.004383840956972,14.581164900085037,11.508760480480392,0.00010647030043589134
54.596827566298046,22.560556155297217,11.83570182638647,11.00684374809925,7.070391903045598e-05
42.85047462081537,30.4908235092162,16.48759367610589,10.170994898865372,0.00011329499715697539
52.42292898983671,21.24698290750157,15.815973522054316,10.514036392601758,7.818800562893854e-05
56.28417228919616,20.614035669277552,13.759997151058961,9.34173259450583,6.229596149172765e-05
53.01509455793523,25.3561366187008,11.55958492598131,10.069105755501592,7.814188108589045e-05
50.042549832764514,23.83735072974452,15.305163187095722,10.814849843269519,8.640712573694514e-05
51.572033604655886,23.073268467761217,15.549360865072046,9.80522032423919,0.00011673827166187785
57.284159683019595,22.308922180759772,11.403363095588173,9.003474683353476,8.035727899028707e-05
58.22422423156996,19.767446217729564,12.181363828771321,9.826899955431612,6.576649754269542e-05
58.74621331296383,20.16895843893975,11.61564245661766,9.469099646975979,8.61445027801803e-05
52.11097304990198,22.473198394523326,14.493428454788523,10.922281522485843,0.00011857830033608615
48.947315175687564,23.318558384021834,16.110344843854882,11.623684096968828,9.749946690997223e-05
49.986456445416685,24.376547102049347,12.819587964604837,12.817319393171312,8.909475783106283e-05
47.86642380399381,26.085405326862816,14.411488386220444,11.636593866313843,8.861660908444092e-05
43.491565645246425,28.19745755993407,14.13144809551409,14.179412622009895,0.0001160772955274752
51.490995385347425,24.263387993900633,13.433871336436463,10.811632123417652,0.0001131608978066911
54.07786386650542,23.652013466773546,11.65125900382044,10.618778206102855,8.545679773865598e-05
49.39107465626155,26.25047031760765,11.866995280869979,12.491360999206249,9.874605458070602e-05
49.31251218363072,20.587000280089217,17.092101604243524,13.008282423383896,0.00010350865263618685
52.40825590544732,22.68124728111121,14.586036945503922,10.324368652358476,9.121557907031793e-05
48.431665384900626,27.076812022543468,14.577706140500293,9.913707835715574,0.00010861634003841933
50.61766146766905,22.89427443208882,15.822690735292595,10.665271633851576,0.00010173109796832653
49.25471788625396,26.352823905992796,13.989565145046011,10.402813656042085,7.94066651500753e-05
57.251504901593805,22.18865675880304,11.63482257789903,8.924943785065938,7.197663819424481e-05
50.79854612645324,21.768615701131562,14.680280994686024,12.75246259774592,9.457998325316089e-05
56.411246119905755,21.75725864092815,12.579409449736168,9.25201701990736,6.876952257657902e-05
54.67712233188422,20.0643400797537,14.512774121702313,10.7456560177926,0.00010744886717460528
48.54241100729883,25.833691359703785,14.906630529130677,10.71718234137254,8.476249416069577e-05
57.21583006053913,19.33252642096494,11.338248400290642,12.11331261984873,8.249835656011167e-05
51.97525648635663,23.962994499745633,13.444549519776535,10.617080660049858,0.00011883407132598053
51.445620812074836,24.057969201400997,12.208260641375412,12.288061651387192,8.769376157180816e-05
58.61825823885146,18.129055616559224,12.418099297584122,10.83451918209994,6.766490526024558e-05
53.55798011069683,21.206835477510914,12.450401370075918,12.784697807732739,8.523398357701765e-05
56.02982614707659,21.190913362427764,12.909317556079994,9.869849625981148,9.330843451879589e-05
44.19663211803046,29.570971050799212,14.062862771638612,12.169426055346852,0.00010800418486627923
51.61983082458329,24.32236396733575,12.218265079964267,11.839447491212487,9.263690420032491e-05
55.03112496101797,21.091931101414758,14.925369419121967,8.951497178920901,7.733952441420199e-05
53.53806982474282,25.137836214839698,12.308119391489706,9.015882897176201,9.167175160237728e-05
51.44289880189235,25.03427389200143,13.165523003238386,10.357211943348418,9.235951942894217e-05
50.65614022318806,24.960870575480623,12.383942916763113,11.998953054325199,9.32302430092069e-05
50.209238722804315,23.553958964432713,15.32235916029879,10.914360959321986,8.219314219274833e-05
60.81919575939707,17.362582437721503,11.969574672190834,9.848572999910882,7.41307797061116e-05
51.574903666362914,26.04246076428027,13.531266466747297,8.851283571752216,8.553085728353222e-05
53.84788824012865,21.921204267631527,12.279968372493768,11.950853508471845,8.561127421503707e-05
49.811691844271486,25.755325420655357,11.602974282129708,12.829911792965149,9.66599782905768e-05
53.455947278105675,21.725491019576594,13.177199606579276,11.641291730543943,7.036519450794619e-05
48.68204587917683,27.818095105692592,13.575212234243434,9.924564316911926,8.246397520916951e-05
50.52158580354207,23.591997784965493,12.759719073167902,13.126603907328672,9.34309958457112e-05
53.51946024339891,24.660928271964988,11.597428230331209,10.222108200954857,7.505335003744063e-05
50.4993369001289,25.739513869778225,13.886567590702159,9.874500016505374,8.162288535564806e-05
50.31739818362394,21.791023951279392,16.764331768068534,11.127159496796388,8.660023175770911e-05
49.93303477027119,26.543102893281855,12.408912802553022,11.114872156462985,7.73774309406107e-05
49.88281661029003,26.00118104960034,12.950966455974038,11.164939379053326,9.650508224888401e-05
54.928640709010715,21.1744870133329,13.001108458049934,10.895685048721369,7.8770885072684e-05
45.63609764843039,26.964655525301623,16.524466940891447,10.874661806528705,0.00011807884782457863
53.75585965313512,20.46114448526578,16.518807647440937,9.264092275878657,9.593827951626453e-05
51.988222512963254,23.104059057959397,13.84710283532698,11.060526810208753,8.87835416225352e-05
55.001742710420984,24.379100044511077,10.206842953269248,10.41224382172178,7.047007691933964e-05
52.64018242343448,25.421671567305992,11.749545682309062,10.188503604849737,9.672210072759723e-05
51.367433810770976,20.850928146139438,15.730701283684107,12.050841408373788,9.53510316944179e-05
54.005462330086786,22.959946237111144,13.524692098645302,9.509807327717771,9.200643898742336e-05
54.314247835383576,22.7021948962023,11.709369775827756,11.274083468813455,0.00010402377290891915
47.305394780278576,27.711575964989592,16.075548705738317,8.90735673834383,0.00012381064968861472
52.36647391460137,23.830749140555863,12.34277307585312,11.45988990625112,0.00011396273851711021
61.29188363778694,17.880068431166727,11.67385441464258,9.154103630899915,8.988550382604005e-05
47.41322218442387,26.537451394252248,16.05562349547835,9.993624709580798,7.821626472374234e-05
47.361008362093024,26.87449143304018,13.170850878601762,12.593531078384313,0.00011824788071158864
52.27978211547411,26.37025141873337,10.699529969325763,10.650355526419347,8.097004740618705e-05
54.064944836646276,22.44779144813398,14.338397641064478,9.148772591634616,9.348252064308975e-05
49.568384049472094,25.78813002331261,13.7309791325916,10.91240290666161,0.00010388796208321098
54.266564277609675,24.790834232826516,11.967518757245577,8.974991468603465,9.126371476247898e-05
52.59471089668634,22.588607589907042,13.497433764321649,11.319148377239124,9.937184584761461e-05
50.08252944772805,22.32675699979455,15.169350449928004,12.421273542513681,8.956003573080218e-05
43.11876847746417,31.84816598936123,11.879891845699616,13.15303680271861,0.00013688475637631083
49.1484234004411,25.94754415630221,12.79200173507096,12.111943594285963,8.71138997709512e-05
54.330707911531505,22.367618483385517,12.192441157464193,11.109143592686994,8.885493179653854e-05
52.005328819732945,24.504968555168514,11.351282236843481,12.138320706223814,9.968203124418779e-05
50.180086597825515,24.013311379439173,14.24056031750021,11.565929028601397,0.00011267663369708705
55.882985562444354,19.48468911610736,13.038667636725082,11.593578701531499,7.898319169576764e-05
51.90609145938598,24.86774072100921,13.70588245315372,9.520201118482108,8.424796899752379e-05
54.085138025583426,23.34506617361005,11.57599532711302,10.993716003039339,8.447065414693375e-05
49.90639057750821,27.36859597425943,12.227912453264798,10.49698625811829,0.00011473684926545616
51.575856540856904,22.701567660422953,14.085009450180557,11.637486888194966,7.946034461361839e-05
53.87773296894177,22.704114116548148,13.151083130461771,10.26698490479186,8.487925645686773e-05
56.95701945873597,19.236984419097993,12.961727237893031,10.844190193065815,7.869120719711138e-05
51.93956946411129,24.09862615407378,11.596125927663461,12.36556502349045,0.00011343066100349345
54.99658527984719,21.15638098165492,12.469959879537756,11.376988027505321,8.583145480046997e-05
56.87466284678836,21.798574613197648,10.40858089217439,10.918091660591047,8.998724853993106e-05
54.65811057532171,24.002766706747174,12.598318695611454,8.740715857580431,8.816473923630608e-05
49.55836986801258,20.76640939832227,17.707836361006215,11.967303463104997,8.090955393417473e-05
52.31404053859837,21.103055932174737,16.06579016324623,10.51704159656195,7.176941870382767e-05
55.08520193868903,23.26475138986798,12.099265559810004,9.550695229502377,8.588213060708811e-05
49.83262520992988,26.703683359353725,12.659195407090474,10.80441012536348,8.589826244153622e-05
51.90311311620071,21.109827606635747,16.031825759459238,10.955140441199424,9.307650488932569e-05
53.139197213055176,24.166557434858937,13.129867684743704,9.564300071903503,7.759543869407291e-05
48.94072970478116,26.031018236352526,14.500242701806757,10.527917428584049,9.192847551525603e-05
54.886755216768535,21.333968973792057,13.666403837528845,10.112762980227984,0.00010899168258689505
56.896367146909064,23.632873803777017,9.72364959435581,9.74703830050113,7.115445696353425e-05
49.66129317896363,23.244179620336958,14.502143119420714,12.59228523548795,9.884579074712962e-05
50.2306977668229,25.11898067819808,15.332658304815746,9.317554185713638,0.0001090644496196318
52.02169229394854,20.814541876444956,14.880726390888595,12.282940233197381,9.920552051905225e-05
50.838385450676384,25.050898934865096,12.057363001794375,12.053259764642508,9.284802163434402e-05
55.993503746497765,22.570427550303922,12.257824143178205,9.178163963087975,8.059693213256391e-05
56.67825886782829,19.34033754080523,12.041708955774014,11.939597788559391,9.684703308310921e-05
53.93084146191839,21.91461787100497,13.355091924350681,10.799338510348075,0.00011023237789768057
51.09751410475473,25.104488125987988,13.843536311751043,9.954379345646482,8.211185975654811e-05
49.53373849063378,27.437782138890494,13.443793704047174,9.584602612937081,8.305349146062748e-05
52.23283570868986,28.86738244747138,9.430837995056248,9.468832375954072,0.00011147282842916329
49.989210911679095,27.96140620931073,12.618444799854087,9.430852307594527,8.577156154973582e-05
48.49348309047421,29.05237590299749,11.057281830450917,11.396775942974818,8.323310258321932e-05
52.49167682276874,26.268061989733404,11.283666051629877,9.956514726605059,8.040926292537035e-05
56.17407801269375,18.275315174063778,15.176320913439978,10.374202084695527,8.381510697891497e-05
51.16389724568799,25.992543196667295,13.179185839627824,9.664289896375955,8.3821640930554e-05
47.220051915754915,25.71795237855101,14.22842076612962,12.833498033208555,7.690635590359312e-05
54.39299717345932,20.663866564231448,13.354470924418482,11.588584360624248,8.09772664991319e-05
46.302609606237105,23.579262170498648,18.654998427694494,11.463009823227132,0.00011997234262290544
58.03137331689493,22.762958613263525,10.460247510061677,8.745357025623399,6.353415648913432e-05
52.204475257591994,27.25749377488939,11.703488972876023,8.83446850757826,7.34870643164299e-05
55.87104552994594,23.140184873939397,11.847704859759961,9.140976285678903,8.845067578769411e-05
52.44991859748323,25.340654653352306,12.182776990087234,10.026554631939957,9.512713725268068e-05
48.21409278629323,22.429797171181363,16.81628377744659,12.539720856896228,0.00010540818258147265
46.278390730682254,26.94936872561201,15.634686651850735,11.137461366701517,9.252515348792543e-05
54.442788927663685,20.50282822811492,12.750990621484704,12.303306979396874,8.5243339814613e-05
53.90099703475083,19.9259295144092,13.220828962302647,12.952138767909203,0.00010572062810787894
50.095772214067246,27.612596588067035,13.707464969849193,8.58403263057346,0.0001335974430847685
50.110286987918585,22.30133242769458,15.924211951278796,11.664068879076089,9.975403193314639e-05
55.03039146057511,19.358619055958865,13.398200658590723,12.212681278243895,0.00010754663141286338
53.9514841732864,21.11364252564046,13.113349860940312,11.821445138201467,7.830193136205487e-05
50.90299061402109,23.774764756041943,14.751477939881264,10.570662729468927,0.00010396058675021391
52.110871817344915,21.367695296180152,15.43171124931887,11.089609136891994,0.0001125002640626561
53.41757006046879,24.477049754993825,10.31942863829233,11.785883977479084,6.756876597370475e-05
52.3726446954392,25.01710377914484,13.482800546250317,9.12736308964992,8.78895157413366e-05
52.43027337794204,23.858290507847947,13.049112879722053,10.6622275213771,9.571311087325879e-05
51.06799867678803,24.33380926388212,13.779853660532194,10.818246944571836,9.145422583900803e-05
54.01226223513822,21.205312253804724,13.650301325800681,11.132031453630258,9.273162611145205e-05
53.30642442265729,23.234120585204185,13.357517193873953,10.101837809186735,9.998907786469781e-05
51.397387122528514,24.53377974359178,13.05476509432789,11.013983241604212,8.479794761425284e-05
48.59807583088537,25.446404642524318,13.993675745293558,11.961776963966262,6.681733048698632e-05
46.851069745221885,28.4434373552654,13.157921805607684,11.547477058477593,9.403542745820256e-05
55.29994977615833,20.50433968038153,12.665432239808094,11.530199804921445,7.849873060166435e-05
52.784955799023116,20.56507949209341,14.74298818290226,11.906864343821002,0.00011218216021159432
47.7670125223394,28.525724878319807,11.991124969854361,11.716055926250787,8.170323564264093e-05
55.52124471256145,19.938823472001125,12.720633078022828,11.819207208954156,9.152846044356997e-05
54.26943776023935,23.206820651560015,12.563441048427059,9.960228420847193,7.21189263933091e-05
38.09554945111444,29.04912606488409,18.796722070343808,14.058481014850235,0.0001213988074416314
47.836582106199586,22.089810260611966,17.038714385496498,13.034774760126705,0.00011848756525489617
53.06564123956116,24.15318320573316,12.573774859989713,10.207314345323903,8.634939205427371e-05
48.74647932172715,24.49328743445241,15.043864619855041,11.716273854072579,9.476989281773955e-05
48.26255581150468,29.454223818627195,13.617176090390274,8.665946845839066,9.743363878942873e-05
52.542928202169435,23.203976384802736,12.717671549722953,11.535332842099324,9.102120553384942e-05
55.94683296153232,20.579067087490547,13.204953066223435,10.269050154096854,9.673065684567887e-05
53.12663569495667,21.469478722197394,12.100548370071387,13.303267954883577,6.92578909658103e-05
54.03229254420029,23.999801612963388,11.68228032627454,10.285543927235544,8.158932623364476e-05
53.420325926350756,22.660315725797954,12.673976836394136,11.245293145671017,8.836578615891605e-05
56.39732628438462,21.08188488080363,12.873219242107456,9.647475042098105,9.455060619520611e-05
54.31368383501628,19.510481289580106,14.306818183680726,11.868943726622362,7.296510054563194e-05
49.55313877752873,24.617342771341672,15.921063875621766,9.908357815547665,9.675996019148951e-05
56.04658089468349,21.329302015182716,13.194723663540039,9.429315437411688,7.798918205937374e-05
51.60106480033002,25.256440128243483,13.185013033060697,9.957385464495278,9.657387051471435e-05
56.78623054231252,21.285564963327293,11.86671729011273,10.06141553876134,7.166548612699124e-05
47.78423735548462,23.070577926203,16.391787472739395,12.753291633475191,0.00010561209777667892
53.73966312874421,23.880529495638303,11.493184049774936,10.886541800001655,8.152584089697014e-05
58.197435041630655,21.192085065470515,12.01607488095924,8.594325262005608,7.974993398368043e-05
56.86965040391969,22.2507354327932,11.239509064922505,9.640037116476043,6.798188855841288e-05
59.332879049402024,19.76460780881618,10.96317454501295,9.939267036137599,7.156063124387468e-05
51.34098109051983,26.54436910473826,12.031298862050807,10.0832695853077,8.13573834191227e-05
50.59224430326697,26.724243318884007,13.088923597614224,9.594483597284706,0.00010518295008854156
55.54791407452871,18.62621062306726,14.34286298764863,11.482937592204813,7.47225505881809e-05
52.02717978936961,24.349217792749474,12.421015204618906,11.20250583699226,8.137626974702713e-05
56.8531422149718,18.354819260703824,13.02902199754095,11.762923414779442,9.311200400779424e-05
57.063852039040874,21.3917938945182,11.715561293234156,9.828711287541491,8.148566527060659e-05
56.79755200200945,17.37262486850388,15.076239329580693,10.7534716313352,0.00011216857077244538
55.70144754341393,20.68153890358379,14.090587583249134,9.526345499496419,8.047025671721856e-05
50.39900857755012,26.765987352756575,13.483464997491708,9.351449581511998,8.949068959273884e-05
53.32880712317616,23.069606524628146,14.383121203453195,9.218369644617303,9.550412519809852e-05
48.17348509563635,22.733042291799507,16.178057835545694,12.915320291141741,9.44858767133747e-05
55.650092377822865,19.557771579514245,13.308974844597484,11.483089235335548,7.196272985810474e-05
51.87442417231395,24.029531188457366,12.582742580755149,11.513221117556919,8.094091662504778e-05
54.69584666482022,21.011122285935933,13.088339958440532,11.204619542359753,7.154844356327934e-05
53.73080408224309,24.289568041880376,12.364521915831924,9.615020550440837,8.540960376579362e-05
55.31259149987178,21.780531167803698,12.173410427731648,10.73337307510694,9.382948593444704e-05
50.52753651431093,23.116120259721914,14.557641308116844,11.798604363291428,9.755455888932614e-05
49.695601493348356,30.011990271312534,10.538677306610666,9.753596600048699,0.00013432867974258247
56.70689245164606,20.39195352137786,12.62892137920841,10.272151162097156,8.148567051071944e-05
48.894863717017856,27.64416579395795,12.534743379912861,10.926134192716688,9.291639464045794e-05
59.248554556580814,18.406315085819294,13.828448687056166,8.516610339120838,7.133142289630192e-05
50.28199454190022,23.516802667999436,15.032616300671547,11.168498563938495,8.792549030301104e-05
48.20857251609118,28.647732402826477,13.792711366810707,9.350886001515288,9.771275634789207e-05
58.04941209273965,20.269776822220027,11.174008162265638,10.506693534450731,0.00010938832395942297
49.447033997846894,26.829821880333917,13.965085152007864,9.757969987875446,8.89819358822345e-05
57.02080243801131,17.370726787974068,13.164722059851261,12.443651420131566,9.729403179015466e-05
51.79823050000329,24.248254166007943,13.623445542130632,10.329991976372858,7.781548526225975e-05
53.1301136659505,23.40932228192241,13.062640327044619,10.397833539667392,9.018541508245933e-05
55.23914897518822,23.53880863079337,11.066820011504177,10.155148141998106,7.424051612725971e-05
55.17051363849036,20.41430839067713,14.054661417344011,10.360435482974953,8.107051354637812e-05
46.999631751833874,25.769013816104515,15.596756961858649,11.634496185098607,0.00010128510435501273
54.12349582011549,23.036560085931733,12.248641219468858,10.591200711118153,0.00010216336574908201
55.38102285174794,21.96167743288256,12.018188669771922,10.63903297580269,7.806979489241738e-05
53.99467199951731,20.728878271318873,15.582719123489081,9.69364869379845,8.191187630589456e-05
55.56313934900747,21.42961886234624,13.065200711106742,9.941944663531272,9.641400826795836e-05
54.708378139415004,22.447771303959456,13.615172759526265,9.228592861302024,8.493579724987979e-05
53.3583483380346,22.1596275843417,14.918127976852094,9.563811956817206,8.414395439863836e-05
55.01227903352679,20.98749719602044,13.326143586011746,10.674019782046146,6.040239488724524e-05
51.31014387019742,22.871306363938395,14.22015112761455,11.598292573024125,0.0001060652255151969
54.48941553522418,22.784349613479,13.370557941367487,9.355592235574587,8.467435473147717e-05
50.11748171160602,23.11682865346789,15.187618693308554,11.577967974001709,0.00010296761582606758
56.920680476265815,19.82929762887874,12.567441452732094,10.682507732389016,7.270973431765537e-05
52.63803789559075,24.376688139694956,12.68867007692178,10.296538641962686,6.524582983316863e-05
47.894964720081134,21.343811076078598,17.90939571580768,12.851746481064316,8.200696826970807e-05
54.01968058046644,23.832373454691204,12.66029865298273,9.487566654750838,8.065710878120424e-05
46.71766763998367,28.761805368340283,15.005559958611004,9.514868292493002,9.874057204929666e-05
60.008042563664446,19.15043609940364,11.604768140744827,9.236680821803867,7.237438323834669e-05
53.99401280653308,20.46123918695739,13.538986961202,12.005676114560243,8.493074730126202e-05
53.239132780287214,26.44429874867412,10.803834793484993,9.51266157149537,7.210605830977933e-05
52.82056819502073,18.995272691218027,15.996526562838323,12.187539266662162,9.328426074081941e-05
53.61087600294995,25.48622731939796,10.752286298172328,10.150530738470987,7.964100877424803e-05
50.533509591252766,27.147895777951252,13.523335589132538,8.79517919148315,7.985018030223068e-05
51.85359454799781,21.508905731812348,14.20974488766095,12.427660328034653,9.450449424686913e-05
54.830396036862524,21.44205266695229,12.525745275960823,11.20171220625991,9.381396444905427e-05
46.985198850307754,26.57652684579444,15.762167497492797,10.67599870698114,0.00010809942386338646
52.4933115858245,20.04300343344857,18.152629760910138,9.310963588490306,9.163132648297948e-05
55.12655952169981,23.58462142830761,11.937489620762848,9.351240412107984,8.901712174301009e-05
53.07501598889027,25.111938642066406,11.648923917461344,10.16402546501035,9.598657164271966e-05
52.66553525933892,25.05452118802818,10.543596268172369,11.73626624851765,8.10359428839802e-05
53.70938295625586,25.528076298960766,11.464925146771328,9.297535637561536,7.996045050518229e-05
56.02988919819051,18.879479641087055,13.051869788329068,12.038667583392389,9.37890009835919e-05
55.04063823705786,23.27163553146509,11.171978665368233,10.515638754395432,0.00010881171339067395
51.55658683610332,24.412246385738957,14.038212073076295,9.992883079820611,7.162526080892111e-05
53.21673760870933,23.668562219580025,13.835543712863284,9.279066997302351,8.946154501684248e-05
51.282536755351515,24.23942576777691,14.641706611644425,9.836244701564828,8.616366230998158e-05
52.53837280860919,26.68928939025717,10.04107409397034,10.7311722815468,9.142561648752413e-05
55.53391570052284,22.283350159415775,12.511641745570007,9.671004174128157,8.822036323410547e-05
56.19280638563099,22.1245803455392,11.977966812118712,9.704556626666621,8.983004448359207e-05
54.5387328211016,22.83200778612125,12.396587968404853,10.232591610487834,7.981388445060584e-05
50.76887712810117,22.871090778288618,14.604151796493156,11.755769254596593,0.00011104252047132011
56.430611231401016,18.86552612533105,13.604079560521628,11.09970219842421,8.088432208423403e-05
51.851139666658355,25.72605488642134,10.8949068938203,11.527816339019816,8.221408018528984e-05
52.716035378092464,26.10897852585638,11.756072812198694,9.418810596357421,0.00010268749505417058
56.247462821496605,21.351921768059594,11.379233044571745,11.021302505336084,7.986053599116288e-05
54.65553862968131,23.19026796156803,12.269060421772958,9.885045682634983,8.730434273499988e-05
49.562567019858015,24.867079833820625,14.262750933738747,11.30751178342,9.042916261812864e-05
53.09255748541475,23.872834698650276,12.570528861402439,10.463996206468615,8.27480639252543e-05
53.74633870136195,21.586253069698365,12.373373373161794,12.293953864139644,8.09916382233707e-05
48.61523055252392,27.208135482761058,12.70147436408935,11.475044374079875,0.00011522654578811996
51.78556055239437,24.35126745008408,13.492271828871308,10.370804762570462,9.540607978065647e-05
56.69263695976664,20.455326459075668,13.141883397793114,9.710074123491088,7.905987349312701e-05
53.47156926787289,22.806123976761477,13.012338638681145,10.709885820276842,8.229640764012433e-05
49.1960525568771,22.293892985723637,16.346380572469428,12.163575910701274,9.797422857035471e-05
41.30599062861084,34.60444453563957,14.334113575674573,9.75535171533093,9.954474407934932e-05
54.73054793641139,24.176335604816998,11.78638347206781,9.306651099724988,8.18869787909586e-05
51.72220127360189,26.722395069501655,11.553042291918832,10.00227495751675,8.640746087348358e-05
48.280591546567216,22.92515342424243,16.15204945803446,12.642106674433073,9.889672283405311e-05
50.984367421962,27.758918947182252,11.018133238159432,10.238494833965044,8.55587312677262e-05
55.89258603349838,20.271101248085483,12.014248225059644,11.821975078490238,8.941486624947658e-05
56.1896990069049,20.132493876631948,12.045405223533159,11.632326316460126,7.557646985973326e-05
47.079072767149995,23.261416098779378,18.18619995425407,11.473229956673789,8.122314275190541e-05
50.0993802365716,25.392466875805976,12.385507417584266,12.122554064133888,9.140590425911619e-05
52.57195873602416,24.324464156906483,13.033604563422244,10.06988616848425,8.637516286427185e-05
51.31729685431683,23.252419369887896,14.087932665759809,11.342259800842763,9.130919269654069e-05
53.28538927866365,24.496699252668506,12.148126473813981,10.069690631666713,9.43631871494407e-05
50.37316227198606,29.25391944602007,9.144028013463783,11.228819485461084,7.078306899370298e-05
56.51246476898901,21.023448726234278,12.774245788935627,9.689772829935537,6.788590554692166e-05
48.542960217912714,28.75997110376437,13.06153464898723,9.635460676743012,7.335259268331325e-05
56.46735105720154,24.391172164685813,10.050440243984744,9.090947593927377,8.894020049759346e-05
49.205342965731724,27.017674224209543,13.861268983995009,9.915631108013018,8.271805069518277e-05
47.14144203627443,27.585480995501527,14.498024364101934,10.774971774557946,8.082956416469453e-05
57.07748938931718,22.467964860731193,12.724676100952543,7.7297813227580985,8.832624101452073e-05
51.60315817302219,21.468137299380295,14.38848991307133,12.540110424046503,0.00010419047966232409
57.4484270264104,19.625247213932997,12.7510140774723,10.175240846199392,7.083598492441172e-05
53.53558056657023,27.38720599422922,9.084052651863503,9.993074740556573,8.604678048541712e-05
55.29589021310104,20.88109235091993,11.999043113757969,11.823891556007691,8.276621337683363e-05
53.80525057009896,22.64405148702695,13.092199369154036,10.458418017940545,8.05557795132196e-05
52.65318723373801,21.943005641535425,14.131738033135868,11.271978241366671,9.08502240397997e-05
45.67688524603534,32.24833092530309,10.372922841018164,11.701758322587706,0.00010266505570666669
56.00730741457042,23.174948086921702,10.640069706713396,10.177579223695718,9.556809877795682e-05
49.425317442915386,23.85579703438516,14.896917594144062,11.821867310173838,0.00010061838155961748
52.42507092786951,23.523977069996153,13.781189764481299,10.269671047108492,9.119054455374601e-05
54.94548763993312,21.859452736209935,13.886438067061643,9.30853411433235,8.744246296573645e-05
58.950211852328685,20.539047534188583,11.115700091132775,9.39495958775522,8.09345947546007e-05
48.59053731778822,29.250918856011193,11.285619927073123,10.872837937722512,8.596140494285599e-05
52.939630069217046,23.558851360846518,13.335472206993831,10.16595478085539,9.158208719651622e-05
53.95094192637938,22.0730894746698,14.116969288365613,9.858907268753116,9.204183208999471e-05
53.61864070006834,21.867595288852513,14.610856799429882,9.90280496342242,0.00010224822681554367
53.168611929522655,23.05008234618185,14.145596337238606,9.635627776270614,8.161078626895718e-05
57.13090089046382,19.254836464901658,12.895258926254069,10.718927870717444,7.58476629936598e-05
55.522454870481575,24.864107453230254,10.488072827686148,9.125311389905239,5.3458696793163406e-05
48.33840425423785,25.57088226479931,15.244312015590117,10.846295501457309,0.00010596391539775308
44.191280930464686,29.83000633568455,13.860486382018088,12.118124966047688,0.00010138578498109902
53.780650164509055,20.9077556457543,13.868710076198088,11.442797196123344,8.691741522225054e-05
58.67259819310207,19.951955076803696,12.751928684912967,8.62344766945122,7.03757300514715e-05
54.049107671153585,23.985099404348205,11.389439482217272,10.576266785904478,8.665637645379411e-05
49.17490894040062,23.709766947949433,14.558653780046251,12.556581941999271,8.838960441599991e-05
46.19953458359452,25.639585026344776,13.719737359936616,14.4410435861351,9.944398900372957e-05
58.0895692555132,19.577715153783576,12.148798538834399,10.183828967942425,8.808392639033919e-05
49.116571386954725,26.314428466932576,12.390701204351181,12.178202479757648,9.646200389575758e-05
52.56482146999936,20.086932121733607,17.319925329711474,10.028217162938002,0.00010391561757202966
52.76362124972066,26.0600314112043,11.301545375405691,9.87472857145984,7.339220951702499e-05
46.91897582509328,27.273408864506905,14.17763424817723,11.62987660441544,0.00010445780714669653
53.51739393382163,21.669539904968453,13.45364738750329,11.359341981072832,7.679263377935332e-05
53.28280566010895,20.011766802240146,15.31448920871573,11.390855748748576,8.258018660012138e-05
49.678515530931506,25.75808529557331,12.859959478205788,11.703349662438653,9.003285075887608e-05
52.227653308690655,25.10054211850444,14.193357273862928,8.478358615140369,8.868380159247496e-05
51.41388703540443,25.58784694396406,12.734496827373478,10.263688722556086,8.04707019442602e-05
49.69850891610432,28.20531548109849,13.155602215670648,8.940494314157139,7.90729694101751e-05
57.68145254302183,22.04301421436559,10.999237762751816,9.276206075751052,8.940410971191247e-05
54.03459866713591,22.685416484102873,12.519249837817437,10.760661329028714,7.368191505369131e-05
51.8533759784225,26.388557478682895,12.501435745177089,9.256527194057913,0.00010360365958479451
53.283272408886205,20.461821343042665,15.414434542931266,10.840373778980943,9.792615891665455e-05
47.50426150078033,24.44942704472109,18.415649315497742,9.630596589328244,6.554967259851764e-05
56.798315113686094,15.637989412803249,16.358317902787977,11.205311170224375,6.640049831427948e-05
54.537054726623865,22.778960445213258,13.657962918099173,9.025940233500473,8.167656320959572e-05
55.730982678199105,20.481064005228124,13.107172591154532,10.680710695350172,7.003006805373018e-05
55.917641380653315,23.210530931419626,12.000838111777062,8.8709185721426,7.100400739508217e-05
52.87937140823523,21.853229351340808,14.055512520637933,11.211796745455512,8.997433052338097e-05
54.09763298272667,21.71531992541773,13.176051595104719,11.010915745858977,7.97508918857401e-05
49.10667221691018,25.49164280478353,14.24146412549818,11.160132062669101,8.879013902050856e-05
55.45955999019314,21.747106201517408,12.812824650792287,9.98042277272601,8.638477115669321e-05
55.38305506016216,22.83085210531887,12.178374206675386,9.607629418822695,8.920902089449724e-05
55.43753092479552,23.627905599902533,11.930193666221482,9.004285177007974,8.463207250992202e-05
51.816168575417954,24.67579145234383,13.255303255766055,10.252655625317832,8.1091154311374e-05
54.70582481978301,24.186019217157195,9.303909265021126,11.804178307159573,6.839087910985863e-05
50.98501173278096,25.97317473123551,12.953950682704289,10.087772071023807,9.07822554561277e-05
46.160576514307024,26.11342654108897,14.332792450984636,13.393093335655394,0.00011115796399655242
59.264553833058706,21.456852066667814,10.880196369087683,8.39832132472243,7.640646335997411e-05
54.980970403178965,25.538136985285835,12.058312583029469,7.422474389292464,0.00010563921324351056
50.398733025739915,28.02536203306672,11.995390003545694,9.580412792345639,0.00010214530204117941
55.20111692556885,19.130095994558648,15.01597079410058,10.652710059874131,0.00010622589779976053
53.15617008786202,23.32496533362845,12.700795471630999,10.817977552937709,9.155394082949791e-05
49.23210754747393,29.700752240746098,11.698572053182524,9.368491507236651,7.665136078183662e-05
52.61621685549156,22.4337259085365,14.354570943057762,10.595400754096126,8.553881804508616e-05
54.694770300474815,23.019427988607323,11.571038637839042,10.714703141815427,5.993126337122243e-05
52.22472947864384,23.107031089437694,14.44723755665828,10.220919872711699,8.200254849747708e-05
55.22462448563661,20.537106501542777,13.523432522640652,10.71472220735908,0.00011428282089386844
43.89076173691363,27.910631874631235,17.948202653831814,10.25030148712027,0.00010224750304493305
52.007851754610314,25.81950083825636,11.57125498576662,10.601321333556081,7.108781062415787e-05
51.04516189587669,28.71329765944869,10.898682043133382,9.342771414784403,8.698675682549524e-05
54.6185756943587,16.962687479394255,15.242402460077681,13.1762593286019,7.503756748062462e-05
51.58440731458863,22.32956556626852,14.957630530703353,11.12830279479715,9.379364234251e-05
56.238158123900504,23.187998489696763,11.448495185284449,9.125263161679152,8.503943912432514e-05
51.32003830857116,23.83090533364848,12.323234025912546,12.525725258844883,9.707302293979421e-05
57.84614370110197,20.8707365996304,12.347717661222783,8.9353189089466,8.312909822534448e-05
50.029944221138464,24.83638242398129,12.890968565747235,12.242618469660044,8.631947296475018e-05
50.97718944722036,25.53747837773841,12.839371750548828,10.645862244261533,9.818023086418051e-05
51.153317387392605,25.31049929293659,13.343573198071745,10.192517537243647,9.258435540657882e-05
52.42494494959685,26.96040304311117,11.043411711129892,9.571153212516537,8.70836455501952e-05
49.62361570171774,24.518123029021304,13.869798797450713,11.988365358341023,9.71134692357868e-05
50.18926398967687,23.674161209490848,11.794092795994036,14.342400205579692,8.179925854658245e-05
52.51333739592388,24.69666831665631,14.243729438899551,8.54617715761295,8.769090731447023e-05
53.956626900796735,26.23318231019729,9.486707098290783,10.323396936949,8.675376620638607e-05
52.762886701741905,23.343613375137746,11.887240268144327,12.006185159066346,7.449590967954237e-05
51.419763186459335,24.137698680921275,11.567380392904427,12.875070659157533,8.708055743791144e-05
57.73348321410976,19.57896512667831,13.323046331540054,9.36440463042893,0.00010069724296760059
50.339199594403716,23.142476750088633,15.284842235773857,11.233391786966013,8.963276778461163e-05
52.21179609379004,22.98180180156136,13.761572270385614,11.044734927264912,9.490699807016806e-05
46.87454121242134,28.73919952338571,13.909822346887028,10.476330753705302,0.00010616360064133736
56.82204497163382,21.12724691891126,11.88650114341164,10.164109975508701,9.699053456411544e-05
55.5021273682985,20.600287322462655,14.30347512983089,9.594013717999001,9.646140895049352e-05
56.03165952244537,23.25789416168448,11.873063487938342,8.8372919074167,9.0920515105746e-05
47.41750517906619,27.41711938670044,14.592608181365144,10.572655462436803,0.00011179043142096552
51.7174929963251,26.49632824463074,11.870303285408868,9.915808229518655,6.724411662085919e-05
57.77352113400145,21.541606775393056,11.214066845426828,9.470718845687252,8.6399491417589e-05
50.334216543683176,28.190551367673216,12.042527108792985,9.432617924346506,8.705550411857372e-05
45.28598286949119,28.19986513528599,14.840837122313506,11.673234140261563,8.073264775799634e-05
58.461457386714514,19.470448013472968,11.758039377448185,10.309977489587432,7.773277690396941e-05
45.5060226684635,30.65013867233994,13.301101107792185,10.542653231586955,8.43198174214355e-05
52.114207541577976,27.480700004882188,11.510922698076621,8.894069698445714,0.00010005701750192712
53.61460496569542,24.095145402475552,10.160306629232426,12.12985486428937,8.813830721786682e-05
53.8810294512927,22.658728788759085,12.22103411734308,11.239083766425987,0.00012387617915831127
58.550562170087886,20.059021347985283,11.930085372041269,9.46025181571444,7.92941711290727e-05
49.78425674047925,27.719226877553325,12.0741119834156,10.42227047984139,0.00013391871042934953
54.4861602416502,22.12977319243989,14.13315848551457,9.250830712833636,7.73675617169413e-05
58.15240377090368,21.36033959253709,10.691349511390918,9.795835830819332,7.129434898146196e-05
43.272499518701366,28.183646293179994,18.194785829249245,10.348974892020287,9.346684912821829e-05
49.65859567717118,25.439491065454295,15.13492263568293,9.76690913268645,8.148900513920393e-05
50.33045819999623,25.337345276441315,12.853502657397339,11.478591927128551,0.00010193903656510224
54.9816318324549,20.106750394915725,13.978631256077334,10.932909283701226,7.723285080439251e-05
47.897291223738506,29.871838566430725,12.699415231224034,9.531366133697688,8.884490905871824e-05
51.16003002745803,23.172682459891934,11.801572956066256,13.865636201331643,7.835525214235814e-05
52.517372806449124,22.128248321216105,14.696533605579404,10.657764220498708,8.104625666777751e-05
50.06083239578108,27.156091284172675,11.81854173966833,10.964424520793822,0.00011005958410242918
56.60570629202587,19.793336527159497,12.78760814717491,10.813269303582217,7.973005751452294e-05
55.95401987335652,20.984481261406184,11.862475512848054,11.198945832347992,7.752004124702426e-05
48.76788666592988,26.557618959702324,14.26854075930902,10.405825277345302,0.00012833771347530844
53.5076359974351,23.024017126918437,13.271651749754446,10.196593508500294,0.00010161739173960966
51.38437561459921,25.239963903238067,13.700386088868871,9.675168603939593,0.00010578935427079857
50.29878667131402,26.282649894840155,13.493782589612326,9.924684673073818,9.617115967527838e-05
50.69792409734577,22.697892189948476,14.091530222296322,12.51254709309971,0.0001063973097093449
45.8768840651352,26.653426348199055,15.670107745161403,11.79946599222257,0.00011584928175824503
45.55226194256536,32.40987280551199,12.85784196933682,9.17993719924967,8.608333615255867e-05
52.55705113423542,22.3725264056242,13.990455004173791,11.079860024012257,0.0001074319543285175
60.21466163214091,18.17918611391925,11.470070945018652,10.135997332851957,8.39760692161776e-05
51.6553445609133,23.918776965614544,13.82314326647659,10.60264625272561,8.895426994310291e-05
50.82432439588545,27.236596259735624,11.583008515932455,10.355983166007514,8.7662438975908e-05
55.613184327725506,20.80875284289251,12.280297969534569,11.297699996410856,6.486343654678373e-05
49.81643209014851,27.261971676028274,13.005514502630364,9.915991314931945,9.041626089847422e-05
49.18824019239463,27.985100975787482,12.942750552346935,9.883812180587826,9.609888313036236e-05
55.087460154347234,21.735899496004603,13.03075949293212,10.145809559540725,7.12971753193354e-05
51.54426884112875,23.392068430471273,14.993580681135981,10.069990797301617,9.124996236449218e-05
54.605171127576,24.3365700403939,11.400452417381548,9.657730210349397,7.620429917018876e-05
53.15662965981759,18.709117875105346,15.52977770436976,12.60438762335906,8.713734825299022e-05
53.36640879686889,23.24679730618392,15.360027611383753,8.026668888916642,9.73966468020402e-05
54.99431691251675,20.97328334449417,12.986785862742236,11.045538363335664,7.551691119006672e-05
54.02153010539574,25.649391673519663,10.943576803023616,9.385409039728586,9.23783323929837e-05
50.62415127530495,23.7462008591703,13.379085519585091,12.250469774055967,9.25718836798762e-05
51.40660901179797,24.020553563925233,12.533574320586037,12.039170088251181,9.301543956519314e-05
48.78928746415568,25.975457895673966,13.762508420387384,11.472643394456544,0.00010282532641636097
53.53223636978275,24.812458937890263,10.727223418458353,10.927990165009323,9.110885932981652e-05
54.934769446090606,23.911505189916422,11.530960939065125,9.622696468926678,6.795600114617916e-05
53.086816077606436,22.15064048221706,13.402832188681831,11.359636799425468,7.445206921098389e-05
54.49818357352672,26.37553422397842,10.235649861416302,8.890559296380083,7.304469847850999e-05
50.31729717016733,26.936433196244415,13.333909257758506,9.41226403069843,9.634513130187798e-05
52.131072186683326,22.54056714992753,14.117946215503896,11.210303514147151,0.00011093373810274723
52.79750867535898,24.499628039657125,11.74772265260932,10.955048254956374,9.237741819739947e-05
54.17830795638158,22.65312476070582,12.679995138201367,10.488480760130257,9.138458098566861e-05
55.068297269469426,22.32158505518593,13.971133849489553,8.638882957301872,0.00010086855322304022
50.685943084243426,25.300630294993702,13.17791349351903,10.835443213231336,6.991401250524704e-05
56.68752315562359,21.12755244666571,11.964642226841033,10.220181845305113,0.00010032556456165327
52.43158575162341,22.827554687453127,15.01636258163958,9.724418320428537,7.865885533456673e-05
55.622837013140234,20.65546029494509,13.475509709702784,10.246115730386569,7.725182531284249e-05
53.49084957564871,18.51646556254465,14.86023361285343,13.13237518760799,7.606134520637613e-05
49.3460717717541,24.174719840257158,15.470085139252317,11.009020430921092,0.00010281781534172262
55.08842524260127,23.621074368828804,12.14701396964713,9.143408263180572,7.815574223027247e-05
56.79526012078113,21.393260243778265,11.311462624126639,10.49990987126284,0.00010714005111141264
47.47536268841171,25.009321654504628,15.200539789309776,12.314670193976811,0.00010567379709381348
52.20877048031342,23.318658714249672,14.0523709315088,10.420119404859607,8.046906851199964e-05
51.81155439922939,27.457951891488726,11.283728058320747,9.446652786321174,0.0001128646399811121
52.7295448583607,24.046178948373047,13.764789715803003,9.459405450231916,8.102723134173788e-05
51.039682563268094,22.50170593438167,13.688038136097532,12.770457531856716,0.00011583439599758538
47.848008884215886,28.645744200876706,13.342503869319877,10.163659825620961,8.321996657732406e-05
48.75483932597805,29.54336409799187,11.860187768535578,9.841534033958675,7.477353582360506e-05
57.06374014861968,22.975756603359006,10.931358203940688,9.029057992095488,8.705198513332597e-05
52.301121564069554,25.745049801726182,11.358184968121112,10.595550755072972,9.291101016630479e-05
56.3103130195046,22.927969034157663,11.235550872824774,9.52608351782759,8.355568536586719e-05
52.224421932014145,20.123021057251748,16.895945981835805,10.756519969435624,9.105946269037607e-05
51.68032667987339,23.06194895291679,14.69096002805349,10.566668752024464,9.558713186775668e-05
48.05018691556404,24.869776139643946,15.666292928780178,11.413642876558304,0.00010113945353526087
55.59693098349941,20.05697222669039,15.328306560050468,9.017698028335353,9.22014243761799e-05
52.15550716346756,23.659805487318025,12.882383762570198,11.302228119969028,7.54666751778355e-05
52.05841391105209,21.827661698077065,15.037720144068045,11.076114077541794,9.016926098833607e-05
50.68037335105791,25.428176931391683,13.053318509829928,10.838060298006354,7.090971415213369e-05
51.20936890853479,23.111616234873647,14.547028605608423,11.131909941729134,7.630925401857148e-05
56.41323699489894,22.44667192192798,12.266281771903243,8.87371833669024,9.097457959178563e-05
51.99049680063395,28.440405765592992,10.023005990455012,9.546005584981279,8.585833676977865e-05
47.43166292885161,26.944916729204433,14.531377564462646,11.091945558858717,9.721862261258206e-05
57.439841643750434,16.987242947277917,13.262267016334894,12.310537717951195,0.00011067468555100928
49.395675576213534,28.93966548334841,13.03055023244671,8.634008031013257,0.00010067697807290311
58.75720320793006,19.981851050113082,10.697980033393618,10.562879868092656,8.584047058264026e-05
52.894743839267456,23.932044534648973,13.453070823817528,9.720046107808457,9.469445756902138e-05
49.21521753589454,26.737494195687304,11.806109326204083,12.241044547073592,0.00013439514046969581
51.59997217444106,23.546217781888778,13.305385749782575,11.548349070622574,7.522326499940348e-05
57.30215595441507,20.730017723233804,12.25248115630658,9.715264597019598,8.056902495001897e-05
53.311653528234906,23.58656631731178,12.894856917342324,10.20683509229008,8.814482091268127e-05
54.145468523911376,20.69626773600286,11.98649848778364,13.171674449106582,9.080319554295251e-05
48.27255505849,22.786190491931773,17.05604775216825,11.885121317869208,8.537954075676659e-05
47.8784901553166,28.13729980303179,13.313173986803237,10.67094400132459,9.2053523783222e-05
52.477702835561615,22.09169061288548,14.60692666093905,10.823607338466875,7.255214699746274e-05
52.4866429755284,26.202869089626013,11.464905714071701,9.845492105191532,9.011558235079468e-05
52.16479326748951,23.63568571115621,14.16474208045648,10.034696139681044,8.280121674883394e-05
49.02827534900026,25.68009319521491,13.609949875517472,11.681607071685416,7.450858193817637e-05
50.27207216711812,26.883367164569215,12.21967563044052,10.624799768138214,8.526973392876383e-05
54.28010931919479,22.515558868906147,10.388338722108088,12.815886269639915,0.00010682015105672518
52.98345079647099,22.9661013233219,11.294718558399147,12.755639200280608,9.012152734508638e-05
57.58659131756525,19.899163311288653,12.137916078633484,10.376245991433084,8.33010795417054e-05
50.40105773340855,23.89789694910367,13.949071028467744,11.751902256553862,7.203246616152077e-05
52.60000920737837,21.662648429873244,14.839786074086089,10.897463037487915,9.325117437271225e-05
49.1940362139413,24.81333061610858,14.767737240511423,11.224806768450623,8.916098807613225e-05
51.93728702726622,22.615777739149397,13.10172063449807,12.345135770560274,7.882852601046954e-05
51.89706395842704,23.13985290354212,13.605176353981788,11.357826358617272,8.042543178804547e-05
53.5350586879031,24.263709000879672,12.920060765957988,9.28108226821925,8.927703997415682e-05
56.7587009619206,19.467818764371607,13.07539223003071,10.698026345266094,6.169841098505039e-05
51.711749557967224,24.753758411405624,13.773343076263084,9.7610643276011,8.462676296906192e-05
48.28384747821151,30.74552557443081,12.493361892253146,8.477169076359873,9.597874465955595e-05
52.000504202901496,20.460482794776187,14.396772221222923,13.142128147004161,0.00011263409522921996
52.239159436205064,21.79252558953394,15.260438949454223,10.707773853118368,0.00010217168839495505
51.999765633959804,24.98192573576246,12.818874289903212,10.199350627653523,8.371272098553393e-05
51.417769735029935,24.871845056719938,12.085049391225503,11.625226805865237,0.00010901115936249694
52.23639921864011,22.27190920261212,15.670113835169829,9.82149063670952,8.710686842364409e-05
54.04396014406846,23.414740377243223,13.448075761570703,9.09314316826126,8.054885634586504e-05
53.60204806948678,19.832739054969753,14.28895180129491,12.276179068753116,8.200549544847973e-05
52.446946494812586,23.455285848433128,13.075487067791103,11.022203565247887,7.702371529912906e-05
53.433061524627355,21.44146719448418,13.84244228277009,11.2829251230747,0.00010387504367857098
54.86794939093662,22.3269818478014,11.540783093218943,11.264207586789958,7.808125309002462e-05
57.47518421970482,20.692451579565063,11.432253984905694,10.400016916783692,9.32990407302105e-05
53.32620927977987,25.09089954444151,12.55574503190197,9.027058831576973,8.731229968855257e-05
55.925046739330334,20.40822241200506,13.709133437050008,9.957516350597675,8.106101692619347e-05
52.58390015075505,22.80288745362952,13.634970747488348,10.978136921386126,0.00010472674096448786
57.35677649305679,20.48818261574365,12.701348200297572,9.453608851575405,8.383932655801143e-05
48.14738075226215,25.769716463471827,14.432558587985037,11.650252497381858,9.169889910757733e-05
51.74652856510601,19.815985642523344,18.143190686535434,10.29418648694246,0.00010861889275366756
44.59909474627021,27.775698771006883,16.79786709581507,10.82721930171973,0.00012008518808865775
54.98020235431673,20.753207254698584,15.102117994567221,9.16438187228766,9.052412979064682e-05
52.641181576092336,27.398521961405276,10.40060612616426,9.55957729975284,0.00011303658530451767
51.795374646677175,22.737098561690168,13.895621387805507,11.571817891010333,8.751281683212833e-05
50.78742558009526,26.912878190099466,10.568732488660014,11.730879915527117,8.382561813439655e-05
48.37018453571239,24.84734063093079,16.712381810875407,10.06999712007698,9.590240441038827e-05
51.56815055651873,20.21219728415896,14.993910342893118,13.225639208638512,0.00010260779066971292
56.85684149667557,23.507148517876576,11.224701051582201,8.41120415565446,0.0001047782111939731
46.801224392427656,19.902530724776984,18.632195146836246,14.663924634712897,0.00012510124622528232
50.581175627947474,26.20883944828922,13.819943789328997,9.389938616323084,0.00010251811123908151
50.968982729123944,24.982072502502888,13.247393133431535,10.801471034911172,8.060003045588175e-05
55.60484536730426,22.103673995475,11.53126782539981,10.760140280588145,7.253123278981076e-05
55.423611133256166,23.947457720234084,13.107488900307592,7.521350485068977,9.176113318583204e-05
51.113541890734446,24.028690652408056,14.303883899444461,10.553770904846777,0.00011265256625580449
47.03658633871869,27.57137883066826,13.912193987951637,11.479739969483017,0.00010087317841804323
50.20411156458826,24.321155648208,15.486823550595213,9.98779156616207,0.00011767044645637563
49.55597293197449,21.56235798659167,15.440142436324725,13.441427463382501,9.918172660705063e-05
55.12860836880799,22.733344026718036,11.518609620203513,10.619365465071725,7.251919875381877e-05
49.233379107535626,24.47706166711308,15.971595038449674,10.317876996977256,8.718992438357726e-05
48.630258857262305,27.692004715211805,12.824752852333848,10.852894970643643,8.860454840919152e-05
53.34885219533714,25.14881908562495,10.30918167380582,11.193057988391647,8.905684045668257e-05
49.40255202504865,21.45813957827995,14.907899071645284,14.231325442926696,8.388209942672072e-05
55.53594885019593,20.428995986873005,14.09334698874662,9.941620767644695,8.740653976791066e-05
44.14585126323214,30.170868276452072,13.841619143065609,11.841571236788342,9.008046183107496e-05
52.29697229955258,22.42196346901253,14.181632034349517,11.099337455248488,9.474183689783564e-05
53.85128293663398,24.163419823696085,11.078399121759112,10.906812405886463,8.571202437348145e-05
51.090523614526205,21.865847303383635,13.433301180173634,13.610216652134099,0.00011124978241589644
46.77504099714652,25.591965388126255,15.918281882162328,11.714612254345804,9.947821908209414e-05
57.67948516662119,22.3614247066357,10.031899576463376,9.927102305989335,8.824429038594839e-05
53.061820791134004,23.410349923321906,12.972000774163106,10.555743323902547,8.518747843410795e-05
48.25537922734137,25.46250485294604,14.49137545871804,11.790639100405292,0.00010136058925110548
56.75342647257966,20.44729824099269,11.954501847060433,10.84467977115185,9.366821535294599e-05
54.15008309446259,21.19483643151626,13.55143714729898,11.10355401326905,8.931345311806654e-05
43.112945773324405,25.922946944779955,18.392133967752734,12.571866659276413,0.00010665486648826415
57.34098929750918,20.254237536493097,12.453372342846283,9.95132484166023,7.5981491205933e-05
48.33237688210317,27.218668771473865,13.503098971323121,10.945765317438315,9.005766154502782e-05
51.54928403349695,24.22317598097178,14.691565430744502,9.53587148678529,0.00010306800147354352
52.78631628495013,23.71228139471851,14.66960449173435,8.831698368391162,9.946020583364578e-05
52.71693963641548,26.578444936684548,11.775008024578062,8.92952241341457,8.498890735603573e-05
46.24434439811507,27.384172608933405,15.401191753798734,10.970209083829868,8.215532292728436e-05
56.74097454890437,21.631547831137464,13.509109150042145,8.118287268877461,8.120103856122471e-05
53.236387597673016,24.133096947209623,12.845968574903527,9.784467473888872,7.940632495184011e-05
54.04056252677641,19.335877169764196,15.585545920108231,11.037934410212937,7.997313820092759e-05
53.44063790432719,23.62255389311547,12.557173917694875,10.37955531834359,7.896651887985593e-05
52.262664140005135,22.9071984889725,14.17992259168133,10.650139598507595,7.518083343945259e-05
59.354708570969414,20.77802088503254,10.419424502212332,9.447760096867093,8.59449186176433e-05
48.59851916545811,25.416825523411934,14.585232154866837,11.399326481876809,9.667438632138515e-05
44.28303597911571,31.659126597492865,12.27164041618231,11.786105136423942,9.18707851675136e-05
59.97295220792787,20.079006303183846,10.703160729049674,9.24479679707561,8.396276301324778e-05
55.99910821296555,18.655673904367166,14.426202554798556,10.918923698839965,9.162902877253794e-05
48.55925080524925,27.366608237247046,13.124073707610812,10.949984242168064,8.300772482501579e-05
48.34726136518659,24.670589169283694,14.919734349714572,12.062312840561534,0.00010227525361854929
43.130492938738534,28.81643620744154,16.7343106852294,11.3186738206542,8.63479363131999e-05
55.665222666715366,22.150698417276114,13.282860581794626,8.90112457263189,9.376158199530733e-05
51.91704593700205,21.41586610787669,12.706923407783894,13.960076169680406,8.837765697123888e-05
54.133069644488515,24.098523921448184,10.846338076319565,10.921976985504513,9.13722392237503e-05
48.99293668983582,28.648142857069015,13.152780383583785,9.206060834916077,7.923459529988092e-05
53.309102806496256,20.866344743094064,15.025460471064328,10.798983561528114,0.0001084178172188685
50.553969121340934,27.150188768231725,12.153360110744952,10.142403626421876,7.837326051089929e-05
55.133205024721036,22.453183304823956,12.244157368148107,10.169349900951955,0.00010440135493426418
49.90679574055664,25.834006991886994,13.268135868332056,10.990970266458257,9.113276604654238e-05
51.79195270784446,22.9333722335427,14.096689658271227,11.177893842240511,9.155810111483342e-05
51.447527089582266,22.532998402396494,15.05783504206764,10.961558386241466,8.107971212195892e-05
51.99842757286262,20.730400509619756,13.083575492356609,14.187472964071382,0.0001234610896389324
50.68415606508202,20.3421060234095,17.05476244548612,11.91888140770403,9.405831833549005e-05
55.56422451696904,22.012783489138197,10.864457608213973,11.558451277991502,8.310768729119407e-05
52.56016200813883,21.692075975624935,16.177077528927995,9.570588388818754,9.609848950394958e-05
55.24917707271464,23.76746624607378,11.360501299918457,9.622788555882362,6.682541074867526e-05
50.3114732840912,26.25815328223522,12.95939889010599,10.470893155988243,8.138757933226387e-05
51.223227714867846,23.37754050888721,14.059039334157497,11.340100280134658,9.216195279182463e-05
43.597759686625814,25.025430013311762,20.678581789283864,10.698129262741386,9.924803715773053e-05
51.66609136228351,26.314216843136368,11.442600228947779,10.576992061203837,9.950442849493055e-05
50.88484386473674,21.687569373129627,12.73527520995145,14.692206503815818,0.00010504836636798558
50.91872089923339,23.85579528854485,15.236994240274127,9.988391855699536,9.771624809873298e-05
55.505887963221724,19.939259603259018,14.755916172304447,9.798854380288914,8.188092589671091e-05
49.217429151203966,25.37420850211449,15.261914235044454,10.146359543997601,8.856763947179046e-05
52.76491490449604,22.332274892519326,15.456132755598675,9.446574566656398,0.00010288072956059842
56.39568399683138,24.738836992599353,10.143848920806768,8.721540615156046,8.94746064562037e-05
47.793243138879106,25.777457672261573,15.342188812849352,11.087024951802348,8.542420761936273e-05
50.34687244662829,23.039619798279524,15.431297264772867,11.182139224219215,7.126610010236389e-05
59.67395161107228,21.419661974192667,10.1555746060449,8.750708859997767,0.00010294869236356187
50.74457345452511,20.277019860039257,14.845050463230795,14.13323599999821,0.00012022220664212607
55.16296029242789,21.743681875415273,12.810852892178143,10.282398452182527,0.00010648779617542034
54.53429263639838,22.678916324802337,12.107747486217924,10.678957248899136,8.630368221368938e-05
50.454300536011964,29.41722334983111,10.225869897568614,9.902502393826502,0.00010382276180553936
47.07430582404285,27.61575565011182,13.275867102654193,12.033975873451704,9.554973944549906e-05
53.355291668300254,24.6785143414861,13.468620731308627,8.497483774832821,8.948407220217307e-05
55.24201219052931,22.324540526331976,12.57488558754481,9.858451432926278,0.00011026266763572643
51.60950960360825,21.23104486607233,12.85933303826389,14.30002201949589,9.0472559625835e-05
52.71252608346213,25.35686649628024,12.19443284656201,9.736074633810096,9.993988551762686e-05
54.64925808333702,24.464904746254593,11.570626276629394,9.315127535410443,8.335836854071677e-05
54.98646773319265,23.692294174088868,11.215475408584691,10.10567410039354,8.858374025532114e-05
55.66910695478355,24.456581413952293,11.322072170795078,8.55214494111791,9.45193511568022e-05
56.249295749864935,22.504250530701874,12.884063017600884,8.362303026815088,8.767501721858129e-05
54.6760611193765,23.235295466557023,11.488682016891312,10.599865709506256,9.568766891416296e-05
53.78928250412084,22.197328666274785,12.860851082965343,11.15245000282728,8.774381174526656e-05
50.21381747177337,24.15948274833688,12.629460354213176,12.997149854068676,8.9571607904561e-05
51.87966496417818,21.42486629247221,15.84395411551619,10.85144125520864,7.337262476224324e-05
50.64663843662102,25.19220408878339,15.216539499158726,8.944491829465536,0.000126145971313944
59.0233368760993,21.30112616768726,10.752382215864298,8.923090755066898,6.39852822451943e-05
51.078471490164944,26.043209330229356,13.198981993114383,9.679250298524837,8.688796647283527e-05
55.11402485351091,22.127404578562572,12.371406325625859,10.38708325771824,8.098458240909896e-05
50.17041505466299,24.725304799083318,14.807366998941983,10.296817421306557,9.572600516236835e-05
57.00495036481825,23.743734206384985,9.616052824084562,9.635175563543088,8.704116910570335e-05
51.013483489686394,25.89359591357213,13.886003067935526,9.20683021119494,8.731761099388671e-05
55.024543369005954,21.825599430902724,12.86972668188628,10.280064964509245,6.55536958023343e-05
50.717965526142216,24.209817803045425,14.475473169906362,10.596657916811209,8.558409478137825e-05
52.98397277996894,24.546340374604952,11.25836150713873,11.21122064733694,0.0001046909504233875
54.80882909910518,18.14762394776946,16.592292725452896,10.451170147290338,8.408038212904743e-05
49.03010978918691,24.911578367358292,14.84543488471993,11.212784564475758,9.239425910800847e-05
54.25445244263525,23.552741112063583,12.151416922754159,10.041306775998352,8.274654864012191e-05
52.43330760727848,22.729094995360324,13.875228070812826,10.962295960995242,7.3365553141781e-05
46.59153669950416,24.74116848808376,14.937075628688781,13.730107056082613,0.00011212764067104573
56.7737197438291,21.673251032199126,11.267407773830888,10.285540397033634,8.105310726285342e-05
46.42818438731226,25.66025225335324,15.043315483509806,12.868143170324123,0.00010470550057986992
54.62358630469942,21.607575873657645,13.977107405374445,9.791649272061367,8.114420712881468e-05
53.53092776333853,27.706298164997957,10.5734375480827,8.189256437195867,8.008638493162328e-05
49.61547308249488,28.870854879076134,13.596715085911976,7.916876980311967,7.997220504498578e-05
48.998995605491736,27.83442103430882,13.024502306808602,10.14199126146782,8.979192303285041e-05
53.14097403374715,24.993530015510267,12.417432730000561,9.447962822952585,0.00010039778943505875
50.077987571431805,20.8094050917898,17.18133661077203,11.931167074824407,0.00010365118195925418
47.44889859512601,24.81208755222925,15.96811666704079,11.770792155827968,0.00010502977597636101
54.40295071397265,25.184733491912453,12.126182877130574,8.28604509856739,8.781841691499368e-05
45.49632027761508,28.676689015377455,15.2557777245458,10.571103919314954,0.00010906314670430506
53.594543694429184,21.70436347453945,13.506731962283574,11.194257908783172,0.00010295996461877273
50.244406621769365,25.92686038894384,11.693622723691602,12.135036605830972,7.365976421163544e-05
55.09233778800224,20.453904819375623,14.251303638057674,10.202347270907298,0.00010648365715199506
50.840352876383875,27.36598132741986,10.510730144004459,11.28285002701244,8.562517936193539e-05
50.19603396067129,24.176740860847513,14.786584937121786,10.840544357549938,9.588380947667191e-05
54.755515525303586,22.298560820296267,13.66196009386077,9.283886789704916,7.677083446880796e-05
56.768900008281385,18.72527192510928,14.945668429291233,9.560086402329123,7.323498898302107e-05
54.67355931652678,23.8111935388395,14.091638026292921,7.423522704709186,8.641363159700878e-05
48.3205702159225,28.71118069552044,13.070523842009656,9.897646255393093,7.899115431093026e-05
47.310160287902725,29.378277916198225,12.271201520096175,11.040252784865636,0.00010749093723369017
48.161735807647574,26.83904878934001,12.799894350218457,12.19922225996842,9.879282554027106e-05
49.94447283870641,28.113426178488716,11.874144366493104,10.067871775095913,8.484121587146595e-05
57.750753047026535,22.162725734769058,12.123764371937765,7.962680505570193,7.634069645610926e-05
54.16962729484149,26.08206395306552,9.369354942227703,10.378857063572491,9.674629278918612e-05
54.38423837219584,21.6485426832783,13.94353369928284,10.023579765934802,0.00010547930820921614
56.31284455004988,22.135393147469195,12.706059175814769,8.84561584903737,8.727762878757782e-05
50.36238994237675,22.682534017520766,14.69810558618539,12.256886216874499,8.42370425907832e-05
54.809481395107476,23.732648248991417,11.034924162903737,10.422854502317294,9.169068009113588e-05
53.143518634937905,20.686107226962207,16.493591620123976,9.676697202272049,8.531570386208613e-05
56.35726456040295,26.061689372915993,9.039363776407738,8.541596001119212,8.628915409439005e-05
47.70719653270095,29.810509176629168,12.711898541849834,9.770315851891779,7.98969282922389e-05
52.996369615937965,21.36491192156074,14.20679234782019,11.431831322024564,9.479265655658866e-05
44.93375149568465,28.233824550018095,15.647909030873809,11.184412491824526,0.00010243159891016541
55.75775613646732,24.8886181754936,10.340421104975697,9.013125876486152,7.870657723913175e-05
50.1879645645979,25.429927930903485,11.911068983836126,12.470939962409261,9.855825321941625e-05
54.39754915489805,21.47904299980547,11.87635975405842,12.246972167900399,7.592333764133111e-05
45.905763169256666,27.613665020879946,11.970849326848128,14.509620438528668,0.0001020444865852502
52.952192353438164,25.342682412033255,13.03714773609219,8.667899812902958,7.768553343123603e-05
55.305564336134985,24.841131023116787,11.14770574006913,8.705505375380623,9.352529847677738e-05
44.38600558136008,28.747361345668025,14.327068315337204,12.539452687855167,0.00011206977952454698
58.03109809780656,21.602604904628837,12.14850892679225,8.217716955260023,7.111551232745562e-05
53.63964134931649,22.29066847148766,14.847287871515668,9.222316579082142,8.572859804390679e-05
51.17546677581629,23.227868427895277,15.098186502594874,10.498389271837478,8.902185609129504e-05
52.719702291045564,26.608792883908407,10.753958632346974,9.91745138154478,9.481115424619937e-05
54.45251461103695,26.42306935379634,11.592585032251234,7.531751423852333,7.957906314309796e-05
57.46305485726864,20.307365690615885,10.719580548116834,11.509923798524884,7.510547375084864e-05
49.3653945798741,25.378162283100913,14.93184613492867,10.32447264789611,0.0001243542002062688
54.26769711203975,24.324328919011478,10.927033302665091,10.480861914960766,7.875132292824231e-05
55.251560482020466,21.58012278622555,12.170207148798847,10.998040077075977,6.950587913770245e-05
51.53592167183947,22.866862379446314,12.244537133430347,13.352573142146461,0.00010567313739713896
52.024764569734,24.374912072239407,13.10896916406345,10.491290035675366,6.415828778035809e-05
54.83945115187021,20.327314783134373,13.943772494934137,10.889371528868857,9.004119242091629e-05
51.16572254061273,25.800443590572826,12.291780661654347,10.741960777535887,9.242962422176262e-05
50.771124767622524,24.79133599216059,13.069451409598965,11.36800520536499,8.262525294596347e-05
61.98116777206193,17.708188515186773,11.14839796207162,9.162184924692461,6.082598720436427e-05
49.132107842773486,26.465405482846787,14.23369975525858,10.16871157188019,7.534724096837433e-05
48.23530885228067,28.379455563735473,14.119150084643229,9.265975063132867,0.00011043620777120326
56.02505400389446,19.45275054003338,11.76185012073933,12.760252686304527,9.264902829223389e-05
51.61541480089026,25.168011659870963,10.623611745634596,12.59287363150325,8.816210093286839e-05
42.31599584023256,25.92327871689024,18.318222289879106,13.442381741174788,0.00012141182332050511
53.76287603640204,20.32779795135909,13.63746290645679,12.271783273395755,7.983238632289513e-05
50.38627405748053,24.842360782442004,15.375772728901174,9.395510271000367,8.216017591163354e-05
53.33619759144671,22.75192485478133,14.808609330734166,9.10318910588578,7.911715202458469e-05
48.45373020840948,23.8159272696547,15.1135231999825,12.616702116167271,0.00011720578604004272
38.77675367697208,34.46547118308738,16.992139339049036,9.765530784800191,0.00010501609131200072
53.788663871098116,22.463746665080762,13.74932168122526,9.998172648309124,9.513428676190293e-05
53.391702209491356,22.956296085296266,12.437001346128188,11.214906483380835,9.387570336797287e-05
54.16332147344036,22.256164350253414,14.04743979082617,9.532992605692368,8.177978768564572e-05
46.68510607140986,26.18267825885438,15.054387596183311,12.077736346634115,9.172691833416388e-05
46.45354959125659,28.51858116304575,12.45423287167329,12.573537283949948,9.909007441828679e-05
53.37649183045819,23.601115210083858,12.202380689609173,10.819928302562865,8.396728593189954e-05
47.891191182362626,27.6906982617237,14.709541514669569,9.708460086033904,0.00010895521020868687
53.86611436782477,21.18022558602076,14.99865702199472,9.954907469783574,9.555437616588635e-05
50.30332842199976,26.340718190185186,12.687772503908814,10.66808213262546,9.875128077615595e-05
47.73103233889037,24.8704865761995,16.273905337829888,11.124489629382515,8.611769770961056e-05
47.011271397389145,25.629321344443724,15.520044355191203,11.839268519912928,9.438306300313138e-05
56.36978459609507,22.361759292906456,11.637138295531424,9.631240653961317,7.716150574207456e-05
50.810863143728334,27.054352345994808,12.81316911146353,9.321514398605819,0.00010100020751947054
47.50358393978383,26.84700064055078,15.338062577474016,10.311242405907223,0.00011043628415122631
47.36340019992327,23.51000080866271,17.877864078231497,11.248642966587536,9.194659499858612e-05
49.90209554672319,28.225223941141508,11.440528619229646,10.432067696570561,8.419633507562812e-05
55.97395977208445,18.62167578477204,14.20878579927473,11.19547588004066,0.00010276382811352565
56.40889866742245,21.85820822948221,12.361670279842915,9.371139672002435,8.315125000775138e-05
55.46700029048461,22.21525254162067,10.063951810700848,12.253721215725657,7.414146820873428e-05
56.165266338545216,21.448147492201958,13.672041857980044,8.714467341321765,7.696995102398159e-05
50.17942908727191,25.794034921033095,13.820857517046733,10.205603289491753,7.518515650138045e-05
51.95777241878597,22.938540178044594,13.267391140172252,11.836218541830036,7.772116712901366e-05
47.593955671985086,27.457551936767548,13.888980654363356,11.059399894727402,0.00011184215661535243
49.757041471062564,24.340477902502087,14.154518363696733,11.747879802950605,8.24597880050798e-05
55.76978044583102,22.205349050812583,11.4339671526393,10.590815336992659,8.801372443795246e-05
53.93020292960602,22.380510016654604,14.099487620178905,9.589714188883061,8.524467743654706e-05
50.077269955365544,26.596421329650425,12.288513366604638,11.037702412908615,9.293547076650875e-05
55.905286652020294,22.965911489465572,13.000845690425727,8.12786590035315,9.026773526640209e-05
50.432849506124946,25.00661494312462,14.957015043000135,9.603424624601507,9.588314878086926e-05
47.576024899985654,28.6325884805525,11.991064156920125,11.800239290057084,8.317248463954724e-05
55.26947062792274,21.017999084087485,13.139120646768385,10.57331780153424,9.183968714765605e-05
52.54549692205832,22.602042956887026,13.726218932238687,11.126154176798277,8.70120176725165e-05
52.95289403633259,23.688329955673492,12.062349743685315,11.296349259962353,7.70043462503822e-05
53.20030387542961,21.820023944660022,13.808985379828535,11.170591641882305,9.51581995379383e-05
53.274608494914055,25.809284765586355,11.235291766819081,9.680741072013692,7.390066682801848e-05
53.71126764804445,21.15425263509271,13.222556720288974,11.911827664956656,9.53316172132773e-05
49.10173784754404,24.91363066226216,14.795409374954,11.189125763653102,9.6351586697503e-05
51.303509746798724,25.079402718964193,13.358200010960738,10.258792932569117,9.459070723828485e-05
54.417399526706554,21.838220208809513,13.954986527097383,9.789312549385915,8.118800062495909e-05
52.079209886215835,23.0889813031074,13.050668451940217,11.781047638600691,9.27201358595142e-05
50.704005990783585,24.266269632887234,13.173703979975102,11.855925412498747,9.498385533486107e-05
54.347418674182755,21.72706399804108,12.935876483039795,10.989562578269242,7.826646713382188e-05
49.30994351809479,22.96935229128949,15.513749447748298,12.206863076941866,9.166592556232741e-05
54.40773829283512,23.04489533452144,12.986265805414234,9.56100019585389,0.00010037137531869434
53.506010860554575,20.77049921456716,15.236747485334213,10.486626856252892,0.00011558329117523263
53.47999300397331,21.827029526100716,11.747839379064514,12.945062814229976,7.52766314740162e-05
54.048011299066914,20.450479517636605,13.422020577575841,12.079409260217593,7.93455030585967e-05
54.98660371826448,22.933026253820202,11.733021250975511,10.347242357410407,0.00010641952939213636
49.281852156386016,24.357013822847666,15.533502623847534,10.827560599745798,7.079717300113893e-05
53.85788139515256,21.345248814846236,12.124866191581814,12.671904764557471,9.883386192324203e-05
56.698354970169575,21.885031995898537,11.462190039765193,9.954330999110486,9.199505621802826e-05
53.01941937498207,24.94745248506428,13.143462957569904,8.88958959055536,7.559182839809323e-05
51.65034899964418,24.10190641138526,13.77593118285742,10.471718494286062,9.491182708550585e-05
50.14198604947914,25.420980930420722,13.24511880960603,11.191816474350311,9.773614380230497e-05
55.53008589889379,22.207671916166284,12.536546262108642,9.725604716735356,9.1206095938473e-05
46.40240896028261,27.265732228705048,15.637623946910576,10.694121730948075,0.00011313315368658272
51.36154529383875,21.659090325036466,15.720103485964332,11.259156153895434,0.00010474126501733924
53.5033784085775,26.06941394034561,10.848083975863808,9.579029566617066,9.410859601176543e-05
49.56664889372252,27.34976327611614,13.709401648193287,9.374073333271445,0.00011284869658857414
54.21183179203389,20.554560302381596,13.081864105570599,12.151653843572118,8.995644178770245e-05
51.68483050584126,26.057387873294907,12.456007946098484,9.80168733401631,8.634074902238535e-05
57.36244062061814,22.422477008769615,10.470050451671472,9.744962477109594,6.944183117719757e-05
50.86663477155937,24.010261323047995,13.615152156034291,11.507834086974567,0.00011766238379074965
50.11496831776976,25.71300808376136,13.436559202081988,10.735365493998824,9.890238807335176e-05
51.1239010246401,25.11573762486193,12.93800511540458,10.822276991767861,7.924332554402747e-05
55.44078257038253,19.357297563835424,14.443890739053733,10.7579087410415,0.00012038568681994519
52.51324210485817,24.22373646888803,14.193695153747129,9.06924455700727,8.171549938976783e-05
53.057746202412915,22.844662996603102,13.314393989725543,10.783102600393443,9.421086499626721e-05
54.89295042002264,24.53423813658573,12.141661458676744,8.431048305767725,0.00010167894715955109
53.76866586035618,18.51492514289285,16.22693232669123,11.48940016997404,7.650008572110772e-05
59.94693759539885,19.286002310951822,11.751362794284761,9.015605856538276,9.144282628994118e-05
55.98383773601549,23.33006506241578,11.943665796576465,8.742351417243272,7.998774900233247e-05
57.127903440453345,19.485992225451554,12.566367989301646,10.819640299626514,9.604516696014033e-05
57.57884850111493,18.189025099695243,12.556647344315136,11.67540378528972,7.5269584959261e-05
45.34654594429675,32.846702313386686,12.318339678111775,9.488316269430365,9.579477444233125e-05
56.138413141381974,22.324854168703897,12.206658133909718,9.329981296425677,9.325957872952627e-05
51.98714768627294,23.945893230747973,14.302218244428383,9.764640539810935,0.00010029873977262922
51.06860665490376,20.966009174499472,15.529988956185194,12.43530669118783,8.852322374339318e-05
51.34546776927329,23.77721225766809,16.050766776785913,8.826450438391682,0.00010275788103296129
52.53394044712019,22.907540723626365,11.710624566224087,12.847823105485675,7.115754369322874e-05
46.795050886383905,28.373376138701605,12.803685448034152,12.02778905329676,9.847358357370123e-05
53.58836978711172,25.24860519100403,11.585556967744031,9.577379455193341,8.859894689011559e-05
56.889445294657484,24.36296811496579,9.554771163358264,9.19273574626524,7.968075320418664e-05
44.463632216620226,29.100290082313474,16.4854112196901,9.950581826138938,8.465523727020974e-05
54.946374627910686,24.833425717507158,10.59966968206256,9.620450448397825,7.95241217677388e-05
50.73563343969669,24.299446253197544,13.73454802011625,11.230274577822032,9.77091674768793e-05
56.71464452169261,20.859660984313347,11.974070511192833,10.451548962090486,7.502071072394454e-05
55.24751736638154,23.074233965969597,12.900532076690702,8.777622507790085,9.408316807476475e-05
49.21631638235736,24.065097565348925,15.14278809405619,11.575698644876168,9.931336136317153e-05
56.11109318501719,20.86633244894243,12.016956403838103,11.005535708127619,8.225407464774906e-05
55.294355395593875,19.95244647398401,12.831131618154924,11.921964082980159,0.00010242928703394658
52.78459844445087,25.457914540609504,11.967352374728241,9.7900597771714,7.486303999157615e-05
52.835049667825785,21.6503243111409,15.387633741444674,10.12689032815006,0.00010195143858921227
53.36803791917004,19.879899087669596,15.727972097737167,11.023989525578989,0.00010136984420949797
53.52258690160492,21.01200909133105,14.696428809800546,10.7688655395321,0.00010965773137867003
53.66267128088693,23.114447668625708,13.60797004988244,9.614832543111149,7.845749375441658e-05
55.525592793897715,19.20886539084002,14.727718814392851,10.537724150676564,9.885019284078586e-05
52.6482676896875,24.577145980102003,12.478790161708867,10.295717411449012,7.875705261259521e-05
54.19283520492654,22.741629818387608,14.244609907652727,8.82083156093098,9.350810214474382e-05
51.98947649161766,26.790266343599473,10.250536309567043,10.969627797809682,9.30574061288866e-05
53.80289281060576,25.094991830924428,11.673370353316267,9.428677052010901,6.795314263769368e-05
54.851901593415654,24.267275576958493,11.730099271353323,9.150637520381979,8.603789056458572e-05
51.5332797360485,25.662774449713666,11.452061551610191,11.351800766529976,8.349609766941963e-05
48.97010912172571,27.02785113640962,12.891813822790294,11.110141830611656,8.40884627316225e-05
54.38556982063476,21.548105869476135,14.756446926144005,9.309805489650614,7.189409449764404e-05
46.762647685906664,29.7712112662605,12.182211817642486,11.283848789699217,8.044049113948171e-05
55.843811636384174,17.714728538860975,16.263255149986446,10.178120059895146,8.461487327940863e-05
52.36055323936599,23.515043187374523,13.23247754900288,10.891859125538403,6.689871821007021e-05
52.86160751025996,22.930564005933526,12.859189684587996,11.348552313722987,8.648549553119095e-05
51.96138257226484,24.98862738296403,12.262909449072199,10.786984853368716,9.574233020878704e-05
49.986703695983756,26.152231135589787,13.05274501597916,10.808244140393018,7.60120542721826e-05
56.38119892194078,22.2818072995612,12.097271735474115,9.239640635418906,8.140760499933096e-05
55.15849923986771,21.4578888620911,12.625392882461023,10.758151580220932,6.743535923872696e-05
52.587512368237924,25.46108923800198,12.593532924177003,9.357768626746044,9.684283705014288e-05
51.131594910030955,27.157387787719717,11.69098967030789,10.01994199339024,8.563855121867839e-05
57.4512147271622,21.84573359941856,10.122304218671227,10.580655845089987,9.160965801786696e-05
52.6867681170551,23.258631593961656,13.819026514270327,10.23548301485175,9.075986117012631e-05
53.05434571366301,22.614074363493415,13.503425693639873,10.828071287702064,8.294150163586385e-05
52.54308374466166,26.78351923191325,11.856095281851724,8.817221526948968,8.021462439496596e-05
46.875514765688585,28.59753601898919,13.48841191622984,11.038447928599627,8.937049273686615e-05
61.71694972704653,19.901767571075375,9.231740020186095,9.149469487508718,7.31941832875712e-05
46.159809992777504,25.835931207031397,16.341516586442175,11.662660066676843,8.214707207568465e-05
47.11770676955573,29.13524870835532,14.397274712490123,9.349678805117863,9.100448097170757e-05
51.27401924851354,23.676531606564684,13.897517461008585,11.151837872040895,9.381187230090756e-05
53.18190758841822,22.379901951611416,13.294261758131459,11.143856673297156,7.202854174634677e-05
53.05313049786121,25.245055595657984,13.072032489738566,8.629678575235257,0.00010284150699202205
50.32890398833976,21.443599626005124,17.299422647397154,10.927990388076763,8.335018119812648e-05
51.46390453349367,23.164682950893052,15.167390268889996,10.203902354931579,0.0001198917916943108
51.59093182997285,22.240787857351187,14.08718651730031,12.081002649900386,9.114547527637069e-05
51.81815174626882,24.831198970943706,12.207413945793286,11.1431443244859,9.101250828575867e-05
57.26045593201861,20.64054076936567,12.370887590512043,9.728046318099706,6.939000398702359e-05
54.843496918506396,25.530201208032192,11.299476221781667,8.326745983557036,7.966812270983959e-05
47.86941040730321,24.609706992806945,15.901757339136926,11.61902992763558,9.533311732230116e-05
48.9042883330152,26.235156405057225,12.322604528360493,12.53785161355028,9.912001677825e-05
49.845626000074574,24.351186415273396,12.727254121857436,13.075844281265612,8.918152897760049e-05
54.71692589552328,20.739479503397927,13.291679381988125,11.25181837385029,9.684524036907578e-05
51.67879873847545,25.59543625391447,13.082085298581159,9.643599546698082,8.016233084393186e-05
51.84009173369441,22.987657969490268,14.202102404063515,10.97007076920647,7.712354532649014e-05
49.9061895269584,22.91047498767431,14.75507229469721,12.428161985843548,0.00010120482653126634
52.999719621168275,22.4472966024268,13.39495635929586,11.157950445221365,7.697188769236554e-05
41.93421839664171,26.35983214983361,19.10418769026228,12.601643447525749,0.00011831573664322374
48.146070238703736,27.3517898580313,13.726104647764577,10.77594468836114,9.056713923561043e-05
47.129294043151845,27.527431285030502,14.676135932870228,10.667046337004322,9.240194310707323e-05
48.4166637191583,24.55813982651919,14.428845676366867,12.59624285525768,0.00010792269796441123
49.05392614480647,25.250638098242955,14.511159372229274,11.184170812292692,0.00010557242860736036
55.13771220582249,20.71291201536046,13.641133281343778,10.508159988237502,8.250923578542045e-05
51.760749997053566,23.75859000454884,14.649704336769496,9.830873249769464,8.241185865044088e-05
57.46375622898381,19.449907056340532,12.589084868572362,10.497169640705636,8.220539767153054e-05
49.75074679106853,27.80186600154078,11.52477105803445,10.922524997489393,9.115186686715967e-05
38.878080103588445,32.87615634340313,17.695278717931203,10.550390877852397,9.395722482032369e-05
53.67733828035091,23.454913954342235,12.912591099089601,9.955054180449546,0.0001024857677235562
53.21259651388007,24.26820262517342,10.688665973422086,11.830446852663789,8.803486064010174e-05
50.39579378891899,26.37253457897869,10.854211571909733,12.377345956407755,0.00011410378482155238
61.71002000674353,17.098459771449512,11.443427096395578,9.747994285364175,9.88400471987153e-05
44.10114262223798,29.41059589644286,12.412997889849576,14.07517840342345,8.518804615165251e-05
57.05207011273865,21.52358889846877,12.100343857058263,9.323907626319498,8.950541480864551e-05
50.7591381448388,28.137712411613908,11.575376763463986,9.527691148864157,8.153121915697099e-05
54.376999210827236,21.716904751601586,14.513936327662345,9.39207327507519,8.643483362552961e-05
56.05641113937722,22.272970427681447,10.704601113308346,10.965932536448374,8.478318462569137e-05
51.36685366812696,23.85095572687255,11.15793652828555,13.624166445737545,8.763097739700186e-05
51.711774234116135,23.84176349025989,13.644857253266945,10.801516499301652,8.852305538441071e-05
53.92412704126382,21.693411965935976,12.781636020842196,11.60076004442928,6.492752871058296e-05
55.727245985355914,22.34732430666455,13.197481974515767,8.727859495823214,8.823764054855928e-05
55.13109806434369,23.27235851265208,10.84035322616951,10.756091135663832,9.906117088369896e-05
49.544984240585435,27.82265999346628,11.920658570083907,10.711606435012948,9.076085142970092e-05
55.03544475740886,21.642089700601336,12.55360223329334,10.768788052693402,7.525600305336835e-05
48.351766449665035,23.741086748924626,16.788794609128725,11.11823647572611,0.00011571655550228015
48.25355594384435,26.654722799021524,14.00040086477392,11.0912109713895,0.00010942097071049639
50.176836366392386,26.865359062564075,12.623670991177866,10.334056068453199,7.751141248592536e-05
46.1614653726675,28.90468313810608,13.846736080839877,11.08702175469684,9.365368971952258e-05
54.327608993321505,23.568421990157535,10.839742967168881,11.264139872332056,8.617702002707798e-05
56.764812391572704,19.231337493947876,12.542398458745414,11.461374258426487,7.739730751176894e-05
52.40333233340304,26.74347410693594,10.755574538924765,10.097536058734534,8.296200172591364e-05
54.71954072464508,24.80837029826211,11.916077544728873,8.555926268498053,8.516386587760357e-05
50.006312496421636,23.16011610378112,17.59668216859144,9.236796671048793,9.256015702160508e-05
52.448955557275376,26.134077489171126,12.628390447605486,8.788494606681457,8.189926654626302e-05
54.479774289375186,20.046301868200842,13.274867026192535,12.198977069578785,7.974665264691858e-05
45.81443376123555,30.210143631019605,12.563233745470054,11.412069916810493,0.00011894546428785958
50.006409599493985,25.104496251687138,13.243101805001753,11.645891489682,0.00010085413511232438
51.17687683949504,21.954901768773738,16.21352623196171,10.654616140600636,7.901916890090445e-05
52.92625642041795,23.88209072824742,12.861290285259855,10.33026490152668,9.76645480866624e-05
54.463738818163435,20.878158566299938,12.715743608946495,11.942278562647871,8.044394227294473e-05
47.40567178773101,26.540728688254962,15.723123638737114,10.330383676070213,9.220920670664453e-05
54.311635986504406,23.678339970298676,12.853413681119719,9.156527121405581,8.324067163419032e-05
51.90394832888672,24.846327205646247,13.116006164749331,10.133635664071303,8.263664639494011e-05
57.072525098177096,17.450181796858892,13.249028985522967,12.228182087141125,8.203229990733943e-05
49.33610107358737,23.570029911158443,15.443649164619549,11.650127146884232,9.270375040363339e-05
58.65361489428488,19.94277849473615,12.002449170975757,9.401067908631017,8.953137218836133e-05
45.15603188991004,30.658327580379996,12.95219998653055,11.233347905214742,9.263796466950308e-05
49.37893632624534,27.239425977512262,12.118188301919533,11.263351689344066,9.770497879567437e-05
50.818262462248256,25.144830789139895,13.24501612410959,10.791790982349752,9.964215252890955e-05
57.41997723353237,18.93236524645078,12.462789123494709,11.18475398250008,0.00011441402207553547
49.25507081519234,22.805565068529795,15.893589457747762,12.04565599745622,0.00011866107388741846
55.76602576182943,22.609983978694995,12.097660604853159,9.52622547204967,0.00010418257274903884
49.90342745568495,27.36155992566685,14.7626250819168,7.972285050516449,0.00010248621493414865
53.229279038505375,24.90440285472351,11.083134585707075,10.783103300050687,8.022101335847251e-05
53.51155176947346,22.185565070205595,14.120068866592234,10.182729712112708,8.458161599942011e-05
55.654467400015406,22.57447645170953,11.514895681639615,10.256070183665027,9.028297041801824e-05
53.85765108736301,22.340381881460356,14.380905585535263,9.420974527158219,8.691848316649615e-05
55.95705945146325,22.091543362290405,12.263583025763012,9.687720203195072,9.395728825884833e-05
52.99615348731116,20.94008160514203,14.126339356538756,11.937335218933383,9.03320746653838e-05
56.34555262234353,21.142567145745524,11.848392129984276,10.663414799021702,7.330290495530444e-05
48.80229108074382,26.360318788186927,13.852885406330342,10.984419668094251,8.505664465948705e-05
51.701217085732495,22.5971241093904,15.447351506873975,10.254226951942552,8.034606056648325e-05
47.90851748227155,28.184373771803255,13.668586396082183,10.2384326058478,8.974399522405059e-05
55.55088322467427,21.543927778550373,13.626495836765756,9.27861247174559,8.068826399797163e-05
45.21993954693422,25.872046047362563,16.013472900446583,12.894451532263485,8.997299313807689e-05
46.13821648011442,27.52540459619467,14.030447611965954,12.305816786836438,0.00011452488850947993
55.79682650039437,21.910033125778273,12.352746494046917,9.940305770972842,8.810880761011929e-05
51.783514479281365,25.648928917888032,12.701943708651331,9.865520092086813,9.280209246638032e-05
48.94188807716033,28.915541089138554,10.58635689794269,11.556134713717515,7.922204090217671e-05
43.25689329341734,29.979722440094324,16.120847506323248,10.642422726683435,0.00011403348164888191
56.58138740206322,20.20022395314379,13.023353457832426,10.19494086879927,9.431816130929681e-05
53.52260765661705,21.683309520647835,14.917484262145752,9.876494666661136,0.00010389392821213075
53.063828653564094,23.56528783636174,13.070762393707055,10.30002893414974,9.21822173724813e-05
46.121004074234975,22.667009308437866,18.457998215951964,12.753894823135814,9.357823938619909e-05
56.40872818299947,22.52824034860172,11.451801288204248,9.61114475510695,8.542508760784339e-05
51.93448872415534,25.49436247294813,10.81273985532038,11.758317010487254,9.193708888863099e-05
48.85137987353235,26.45945461913442,13.79330900514925,10.895759645255827,9.685692815154204e-05
48.41140311228839,26.894361579673433,14.030423375630994,10.663723696993403,8.823541377438278e-05
55.18965055918294,21.22791936572243,12.766422239268271,10.81592654182242,8.129400394869227e-05
45.19812434526699,29.167011864311625,14.45836378437549,11.176419907811042,8.009823483857098e-05
49.839036359108235,31.280737636719184,9.985085918528595,8.895058665832138,8.141981183255641e-05
49.877241626122355,26.196977087161706,14.342635947978472,9.583040304174334,0.0001050345631228591
52.09141918386779,22.290326592125183,14.584065048213976,11.034090540909336,9.863488371105482e-05
51.63432631405226,23.328994667179202,13.982881168144445,11.053704235743572,9.361488049868957e-05
46.843957499311934,27.7457073079172,13.245679420298998,12.164550083316419,0.00010568915546054701
51.467553016811394,25.731991892752013,12.321139069209632,10.47922567385261,9.03473743422844e-05
56.452204209146664,21.09878117879465,12.454791744874996,9.994164515888007,5.835129569739076e-05
42.600451521315385,29.596874072976586,15.932647744008428,11.869929363525609,9.729817400824832e-05
50.23823023751658,22.660499497309615,14.818653040663504,12.282493318445189,0.0001239060651142004
53.53342864473149,23.13464133729112,12.703349673499108,10.628482161092148,9.818338612750362e-05
47.48043170896332,23.454517338295442,16.735782151149266,12.329176918912385,9.188267957725782e-05
52.31343316760424,26.104210687399615,11.618866402604619,9.963404758332956,8.498405856191768e-05
46.179663743714606,24.477084943969867,15.44993963808702,13.893213203549573,9.847067894460796e-05
58.33294859169234,17.370892064730235,12.82158761689473,11.47450441393232,6.731275037222007e-05
48.697821540398614,23.854363251924447,15.679172160394184,11.768528079901953,0.00011496738080840522
49.51443223652593,27.03535740390901,13.30061826408386,10.149494552085256,9.754339595867101e-05
51.3238634231763,24.487846113963123,12.995185689496294,11.193020844492823,8.39288714570139e-05
52.71378710374008,24.730378935603863,11.502140960813808,11.053590824820725,0.00010217502152129297
50.23284727389877,24.181337690050118,13.068678009345774,12.517040015373384,9.70113319463796e-05
50.2869106232671,28.77998243435076,12.234944205996783,8.698081944798064,8.079158728589723e-05
48.08236790491767,26.614590053761468,14.822324268442266,10.48061430930961,0.00010346356899676665
51.905708423846406,25.535445294696423,13.175080620483879,9.383684573379778,8.108759351808764e-05
57.859381296206394,20.283682454887593,11.650413514536405,10.206452262218537,7.047215106961789e-05
52.25745589761045,23.129129601074006,13.987001254622092,10.626331375568855,8.187112459504014e-05
54.24274527111768,18.969672946463536,15.146423862888813,11.641069221896085,8.869763389092812e-05
47.889996295815266,29.68470190668236,12.764961813472864,9.660253445149575,8.653887994375129e-05
53.78664798269342,21.54668684692102,13.701815484660399,10.964759710672771,8.997505238213352e-05
49.31117719553716,23.111616782562376,16.343985297386755,11.233109593164732,0.00011113134897243887
55.717826651145906,21.65036904684823,11.911165732199718,10.720550061243298,8.850856284831055e-05
53.29994845683515,24.10648435243501,13.475594599620807,9.11789379179656,7.879931247447817e-05
56.789329161985094,20.087191088413572,12.745880897322467,10.377511394803452,8.745747541613201e-05
54.83787034290011,20.2712308885805,13.506486434113437,11.38432941499588,8.291941007647368e-05
56.58121736891175,21.27090037862025,12.718772020757413,9.429027046919042,8.31847915483748e-05
51.71355818735791,21.20380635872306,17.87949172158675,9.203062507459032,8.122487326771776e-05
48.775009326236315,27.11932830209949,12.889141274540794,11.216439315152025,8.178197138053602e-05
49.143003099949205,27.526223977656517,11.454651463119824,11.876025429492461,9.602978199276766e-05
50.21503849612965,24.121957223326145,13.944128265649955,11.718782716582412,9.329831184459466e-05
50.29860525571208,24.1195055795686,15.808850907782942,9.772945936916926,9.232001946414558e-05
50.1603233869462,26.016234363151998,12.691467516652851,11.131872171117903,0.00010256213103082073
52.19502519051811,25.75634951569734,12.234557824894495,9.813983465198186,8.400369184523526e-05
52.209776671730665,22.707402046934753,13.572983123270014,11.509753714009566,8.4444054996461e-05
46.22200107065402,28.717896300838696,12.20666056419826,12.853333988850391,0.00010807545864141388
58.21047003563857,21.262893320351566,11.63134969292168,8.895198199897013,8.875119118703196e-05
53.48096739616541,26.541775266094685,10.286871225320594,9.690296412300489,8.970011880815992e-05
48.76586129143375,27.95187445703402,11.849616184723711,11.432535778307553,0.00011228850094487935
52.424275500630756,23.874523897261117,14.786571664104414,8.914537092221448,9.184578226263245e-05
46.354933013468184,30.558087698292407,11.311027477938362,11.77583704439397,0.00011476590708364565
46.95842933511371,28.165481745317273,13.798459757350749,11.077559129740338,7.0032477929615e-05
59.56051768030657,20.919443313485253,10.035201180128144,9.484758773543941,7.905253610615623e-05
51.11746107659984,23.512323285182855,14.315440067832055,11.05467987197635,9.56984089080941e-05
49.323388781713184,26.423214864314353,14.939722493152448,9.313593578548296,8.028227173200166e-05
55.0412609421441,18.35844786785661,13.2777396752553,13.322468084509085,8.343023489618518e-05
49.11969318467763,27.327893741061253,14.306437634639948,9.24588947476573,8.596485544120624e-05
52.858281616895944,22.36749722759306,14.358247710913755,10.415885480231646,8.796436560010438e-05
56.1345828509344,19.430921320481637,12.451489097893784,11.982914896121297,9.183456887659147e-05
54.927591372671145,24.59553096687387,11.15248286977481,9.32430385796497,9.093271520045805e-05
54.97555583492119,19.976554875510768,13.517356602015488,11.530461095393667,7.159215888508804e-05
53.97120987526127,24.96970068271734,10.882586438366872,10.176430564498975,7.243915552694991e-05
54.82605955638561,21.727841113205955,13.963999335184752,9.482030539173126,6.945605057216118e-05
52.87117820243281,22.66893503800955,13.338478834672632,11.121292806106489,0.00011511877853396207
42.10874172541429,30.898861339411237,15.645857072568207,11.346422637900883,0.00011722470538158684
52.62195868777767,21.650030042466774,14.48561076175858,11.242296309508285,0.0001041984886964891
50.620603063335125,28.451684711901343,11.089640966870148,9.837990510195976,8.074769739411741e-05
49.201163860945904,24.71543630407889,15.456613759951928,10.62667603763794,0.000110037385329424
55.85133611474768,21.31401693971219,11.64125687524577,11.193316651793337,7.341850103652651e-05
47.47074789584556,26.660808369958616,13.896594426401144,11.971747456480625,0.000101851314043681
52.4576722150298,26.74609564480856,11.055575812836354,9.740570214077698,8.611324758937995e-05
50.99859017919039,22.53910283408214,15.191021227649088,11.271174100843425,0.00011165823497556352
54.750484669579244,22.159802996016957,12.574145790634377,10.515481154547125,8.538922229347232e-05
58.429723328565686,18.579065579207903,12.784321923928243,10.206800414076119,8.875422203765208e-05
56.84136700135723,18.60075251290965,15.110873652086607,9.44693807266337,6.87609831474659e-05
47.026175739794226,30.412866661941912,13.64864200707111,8.912218820151836,9.677104091051692e-05
58.135593466773805,21.885751124386474,11.614821946683406,8.363753409150421,8.005300588330186e-05
46.77643980880837,27.780768945031276,15.745920934176288,9.696780066499464,9.024548457941667e-05
52.43005991375104,20.110392664130483,14.692787487570577,12.766676936187288,8.299836060227575e-05
52.257540848144714,23.601604858110967,14.701038924999752,9.439717067123054,9.830162151802657e-05
41.876216042640664,31.792934700803627,13.960343380959925,12.370423730601496,8.21449943071263e-05
47.941685476482185,24.73306193302204,15.966480982318732,11.358698320391683,7.328778537240732e-05
51.77926817824472,22.984214472563057,12.662142316627198,12.574293632800467,8.13997645668083e-05
52.3789517081674,22.039992463951556,14.239631593852426,11.341343531319183,8.070270943925257e-05
52.08960779285461,18.168584571856755,16.337675831439043,13.404051776212594,8.002763700456292e-05
47.41166999377958,29.362526362893803,12.084715889816756,11.140996607279524,9.11462303280902e-05
57.49742508428854,23.28575894306132,11.456806473686486,7.759926936491501,8.256247216945673e-05
51.15245970207106,24.496548126014236,13.500345940125252,10.850554087116098,9.214467336229823e-05
54.346218895483,20.52198082018953,14.482488238363663,10.649227773641075,8.427232271485948e-05
57.060873090282946,21.534668761797892,11.563361966328403,9.841008495214156,8.768637660726768e-05
51.65107573062583,24.753906712394596,12.48987093450886,11.105052372315889,9.425015482792083e-05
59.93673241355288,19.49169876530252,10.427391077717997,10.144108333763059,6.940966352945972e-05
52.460661103838206,25.165779420723418,11.344445940697927,11.029022562397987,9.097234245790246e-05
49.37318184569744,21.836935954075237,17.159400300710836,11.630366384005816,0.00011551551068065978
55.4301845858474,20.396900399472447,13.536683602601762,10.636141928624719,8.948345366958491e-05
57.3669981269322,18.62038304646776,13.190863223276878,10.821681727262188,7.387606097617818e-05
55.45278393197582,22.794583206033153,12.16032622576732,9.592235006558305,7.162966540371612e-05
63.158600799149056,15.904054171487195,11.529983274192869,9.407304038476205,5.771669467467044e-05
53.65156820402133,21.047353280341955,14.991083255802714,10.309898912324348,9.634750963879288e-05
51.61797402206416,25.12488428209778,12.361801534567,10.895236045668428,0.00010411560262991316
52.366023917087645,22.2127433053758,14.05080054206049,11.370358227515007,7.400796106929127e-05
51.60901048459707,23.945292020880977,13.592242211110348,10.853363886705589,9.139670600679359e-05
56.597838585905805,20.6420336044002,11.713829871149054,11.04622787108581,7.006745915524457e-05
50.59871656029201,23.72423595249275,15.321119529509685,10.355805932968442,0.0001220247371115344
47.71452968743975,27.457915238104746,14.598789109396243,10.228674238451832,9.172660743250403e-05
48.20440354722916,26.513705485206646,14.635047819572483,10.646742955842852,0.00010019214885519741
52.50436453876923,18.465124263631264,14.785923738403167,14.244489339750299,9.811944603583587e-05
54.25048999460501,24.451831996094818,12.15594205863563,9.141648033499814,8.791716471739488e-05
48.719344862473015,25.372428260484593,14.239965656975793,11.668153722407022,0.00010749765958406452
52.939767441070295,22.810948403678346,12.899014402511849,11.35018125249923,8.850024028822172e-05
49.104267985782776,23.080874994939872,14.947030924924473,12.867712871281082,0.00011322307180118752
53.21495883896512,22.699080981681675,13.675641578293787,10.410223704258996,9.489680042656976e-05
49.97698038571602,27.821624119632066,12.113997033321475,10.087310833617448,8.762771296997179e-05
56.55128151687714,18.6375939087539,14.251502506361428,10.55951884148293,0.00010322652460811523
49.89698202185042,24.80081461977414,14.43707808085564,10.865027356876562,9.792064323397883e-05
52.32746268039941,23.926115657075155,13.354948787458163,10.391394757142763,7.811792451359891e-05
52.74584803880321,21.760134029441218,14.738143674754006,10.755780092402153,9.416459939916451e-05
54.392040188729354,21.171222705440194,14.828492759005016,9.608189115466871,5.523135857179478e-05
51.86385507723208,25.458650195930637,11.829471421917873,10.847901289272688,0.00012201564672027076
51.935519310278735,22.428840124970893,14.355949428735032,11.279614931389546,7.620462578263423e-05
51.30613788232806,21.85554074053495,15.118058997089054,11.720191074006872,7.130604106643504e-05
48.41251323340704,24.84132010336964,15.97719491040296,10.768854934047011,0.0001168187733438452
52.361290528482016,23.35035475234362,13.265078336675348,11.02319716205162,7.922044739955941e-05
50.59137353963599,20.313732746774775,15.766609069181929,13.328202445595577,8.219881173502223e-05
55.5001430576205,23.718954887594055,11.303330459370601,9.477483075891161,8.85195236748028e-05
52.93397943343629,23.88765892500924,13.249808115790646,9.928462909092858,9.061667096350186e-05
52.01843777967399,23.935073835009927,12.837130875920163,11.20926011168515,9.739771077411348e-05
55.102205296508714,22.61878536353178,11.9174365705268,10.361475537553124,9.723187958820386e-05
49.203197065614276,25.960563311388274,12.790330391303694,12.045794166611344,0.00011506508241624437
50.68914322654303,24.603785692353863,11.261501601560797,13.445487945921112,8.153362118941957e-05
50.83874906080137,23.156673769669993,15.679643683749351,10.32486144170898,7.204407032442908e-05
52.94307003474611,20.54099056937603,14.665255379006807,11.85057014504442,0.00011387182661853776
51.8273034567703,23.126782774401324,13.891145819052294,11.15468777752923,8.017224686442162e-05
54.11180239718275,20.82526770184205,13.192314961735024,11.87053542442777,7.951481240715194e-05
58.42250900481475,21.509989982148806,9.72739044168006,10.340039696855548,7.087450084719289e-05
58.67885067970836,19.463198766260682,13.307991325357913,8.549880037867617,7.919080542106028e-05
54.56532426321493,24.00035407563418,10.608198936954752,10.826044222138956,7.850205718251372e-05
53.54538160910983,24.106017029545367,13.413930385318126,8.934599314121547,7.166190512970636e-05
57.23409310218476,19.654045376710332,13.483460145675702,9.628309375537452,9.199989174334575e-05
51.00494861848177,25.44802078799102,13.440575791808667,10.106352979376975,0.00010182234156890699
50.18522819307506,27.892673855990406,13.17218878294592,8.749810642818234,9.852517038681553e-05
53.43828650561502,24.878316907536355,12.904725848336515,8.778572119545577,9.861896652621022e-05
52.44523318337833,25.17581073487104,14.166676097073106,8.212194361958716,8.562271881029808e-05
51.97246914147028,23.52852401656034,12.95543519439257,11.54344673203245,0.0001249155443737727
50.71072755894325,24.396568640158513,14.26833539559893,10.624256287409532,0.00011211788978313285
49.07798039545167,22.680652529819604,15.186369038829103,13.054920923662877,7.711223677350848e-05
54.530726384436846,23.677306827024076,12.297411776343047,9.494462954931414,9.205726463260935e-05
47.211268898830824,26.134912201332476,14.406910557954097,12.246817458981674,9.088290092632858e-05
46.663340461791385,25.594011896405267,16.26664280092201,11.475902123864113,0.00010271701721926131
47.506230019779174,27.598115276769146,14.024379870460985,10.871192676259993,8.215673069572504e-05
55.14153624258401,21.84091060079852,13.543418537239532,9.474031385375701,0.00010323400222910017
54.143954414195626,19.308624431587308,14.73028875602532,11.817054963210301,7.743498143571231e-05
43.593261039788345,27.999634865226692,15.163501842286397,13.243488960383207,0.00011329231535067622
47.57838794688842,28.961104856754567,12.947891159644334,10.512528008206452,8.802850623043274e-05
51.7749515735208,21.574133945813738,15.651821089488418,10.999000398829093,9.29923479477023e-05
60.82251883468307,17.1436515985328,12.169335365574437,9.86440137823713,9.282297258788952e-05
57.69732953024661,21.30345060563884,10.484402922636207,10.514736329911353,8.061156698538107e-05
58.460849684316344,18.563189045000392,12.435901270094295,10.539962792168486,9.720842049591552e-05
46.09574025986477,29.632692304104065,13.803816539288762,10.467652351367251,9.854537516355724e-05
54.95521052420189,23.423503949602587,12.436075352990708,9.185134055058045,7.61181467807179e-05
52.85178975165953,25.041551889191755,12.350626983510878,9.755961292916199,7.008272163409186e-05
50.396357617477136,24.36278045732391,14.813180889649216,10.427569175687827,0.00011185986189543756
49.9037846740713,29.970121425184225,11.639693240505995,8.486315190233702,8.547000477430224e-05
56.7952447064876,22.079502472651598,11.470780666100493,9.654375209403828,9.694535646359425e-05
59.189993450090824,19.962700137294128,10.806007830264898,10.041197737608373,0.00010084474176074825
53.18343702478197,22.71517821825035,12.959845790095182,11.141465946640409,7.302023208215916e-05
56.41910518430674,19.82170298156699,14.217942785796623,9.541154672280989,9.437604865058645e-05
49.47756570142287,24.990781044673117,15.897698872720408,9.633871241349288,8.313983432838435e-05
55.242161204168525,19.105607442473314,13.348079580894554,12.304074568584387,7.720387920783016e-05
46.480452988848405,27.688282858956814,15.845586533225466,9.985579885989997,9.773297931940058e-05
58.36693479506353,18.961160862824027,13.802847493389342,8.868948963475624,0.00010788524746261485
55.275451720715786,25.00696495075655,11.637105092352366,8.080371277828966,0.00010695834635449225
53.08365594617462,21.730372954267928,14.423339750702588,10.762552878051755,7.847080310035769e-05
58.73331905958273,20.95736558241259,10.897630332883928,9.4116053603515,7.966476925455868e-05
54.176593100068516,20.978934365543722,13.135279034080083,11.709108425715396,8.507459228880557e-05
52.28724931379699,25.274466307740646,12.318000579099147,10.120182174669774,0.00010162469345330426
56.8684353967077,21.092248120846087,12.6974020547631,9.341833104123735,8.132355937891688e-05
53.44003747127931,23.41101097366323,12.799057277670409,10.349816974008046,7.730337899957474e-05
51.37879829580193,23.834375786880845,14.746231822516236,10.040495691275773,9.840352522853184e-05
45.53140425791535,27.2235114139471,14.12293212094213,13.1220540464454,9.816075001152804e-05
53.192633598634956,23.34041119556557,13.040255161562703,10.426606284925413,9.375931136993311e-05
55.93742255689611,21.24724936742656,10.55917939889706,12.256052487243913,9.618953636167648e-05
52.20149391119659,21.549830771702013,16.026982272697552,10.221594314973258,9.872943059110575e-05
55.27300543759256,23.823211092719603,12.2395638637181,8.664137555576902,8.205039283924081e-05
50.53307501570203,27.32829642149191,12.320579180319253,9.817959423993015,8.995849379154362e-05
52.3912643236871,20.829303559966878,14.564452529993238,12.214870539464606,0.00010904688818089115
54.55458838103279,19.725460271673295,14.256254894268103,11.463609288399807,8.716462600558779e-05
58.673997833242474,20.595207700760497,11.692186437021121,9.038511219077595,9.680989830825558e-05
48.269029141489106,27.023662553386853,13.578804897614996,11.128400756610828,0.00010265089822544722
56.058088640320136,20.070946678793614,12.16046729357082,11.710416692812007,8.06945034323239e-05
49.27443428965188,23.046073606417828,15.66861673872312,12.010768212971556,0.00010715223561205175
53.69242816722431,19.2290074671146,14.874203340417544,12.204254187515726,0.00010683772782478814
51.04053732712634,22.194388120443175,15.194074076589576,11.570915352188106,8.512365280919919e-05
52.84635985012982,26.30183527905779,12.419305084584394,8.432410559216143,8.922701183857295e-05
51.072075861564194,23.783170502355254,12.680684869628344,12.463985599587629,8.316686456624438e-05
51.29794159472396,27.572402053781186,11.139874804295081,9.989682429444683,9.911775509348318e-05
49.55548890549212,28.033244961764485,13.125037540079273,9.28612992463459,9.866802953140286e-05
48.568087402929635,23.591567842549203,15.655658889160492,12.184585831343409,0.0001000340172589095
48.63922348120412,22.208988572484024,16.27963652879206,12.872043306523704,0.0001081109961006158
48.572663066052016,25.635797708796087,13.53045003220514,12.26099828218196,9.091076477852399e-05
50.615270078052376,24.89355753239229,13.740381722535567,10.750725341303601,6.532571615986684e-05
58.2104718643346,19.515057716900806,12.895169005553331,9.379220236427718,8.117678354855264e-05
46.92996047403397,28.678257156890062,13.204534241399779,11.187175371064804,7.275661138971147e-05
50.08441699816208,20.455428372756394,18.348277685786183,11.11176863173058,0.00010831156474357874
53.454880885322964,21.740327748989767,13.451302539941842,11.353409679780157,7.914596527231923e-05
50.7025270896571,19.86277091999959,16.178031704306115,13.256573917608334,9.63684288791606e-05
56.15061860563143,19.388495596480833,14.438602486211463,10.022201570749784,8.174092650044384e-05
54.58896888276756,22.00408192992716,11.432228683949377,11.974656268464111,6.423489180186924e-05
50.68338673700258,21.869572676024788,15.810143343232566,11.636803445171275,9.37985688063788e-05
49.02127029273639,25.37573176145343,14.53477621087542,11.06812721373453,9.452120023082346e-05
49.85465660910142,22.69720777677119,16.566625072287724,10.881407027171393,0.00010351466826936228
57.583896270497426,20.534417296036978,13.018498803546255,8.86309524211057,9.238780876460881e-05
48.853641175419185,24.48442873778371,14.69637466801389,11.965437250115661,0.00011816866754105718
56.07164596828744,19.682666888117563,14.46903414017002,9.776568806110173,8.419731480172774e-05
51.866183404617615,19.735674341028712,15.622940502425712,12.775109797860587,9.195406738045315e-05
50.02038723316362,28.38587088729122,12.611691535278204,8.981972783624487,7.756064246745864e-05
55.1118687164875,24.754235907588313,10.265160158572746,9.868668373644258,6.6843707181984e-05
49.280590633464385,23.519490180160155,14.966080452970342,12.233748304824966,9.04285801681093e-05
51.38773636385054,24.855509338082484,13.99275119750085,9.763917848732191,8.525183392287753e-05
53.13181044058264,22.467552124859218,14.061743651214284,10.33880381689986,8.996644399783275e-05
50.331686540346055,23.93314206438006,13.286760437667056,12.448315358213167,9.559939367391591e-05
59.74241530379826,18.932027867477423,10.52411940544772,10.801356940907292,8.048236929668781e-05
49.18212773471222,26.670010359476837,14.503466146977,9.644306903607983,8.885522596863683e-05
55.407072023359596,22.042976439048793,11.556457162001605,10.993396017818027,9.835777200052546e-05
60.1690507853208,18.107831670508805,11.10237363084703,10.620686016505465,5.789681788706119e-05
54.174278987266256,21.603949787814706,11.61714554508095,12.604545978989567,7.970084852331965e-05
54.82660403684816,22.9611801712391,12.168788957964495,10.043345026904053,8.180704420281656e-05
46.08579142158193,28.8612350426449,14.56528712760861,10.487586430731566,9.997743299203579e-05
56.63042756527119,20.89126566358425,13.04065994807436,9.437559125055497,8.769801469334966e-05
50.98967376393233,21.68470479405319,15.250168134250089,12.075358964027796,9.434373660001606e-05
53.86633895927717,23.467155979512654,13.891853801144965,8.774567743345496,8.351671970290772e-05
48.95927317120961,25.855862804258717,14.141957656288048,11.042803924107448,0.00010244413617518335
57.8034929726036,23.857979265406932,8.778227127067083,9.560213341121267,8.729380111735815e-05
50.47655483727118,22.629752385128164,14.813681464872461,12.079925437273163,8.587545503780336e-05
58.05078888380228,19.489313248740416,10.798523707924037,11.661301802432607,7.235710066239477e-05
55.752502760844166,19.961670918253795,15.351868768598505,8.933871404965638,8.614733790524881e-05
59.431214388381115,19.150735545273008,11.790407438226335,9.6275688183008,7.380981875155607e-05
56.845504817828775,19.21399681953878,11.876003284615319,12.064425996979393,6.908103771879715e-05
51.92554636821083,24.403879328088625,14.092573011891277,9.577886971574241,0.00011432023501157242
54.75756338317361,23.93329806226007,11.565502127838103,9.743565031118443,7.13956097756502e-05
50.585535970172316,25.09251210028412,14.468142200172387,9.85371780068563,9.192868555736857e-05
54.214067408937225,24.260635974170917,10.329933901099638,11.195266589750458,9.612604174382565e-05
53.25661412204843,23.101743049471015,13.64063893740137,10.000888904820243,0.0001149862589455861
53.66462005278814,22.978443586128428,12.174111319448267,11.182734291419273,9.075021588684812e-05
54.574789528208136,24.75859469375817,11.970467309759385,8.696046309810363,0.00010215846395742118
43.64804700292398,28.98906734904007,15.704341391508422,11.658430644777892,0.00011361174963434676
52.963942957752494,26.807716116355675,10.691640975715726,9.53661215746973,8.779270636460352e-05
55.12980607604913,22.597011376428693,11.341049335043694,10.932057175027738,7.603745074751003e-05
52.97566570773344,24.8061272021028,12.070610451352083,10.14751497056521,8.166824647382783e-05
53.477552094027715,20.325717458172527,15.429726487239078,10.766905582766299,9.837779437976716e-05
48.25139082093533,27.82510063489607,12.219378085982491,11.704019845894335,0.00011061229175735813
57.224276653036796,20.00220678118623,12.143240412169325,10.630207333970422,6.881963723840979e-05
52.10911751112545,24.29161508078065,12.873334093557052,10.725846725894218,8.658864263377336e-05
51.58282575187141,27.499906749861047,10.515983812540501,10.401192211421396,9.147430565421945e-05
49.30966127202468,27.919825798159188,12.03247298431602,10.737935948012547,0.00010399748757629416
52.269152279131056,25.56494788454086,11.165472693502538,11.000327177129865,9.996569567663751e-05
57.57269752477624,19.986312707464453,13.045218746751749,9.395700230672688,7.079033487883792e-05
49.74563461777417,25.19281156730726,12.373065978009642,12.688403434486306,8.440242262258088e-05
48.69094957396255,25.76886363752035,13.810021187176938,11.73005948391757,0.00010611742259685565
53.433133065678575,20.712048677595288,14.120582294885445,11.734123266615988,0.00011269522471209772
54.073285067629264,23.095545683081788,12.490010979839246,10.341059649267804,9.862018191649867e-05
50.30323999366229,27.624929169267332,14.04522726697928,8.026523031922741,8.053816835498514e-05
51.205430297615564,22.777292241030416,15.83538148327032,10.18179927653165,9.670155205022958e-05
50.91180125213158,27.224215305075163,11.771581492902229,10.09231740757138,8.454231964537098e-05
52.49989082772103,21.566570696586663,13.620607485749476,12.312853907142301,7.708280053258341e-05
48.87490167712688,21.677335498343894,16.7649605396149,12.682715475364764,8.680954957183224e-05
49.86532037778596,21.65771962027538,15.744943234380418,12.73191816748493,9.860007330422078e-05
58.87183451628199,21.705041898794804,10.166117191542067,9.25692305258257,8.334079857200718e-05
46.09371514558402,25.470375635529948,15.186482178530264,13.249333620790868,9.341956490863572e-05
49.02114500684897,23.16064120761675,13.327041271628875,14.491084116897213,8.839700820376903e-05
48.81808316637751,27.233846516091326,13.709760183583056,10.238216142975663,9.399097242765736e-05
49.706110506911614,23.499220645158434,16.70404434393698,10.090539609595526,8.489439742549759e-05
54.248287835889606,26.06303148383701,10.407909409678181,9.28068337328092,8.789731428705035e-05
54.02742510476747,26.337274947316676,10.248667630392344,9.386550180030374,8.213749314285688e-05
54.4979524610493,26.036665742185434,11.664696506903589,7.8006023033976915,8.298646399459918e-05
52.09318118474915,22.465637849094044,13.090540320872526,12.350572009486367,6.863579790654487e-05
54.23011694563533,21.774355140675265,12.98831560484973,11.007131153317708,8.115552194673992e-05
45.4190803934055,30.33011598161487,14.083276023874241,10.167432016590757,9.55845146274002e-05
58.48771744257122,19.088887761969463,12.211527050060692,10.211774079859955,9.366553865504183e-05
53.14762908765995,21.120448119227635,15.099099766144189,10.632725299228994,9.772773922478415e-05
54.051216994363585,22.858883010001303,12.738955324335798,10.350855797572626,8.887372669370284e-05
55.37335294172191,22.084667669484,12.284084722607684,10.257806053146885,8.861303950425183e-05
55.42980177320984,19.804316840131627,13.420128693687024,11.345662481065172,9.021190631825262e-05
53.71459760331635,23.572606146511706,13.282417235172503,9.430289324705997,8.969029343750249e-05
42.638573156571944,28.900923811690532,16.406456459696585,12.053928076391314,0.00011849564962793109
52.322770593190825,24.702296040079265,14.090883662216571,8.883970627211482,7.907730186551391e-05
52.10746336900357,23.46582446930425,13.190673121772598,11.23594483983612,9.420008347373553e-05
48.619882973224904,24.710050667943285,14.834342457533747,11.83564058062918,8.332066887356829e-05
56.23343195967203,18.12689601144815,14.094007497933372,11.545582342448492,8.218849794843164e-05
51.326368262107195,26.627116367721566,11.514610191407474,10.531817924080618,8.725468315060128e-05
53.157947733749246,21.834977328415146,15.82576799581128,9.18122656357285,8.037845147089188e-05
47.57200264835609,30.96768924970208,12.323036505594816,9.137171684506233,9.991184077742735e-05
50.127976889393366,26.387078341607385,13.036672087455639,10.448181850864977,9.083067863954665e-05
47.599653665274936,28.42079775253179,12.867890193629439,11.111577285288028,8.110327579517066e-05
53.929635117959954,21.82590662009422,11.450175780873103,12.79420160694283,8.087412989830729e-05
48.74719835726563,25.215455571289937,14.359298193925069,11.677944929307548,0.00010294821184264333
52.162195497891474,22.452938326082084,13.530251599606254,11.854513983936341,0.00010059248384533736
53.42160705690926,26.271602149654434,10.507733013582314,9.798966601729099,9.117812488863966e-05
50.48382733860623,27.329906450800596,11.907283260900293,10.278895482809727,8.746688313400067e-05
52.49616448378569,24.7253630878002,13.343289888749277,9.435105687287692,7.685237715200787e-05
55.06443733223074,20.80627588263664,13.876764139704068,10.252441640130273,8.100529826512867e-05
56.31921835893742,22.26855097327965,12.44568142525792,8.96646350831424,8.57342107947305e-05
57.621427481415445,18.466485433153647,13.06086661294062,10.851137552230258,8.292026001837711e-05
52.079033220550805,22.94824982345885,14.360497709667417,10.612135284602491,8.396172043766848e-05
49.470567781826205,25.425565459910583,13.756716624568458,11.347056416361607,9.371733316065027e-05
59.45731067436083,23.213747202672053,8.495453392644372,8.83340519067861,8.35396441413599e-05
55.83433702731545,20.52620116724235,12.428110289402298,11.211250709913172,0.00010080612673024805
50.89702238083882,23.612040036638398,13.022951397818089,12.46789473270746,9.145199724697847e-05
49.814413699742104,28.08498827693977,12.124471431197524,9.976046548935603,8.004318500207287e-05
54.167147863420475,21.66214267582791,11.703655474946405,12.46698457475893,6.941104629939703e-05
57.11651415571855,22.290738748406362,10.389830069156092,10.202815612504597,0.00010141421440480512
53.97349968530344,23.538856086604003,12.812597738477708,9.674971100908545,7.538870630942423e-05
53.99165146259841,23.897154566254937,12.142633056789414,9.968474057641876,8.685671535323704e-05
54.001808835697894,24.111732607497714,12.999813864003379,8.886574638424054,7.005437697092334e-05
53.062069610469266,23.01696210752074,12.464645847322906,11.456238629249972,8.380543711579265e-05
53.819841967667614,22.362992093085595,13.911543155393058,9.90554453605236,7.82478013658351e-05
54.432734172066155,19.00393742298103,15.594105534606651,10.969132917814276,8.995253188652492e-05
53.5730688613091,26.588860035256285,11.055243434127316,8.7827337996431,9.386966419830793e-05
54.92355593142636,19.524334094815796,13.781187539123998,11.770852454465919,6.998016793527349e-05
53.22362391524865,23.07009112965805,12.219658281483778,11.486542018382256,8.465522725424299e-05
56.26671140762613,17.947471365584956,13.932026533922851,11.853713440691536,7.725217453193987e-05
51.880691141467615,25.5474569586842,11.372140906877018,11.199637776746139,7.321622504242266e-05
50.59120451284136,24.50540858253909,15.592388446145078,9.310916058065779,8.240040871920675e-05
47.63092171818843,24.739575422158232,14.530133424850789,13.099259371892474,0.00011006291008297456
49.074304531739074,23.982544588579184,14.152729765065866,12.79033126499662,8.984961924882705e-05
54.1211390826821,21.591269545948247,13.943231478447835,10.344256469707142,0.00010342321467344505
51.941425990642685,22.806490607610456,14.55221427747121,10.699777328902295,9.179537334412005e-05
55.683522451166255,19.789109708555387,14.167571415916521,10.35970410065557,9.232370625757552e-05
53.31148385485199,20.46694066327889,14.403159467187528,11.818303850868512,0.00011216381306199741
52.14155075182012,25.32895508359541,12.058319428238121,10.471097254330664,7.748201567778347e-05
51.005096954641516,24.51097493136931,13.276969016422305,11.206874286711036,8.481085582961033e-05
49.5219311150631,22.148469131722642,14.96513323878051,13.364388049655979,7.84647777771335e-05
58.46508757820087,20.44747952087378,12.734656874778155,8.352713006856222,6.301929098834936e-05
50.46455725719595,27.355306891451654,12.402012095899934,9.778005589354205,0.0001181660982520647
55.80803495505203,19.33752898621604,14.521661825086083,10.332665211487654,0.00010902215818519326
54.07634299285827,22.35322516102276,14.6217960342469,8.948542992405955,9.281946610520636e-05
52.119784699810076,19.034526099464983,15.24253300711082,13.603029535771716,0.00012665784239366425
58.630507110082476,20.04115660575972,12.17461783673451,9.153638655210933,7.97922123601297e-05
51.37034028962145,21.673264610205017,14.256911243659973,12.6993948926611,8.896385246635213e-05
52.39504548272726,21.85213935382018,13.907429709731783,11.845296988654757,8.846506601575466e-05
56.472825613262515,19.525750182126014,12.679359875998228,11.321988893135618,7.54354776231058e-05
51.122661795673274,23.144917056142557,14.388580381338132,11.3437479344586,9.283238744486113e-05
50.901808947707536,22.9711582112545,13.635822276532531,12.491103335501267,0.00010722900417093531
55.29270739061448,20.183175823823834,14.508709235404718,10.01531824025096,8.930990599552866e-05
53.05846046379353,23.49015288644564,11.261658786232989,12.18964210718532,8.575634249648602e-05
51.758479284965716,25.485030764201973,13.134200618005407,9.622206066067559,8.32667593516422e-05
56.20188911679035,20.67304804679392,13.820196433361472,9.30478042823551,8.597481875273892e-05
52.63111548388194,23.682149542052493,13.292578717027972,10.394077131274724,7.912576287130913e-05
53.8520707180936,19.09645522785634,14.306198020479744,12.745186664975398,8.936859489195674e-05
52.367184606968976,21.66887953856728,13.581696812333554,12.382151943804628,8.709832555244176e-05
53.81511924529985,20.66544960835376,14.174542464516415,11.344809824276481,7.885755347454242e-05
45.49803552473268,29.91050151612718,13.69388224016315,10.897486737124963,9.398185201253208e-05
51.43746585003595,24.678459646810232,12.996773197030079,10.887215277382335,8.602874141799823e-05
52.69797078836841,24.565243912793182,12.186245855482927,10.55045294899206,8.649436341293308e-05
56.32543349460754,21.727339824795305,13.531832315006035,8.41531229367064,8.207192048416442e-05
50.83245676742604,21.830701575158233,14.319885975927843,13.01684900649649,0.00010667499139474336
53.492143143820435,22.205931068252653,12.464657113204456,11.837184035180547,8.463954190625038e-05
60.617930460643464,19.579357722880314,11.337839002367732,8.46479134720623,8.146690223239723e-05
54.49192981770289,26.08245503605118,10.803547801031867,8.621980693858585,8.665135547480861e-05
49.14895925310042,26.07455888215857,13.845360431354091,10.931024805413395,9.662797354822284e-05
47.93324056710922,26.53751405179034,13.421918697787325,12.107255360923022,7.132239008981529e-05
55.748629055786004,20.44125671148351,13.658147943478852,10.151880226851622,8.606240001193443e-05
59.68916863955855,17.088271632392793,14.682086750624993,8.540383751918021,8.922550564956749e-05
46.145771966026324,28.803040094200405,14.379862840707752,10.671224485013454,0.00010061405206243825
46.264346940111764,25.580723298649044,17.74394627545268,10.410887387046447,9.609874007064966e-05
53.53687496945901,21.61910267674589,13.356470055354016,11.48746164019814,9.065824294490039e-05
52.02999943677926,22.036315007619546,15.437621756541942,10.495941566483895,0.00012223257535173157
55.10259747488869,19.956293090044138,13.418803987339043,11.522211596195717,9.385153242625942e-05
51.26444028507798,27.68353830339248,11.887768766893657,9.164158427826484,9.421680941326191e-05
57.921634749313796,19.342345758645756,11.573729664834694,11.162221297530854,6.852967488662512e-05
56.08825157296536,22.054857951830492,12.850540589572383,9.006256455231735,9.343040002095591e-05
51.55012520972429,22.058844309815907,15.74946109878555,10.641462319462937,0.00010706221131469689
61.1361329281211,19.77799633312876,11.885702635563042,7.200090606966055,7.749622102942116e-05
49.1816933774701,25.005929223367534,15.068807457833291,10.74348159916265,8.834216642055621e-05
51.686960709619065,23.75646562507306,14.620914939502274,9.935563176249433,9.554955617055695e-05
55.48586018813375,19.150303003208748,13.741027163050035,11.62273416476399,7.548084347357861e-05
47.34248771067783,25.058515561444427,15.093401461444248,12.505488034616247,0.00010723181725646766
50.8098168675046,23.350806445954444,16.43265809697061,9.406616767086607,0.00010182248373538171
50.53904626982426,27.619035491185233,11.348559874032597,10.493277718920197,8.064603771289986e-05
52.929773652366684,19.21671066821997,15.681589227722656,12.171822533657746,0.00010391803292808145
51.25995403198308,22.329910172054202,14.555620937109262,11.85440450802088,0.00011035083257662513
51.28165748353596,23.326242575068143,13.656670761417832,11.735342924884087,8.625509397831937e-05
49.02001930418394,26.722220304456425,12.177150242355236,12.080511741300295,9.840770410480904e-05
53.720948758943855,23.97292813310695,12.810581688329082,9.49544792543077,9.34941893414814e-05
58.07333448589128,18.53766866150864,12.100186222133388,11.288723157578211,8.747288846851724e-05
55.05532982761654,23.330434533886,11.363790453057558,10.250368934965834,7.625047406686357e-05
56.79827080412869,22.892768993215494,12.36509246799143,7.943775240167418,9.249449696168788e-05
52.648978882785826,25.731260399370765,10.837746546580073,10.781915957993876,9.821326947028321e-05
57.168039002186056,21.087295827939585,12.05790925615042,9.686668268507589,8.764521634553997e-05
55.018311900597915,22.330967053745848,12.52821696826899,10.122406343512319,9.773387491576781e-05
49.49232382489268,27.371143049698738,13.411555785251931,9.724871766464428,0.00010557369222732037
52.14263724236049,25.98712960093661,12.439947420927517,9.430196861833757,8.887394162081744e-05
46.918503888266436,26.833922232434276,15.097410363720257,11.150076002197912,8.751338110870375e-05
56.76046182761555,20.79360007588839,12.302591346107613,10.143272687120596,7.406326784572124e-05
52.83717707987808,22.318450934162538,12.142971154365254,12.701288297623131,0.00011253397095968982
55.535508877125096,23.997309813301385,11.299338822318358,9.16777781218708,6.467506807806651e-05
50.23793518393249,20.441442561463443,16.368868990331944,12.9516688030265,8.446124562029368e-05
51.49172642326265,22.518573747115635,15.436445857603326,10.5531585188343,9.545318409032052e-05
51.29464277364123,28.270763845500436,10.833612432629824,9.600890636712004,9.031151650715214e-05
47.64073239712425,26.763797449926585,14.341195672657953,11.254157952387711,0.00011652790350898393
48.69504083465205,26.07298820018315,13.657890570468714,11.573977336621239,0.00010305807484043692
52.098309773286246,26.647105587366333,11.894399807104572,9.360082587942957,0.00010224429990132275
52.967086286653156,22.51629276064657,14.169439783604949,10.347102799187565,7.836990774551639e-05
46.240833235628145,27.513066779930774,15.545802676614425,10.700203955907664,9.335191898390108e-05
51.46903738490718,26.834219578406632,12.225049851971718,9.47160859730635,8.458740812736938e-05
46.999772409260636,23.312515441306523,17.153944040016096,12.533669024137728,9.908527901425876e-05
52.704258054076234,25.96419262438693,11.86903702269146,9.462411311548863,0.00010098729651002353
58.88413211575442,20.183430470129775,11.766918585920067,9.165441565269305,7.726292642973082e-05
55.979062948745394,21.95091452255302,12.992597368672964,9.077345056645239,8.01033833614317e-05
51.3149914968817,21.94503142949854,13.427113458715684,13.312769881938255,9.373296581202351e-05
56.392868139972705,19.103938232479546,14.75935762315665,9.743715249017331,0.00012075537375259724
51.13391936881083,25.735193243406158,13.39800617392562,9.732790921835148,9.029202223864793e-05
55.884766060057586,22.657610869505724,11.558523452063657,9.899031170603797,6.844776921931946e-05
52.96364760876724,25.94983016728293,10.1476688448316,10.938752508313272,0.00010087080496171374
56.03981503891746,22.626681706166295,12.125460364431321,9.207965680327321,7.721015761288877e-05
51.773596821479096,26.457345004912884,11.631377522451286,10.137586059692573,9.459146415926735e-05
56.19733901307992,21.021813653601818,12.728717549028302,10.052051796547756,7.79877422130227e-05
59.04726506196308,19.641040150023308,12.332432806806409,8.979189526659423,7.245454776654527e-05
52.797868390650514,23.903059841838946,13.775242402899554,9.523732587798122,9.677681288488001e-05
45.900130287413916,27.550119682684894,16.805982673281637,9.743665356244845,0.0001020003747102576
54.61461418126906,19.51820813098826,13.212329117499277,12.654763523137817,8.50471055592461e-05
55.706949248389115,22.082317527867712,13.132155254453506,9.078483208181112,9.476110857730583e-05
49.74965185104849,26.951859907476468,12.213341821598528,11.085051197714996,9.522216150957856e-05
54.399158775481496,23.33780736498026,12.24987370366373,10.013063347893654,9.680798085365815e-05
55.943793654291916,22.283787795317068,11.48835049697165,10.283983511273968,8.454214540221668e-05
53.060169126142945,23.218185835503625,13.741752647421347,9.979790868906267,0.00010152202583709224
53.41739828875788,24.771000167666237,12.159296723502386,9.652209495132483,9.532494100835495e-05
54.97292200925929,20.41872347585626,14.040022797401313,10.56823433037472,9.738710841391586e-05
55.16638656931162,24.30154961565606,11.764839185559445,8.76714445555739,8.017391547903704e-05
51.629948608387565,27.205923767515745,11.662456128263281,9.501583994397459,8.750143595213054e-05
50.47473059772327,28.14019687111504,13.271464307335549,8.113521574078206,8.664974792405887e-05
60.38012640749345,19.433778927136945,11.225418366056573,8.960585267631304,9.103168174653075e-05
56.35016393907175,19.842314713068607,12.493855400931661,11.313597458865408,6.848806256954672e-05
52.566566200574925,24.821930357083634,13.648974402770106,8.962451514001133,7.75255702056841e-05
52.068920483244874,26.35504078660557,11.839742829583424,9.736196283688926,9.961687721152671e-05
